"gene_key","symbol","ensembl","baseMean","log2FC","log2FC_unshrunk","lfcSE","stat","pvalue","padj","direction"
"ENSG00000182566.13","CLEC4G","ENSG00000182566",263.742124600838,-7.44944296243816,-7.49647432784453,0.294991198923851,-25.4125355440847,1.83313086468177e-142,3.62831592046463e-138,"Down in tumour"
"ENSG00000136011.14","STAB2","ENSG00000136011",841.152163153348,-5.47359493379379,-5.50795443125791,0.23621922313004,-23.3171304107869,2.97164390208364e-120,2.94088738769707e-116,"Down in tumour"
"ENSG00000104938.16","CLEC4M","ENSG00000104938",703.829245416264,-9.24057819430986,-9.3910810574767,0.414114044039406,-22.6775237223857,7.46748848549325e-114,4.9267999864456e-110,"Down in tumour"
"ENSG00000160339.15","FCN2","ENSG00000160339",344.22440410029,-6.66081163659567,-6.72879083766041,0.298833510841052,-22.5168550164356,2.83809282500356e-112,1.40435928213239e-108,"Down in tumour"
"ENSG00000105697.7","HAMP","ENSG00000105697",2545.31123784317,-7.212035296945,-7.3052032612579,0.326312570767787,-22.3871340416624,5.25298680162704e-111,2.07944735529208e-107,"Down in tumour"
"ENSG00000160323.18","ADAMTS13","ENSG00000160323",770.405712917436,-3.44749225111388,-3.46461525599641,0.158431928778597,-21.8681630824434,5.22177866242845e-106,1.72257775109077e-102,"Down in tumour"
"ENSG00000263761.2","GDF2","ENSG00000263761",124.939176279195,-8.42707057396643,-8.53562355991613,0.392207179843848,-21.7630476915656,5.19765314797648e-105,1.46967355368426e-101,"Down in tumour"
"ENSG00000142748.12","FCN3","ENSG00000142748",553.15810785027,-5.46373909191223,-5.50529659706447,0.255893455818949,-21.5140187131616,1.15088799696578e-102,2.84744076549296e-99,"Down in tumour"
"ENSG00000019169.10","MARCO","ENSG00000019169",939.547021812006,-6.25571778525077,-6.31902864613218,0.2992640877849,-21.1152253279187,5.76345842779805e-99,1.14076132661407e-95,"Down in tumour"
"ENSG00000160801.13","PTH1R","ENSG00000160801",260.96620656217,-4.58613468029454,-4.61681140990021,0.218639192412122,-21.1161199369863,5.65536846423568e-99,1.14076132661407e-95,"Down in tumour"
"ENSG00000145708.10","CRHBP","ENSG00000145708",353.563052502829,-5.24033270128007,-5.28171920956941,0.255918879684011,-20.638255435046,1.24474804423188e-94,2.23975436722559e-91,"Down in tumour"
"ENSG00000129965.13","INS-IGF2","ENSG00000129965",976.798462026421,-8.01029291584624,-8.2275701129216,0.409744679124343,-20.0797485168192,1.10955043043687e-89,1.83011097246975e-86,"Down in tumour"
"ENSG00000165682.14","CLEC1B","ENSG00000165682",71.3820882304176,-5.1424141353664,-5.17570380882109,0.258222771912018,-20.0435607227722,2.29730550431367e-89,3.49773598822157e-86,"Down in tumour"
"ENSG00000114812.12","VIPR1","ENSG00000114812",350.3184757349,-4.34389148083202,-4.38494429407924,0.229457780133348,-19.1100266529684,2.0836244641689e-81,2.94579850137821e-78,"Down in tumour"
"ENSG00000130812.10","ANGPTL6","ENSG00000130812",138.483457792474,-2.98863749116176,-3.00786493837294,0.15837225533005,-18.9923729513386,1.97212195718728e-80,2.60228065990719e-77,"Down in tumour"
"ENSG00000164161.9","HHIP","ENSG00000164161",326.845095877171,-4.45622638848181,-4.50241436446419,0.240707770887918,-18.7048982583976,4.51593840277387e-78,5.58649805038145e-75,"Down in tumour"
"ENSG00000164100.8","NDST3","ENSG00000164100",69.6936434500715,-5.10245654445087,-5.1346216987497,0.274912641600471,-18.6772847871137,7.57768653554547e-78,8.82265585870891e-75,"Down in tumour"
"ENSG00000117724.12","CENPF","ENSG00000117724",825.380881918214,3.62198258226589,3.64940748879933,0.1974129972469,18.4861561279833,2.66916121620945e-76,2.93503933069076e-73,"Up in tumour"
"ENSG00000100170.9","SLC5A1","ENSG00000100170",59.139371917273,-6.08520985970666,-6.15415352751438,0.333177487205652,-18.4710965291474,3.52843785958244e-76,3.67570371340606e-73,"Down in tumour"
"ENSG00000164619.8","BMPER","ENSG00000164619",110.011891218948,-4.54114958296715,-4.58512402641782,0.248404585075446,-18.4582906351153,4.47274213625419e-76,4.42644925514396e-73,"Down in tumour"
"ENSG00000197580.11","BCO2","ENSG00000197580",1410.79122116379,-3.94399679775445,-3.98086216715066,0.215708714855445,-18.4548045257161,4.77088110938837e-76,4.49666903800591e-73,"Down in tumour"
"ENSG00000163217.1","BMP10","ENSG00000163217",34.4218510049282,-5.93444537588769,-5.90085187989471,0.31988649623295,-18.4467051575617,5.54228512594868e-76,4.98629315899556e-73,"Down in tumour"
"ENSG00000249173.5","LINC01093","ENSG00000249173",196.745506869558,-5.78447315396518,-5.84145060971144,0.317457187600045,-18.4007508346949,1.29557104891499e-75,1.0684682404656e-72,"Down in tumour"
"ENSG00000184374.2","COLEC10","ENSG00000184374",311.641431928835,-5.18538033098129,-5.25212244237942,0.285429157386287,-18.4007916026303,1.29459667434588e-75,1.0684682404656e-72,"Down in tumour"
"ENSG00000126759.13","CFP","ENSG00000126759",267.699486366118,-3.30711828697539,-3.33162513995505,0.181250401245929,-18.3813393904411,1.85335524432974e-75,1.46733841404074e-72,"Down in tumour"
"ENSG00000133477.16","FAM83F","ENSG00000133477",161.562430853198,-5.29317041760494,-5.35671392088123,0.292059400936405,-18.3411795809567,3.88280077410209e-75,2.95585675853087e-72,"Down in tumour"
"ENSG00000042062.11","FAM65C","ENSG00000042062",420.040819681438,-3.40452094746906,-3.43297340468371,0.187959532058478,-18.2644283430948,1.58867964543364e-74,1.1646198600766e-71,"Down in tumour"
"ENSG00000131747.14","TOP2A","ENSG00000131747",685.97296387733,3.65953128217658,3.68893221869037,0.202072924585695,18.2554502353727,1.87260730186648e-74,1.32373272592297e-71,"Up in tumour"
"ENSG00000150893.10","FREM2","ENSG00000150893",494.274819242512,-6.56485087124082,-6.68345958999344,0.366875779933301,-18.2172276164115,3.76766675945506e-74,2.5714975230998e-71,"Down in tumour"
"ENSG00000149090.11","PAMR1","ENSG00000149090",134.844002419582,-3.04237973013518,-3.06471751161466,0.171057079405775,-17.9163441949377,8.791944424701e-72,5.80063186660357e-69,"Down in tumour"
"ENSG00000214264.4","KCTD9P4","ENSG00000214264",142.35847484726,-3.8029691751358,-3.83048316387452,0.214812521586138,-17.8317499165826,4.00681454594082e-71,2.55828646154215e-68,"Down in tumour"
"ENSG00000140505.6","CYP1A2","ENSG00000140505",4744.24783855064,-6.36073941886363,-6.49803152523953,0.365747410109963,-17.7664457645397,1.28584051835319e-70,7.95332543117646e-68,"Down in tumour"
"ENSG00000172425.10","TTC36","ENSG00000172425",365.849472757828,-4.94515412112197,-5.02076356152011,0.28573025603966,-17.5716902756816,4.05896692396463e-69,2.43451916139491e-66,"Down in tumour"
"ENSG00000138315.12","OIT3","ENSG00000138315",505.908306442219,-3.3191886600508,-3.34696244854172,0.190996450186138,-17.5236892899313,9.44941534538776e-69,5.50094935091941e-66,"Down in tumour"
"ENSG00000145824.12","CXCL14","ENSG00000145824",125.330103794018,-5.91254673990417,-6.0092574069342,0.344672449726767,-17.4346902739048,4.49990999216533e-68,2.54476338499796e-65,"Down in tumour"
"ENSG00000011426.10","ANLN","ENSG00000011426",228.32463731629,3.7330484926297,3.76485450432383,0.216454414460534,17.3932904704527,9.27530168852863e-68,5.09961239780687e-65,"Up in tumour"
"ENSG00000120057.4","SFRP5","ENSG00000120057",89.8703333906606,-4.83381548485478,-4.89440088088989,0.281578197181249,-17.3820307462918,1.12884350240166e-67,6.03870255217189e-65,"Down in tumour"
"ENSG00000095596.11","CYP26A1","ENSG00000095596",141.652135883452,-4.85773270446175,-4.94659738202724,0.286651718128559,-17.2564721199709,1.00039219779231e-66,5.21072704497453e-64,"Down in tumour"
"ENSG00000198077.10","CYP2A7","ENSG00000198077",1374.17628508377,-4.86851672969683,-4.95025375955653,0.287203986993555,-17.236020333059,1.42516372174895e-66,7.23288860117357e-64,"Down in tumour"
"ENSG00000233392.5","AC104809.4","ENSG00000233392",87.3398832306015,-4.84592261915694,-4.90837498498891,0.285187978471606,-17.2110164365767,2.19544305588145e-66,1.08636011012654e-63,"Down in tumour"
"ENSG00000206384.10","COL6A6","ENSG00000206384",87.6125198353707,-2.40195254782885,-2.41871922224385,0.141098219771583,-17.1420959538639,7.20075691071334e-66,3.4762093057012e-63,"Down in tumour"
"ENSG00000183287.13","CCBE1","ENSG00000183287",133.792419458625,-4.3866171874684,-4.44294117794608,0.262814340296178,-16.9052463915748,4.11600814393004e-64,1.93971783792398e-61,"Down in tumour"
"ENSG00000112984.11","KIF20A","ENSG00000112984",87.9518208204674,3.58772702694736,3.62249906229909,0.214312238623399,16.9029033785828,4.28288957640374e-64,1.97142403222696e-61,"Up in tumour"
"ENSG00000166183.15","ASPG","ENSG00000166183",1744.42306935809,-4.93264466400754,-5.01544783695274,0.296844194999507,-16.8958932714216,4.82353213758859e-64,2.16982208180207e-61,"Down in tumour"
"ENSG00000073754.5","CD5L","ENSG00000073754",674.13332870793,-4.68270577912627,-4.75625734180202,0.282572509423158,-16.8319888991021,1.42242642914111e-63,6.25646362488666e-61,"Down in tumour"
"ENSG00000213398.7","LCAT","ENSG00000213398",566.716318234919,-2.34357556064221,-2.3623355591808,0.141419366560814,-16.7044699508318,1.21603762939587e-62,5.23239843448531e-60,"Down in tumour"
"ENSG00000066279.17","ASPM","ENSG00000066279",685.160721206487,3.13887700793705,3.16756928179364,0.190417604087436,16.6348552539247,3.89696421816345e-62,1.64111942064062e-59,"Up in tumour"
"ENSG00000159650.8","UROC1","ENSG00000159650",1265.22418374813,-5.06954594470761,-5.18596297419173,0.312083875254303,-16.6172089793679,5.23119212712937e-62,2.15710387025566e-59,"Down in tumour"
"ENSG00000150656.14","CNDP1","ENSG00000150656",188.79419289607,-4.61881935268342,-4.69359382565878,0.284308143696796,-16.5088265310625,3.16987235258147e-61,1.28043435662541e-58,"Down in tumour"
"ENSG00000168389.17","MFSD2A","ENSG00000168389",1460.95224531584,-4.20487471925387,-4.26757912552098,0.258536924122629,-16.5066523476422,3.2861377227044e-61,1.30085047890977e-58,"Down in tumour"
"ENSG00000140107.10","SLC25A47","ENSG00000140107",2119.97907420571,-5.29179624112378,-5.42028537468184,0.328535422256811,-16.4983286655917,3.77188609260806e-61,1.4638615966861e-58,"Down in tumour"
"ENSG00000109805.9","NCAPG","ENSG00000109805",121.736101447534,3.05400384063461,3.08070672795806,0.186857826100109,16.4869023270536,4.55722181490002e-61,1.73463637273685e-58,"Up in tumour"
"ENSG00000154380.17","ENAH","ENSG00000154380",1147.97378696477,1.8426108402296,1.85440850608977,0.11258148436488,16.4717006224538,5.85995814200483e-61,2.1884179529189e-58,"Up in tumour"
"ENSG00000197408.8","CYP2B6","ENSG00000197408",7099.00247089429,-4.72034502268758,-4.79500641654375,0.292392218092349,-16.399227201831,1.9368620801943e-60,7.09931688023809e-58,"Down in tumour"
"ENSG00000184601.10","C14orf180","ENSG00000184601",34.648110559912,-5.6413516924955,-5.65454266629795,0.34659990299897,-16.3143227028392,7.8067259242267e-60,2.80942774942216e-57,"Down in tumour"
"ENSG00000169607.12","CKAP2L","ENSG00000169607",71.8469556298757,3.36755253843339,3.39181467941138,0.208743568889669,16.2487146188638,2.28096722959349e-59,8.06199720988285e-57,"Up in tumour"
"ENSG00000274286.1","ADRA2B","ENSG00000274286",77.500171172582,-2.78879391130146,-2.81324363790008,0.173152733032969,-16.2471800971482,2.33877232975916e-59,8.12128433735493e-57,"Down in tumour"
"ENSG00000058404.19","CAMK2B","ENSG00000058404",98.5775077675484,-4.05121536757105,-4.10490533345403,0.253118330691059,-16.2173372518968,3.80329472137585e-59,1.29790711069297e-56,"Down in tumour"
"ENSG00000024526.16","DEPDC1","ENSG00000024526",68.197804106577,3.9898359002121,4.00206376218689,0.247920755914231,16.1425119386592,1.28215270647644e-58,4.30129635920138e-56,"Up in tumour"
"ENSG00000188676.13","IDO2","ENSG00000188676",273.44403073847,-4.57547024638984,-4.64206756241614,0.287900923725841,-16.1238369864928,1.73494471786529e-58,5.7232934667846e-56,"Down in tumour"
"ENSG00000074276.10","CDHR2","ENSG00000074276",813.874451952977,-4.7138925318567,-4.80750714140255,0.298392502773208,-16.1113536590981,2.1232446913816e-58,6.88940691418297e-56,"Down in tumour"
"ENSG00000099869.7","IGF2-AS","ENSG00000099869",91.8145641004898,-5.27012000924277,-5.31514198713324,0.33069876729498,-16.072457815944,3.9798831685704e-58,1.27054560573409e-55,"Down in tumour"
"ENSG00000091622.15","PITPNM3","ENSG00000091622",137.830329152362,-3.24120234430025,-3.27633660844715,0.204151421955797,-16.0485612936683,5.85045464344269e-58,1.83806426599462e-55,"Down in tumour"
"ENSG00000091831.22","ESR1","ENSG00000091831",702.62589290868,-2.69493508286762,-2.72108537647953,0.169614052485745,-16.0428062215435,6.41872420984137e-58,1.98509075445922e-55,"Down in tumour"
"ENSG00000143369.14","ECM1","ENSG00000143369",341.365312627914,-2.66336220673669,-2.6877109731948,0.167700099211688,-16.026889583423,8.29311208420608e-58,2.52531642281063e-55,"Down in tumour"
"ENSG00000117650.12","NEK2","ENSG00000117650",62.2112754883933,4.03112785972832,4.02109763155899,0.251235466734072,16.0052944905874,1.17356629275549e-57,3.51945418674386e-55,"Up in tumour"
"ENSG00000140835.9","CHST4","ENSG00000140835",114.149027346616,-3.42351589163538,-3.45961044581722,0.217220677166711,-15.9267086860339,4.13560035405714e-57,1.20376379129195e-54,"Down in tumour"
"ENSG00000161640.15","SIGLEC11","ENSG00000161640",93.7626138039454,-2.74386193320107,-2.76866817438167,0.173835623594949,-15.9269321047388,4.12085323342446e-57,1.20376379129195e-54,"Down in tumour"
"ENSG00000139734.17","DIAPH3","ENSG00000139734",63.1315114166478,2.9775097696607,3.00538165575587,0.189008596530348,15.9007670070356,6.25936725364822e-57,1.7955312471226e-54,"Up in tumour"
"ENSG00000090889.11","KIF4A","ENSG00000090889",134.265468717889,3.24714082307089,3.27949618587402,0.206653391954885,15.869549272097,1.02977733992942e-56,2.91176898417472e-54,"Up in tumour"
"ENSG00000087237.10","CETP","ENSG00000087237",131.040537571559,-3.05835478405855,-3.0926916386975,0.196395749765175,-15.7472432188341,7.17412826398728e-56,1.99996508069155e-53,"Down in tumour"
"ENSG00000144820.7","ADGRG7","ENSG00000144820",204.600525278152,-3.56220073425199,-3.60723577765153,0.229815341954629,-15.6962357124255,1.60486806590633e-55,4.41182689284499e-53,"Down in tumour"
"ENSG00000198417.6","MT1F","ENSG00000198417",449.262184921794,-4.10161899406087,-4.16184611600799,0.265477469024604,-15.676833636011,2.17846369878059e-55,5.90662082054304e-53,"Down in tumour"
"ENSG00000099769.5","IGFALS","ENSG00000099769",409.076473935502,-3.68143610365175,-3.7347228475756,0.2392586910524,-15.6095598080391,6.26678648255569e-55,1.67619601147601e-52,"Down in tumour"
"ENSG00000080709.14","KCNN2","ENSG00000080709",73.5782363496571,-3.97225667470855,-4.00535270109957,0.256995474213685,-15.5853044235683,9.16258159584426e-55,2.41806636702061e-52,"Down in tumour"
"ENSG00000001626.14","CFTR","ENSG00000001626",266.622706865921,-4.86014463993151,-4.95557254224079,0.318157642602366,-15.5758400197674,1.06248048121739e-54,2.76706265325471e-52,"Down in tumour"
"ENSG00000184956.15","MUC6","ENSG00000184956",794.948173889284,-3.7298982804633,-3.77685062216376,0.242532895745189,-15.5725292874572,1.11893693325574e-54,2.87624918440661e-52,"Down in tumour"
"ENSG00000135423.12","GLS2","ENSG00000135423",1229.06176076819,-4.52628645647324,-4.63179795681979,0.297680531838599,-15.5596267186566,1.36894948397001e-54,3.47379706874594e-52,"Down in tumour"
"ENSG00000170312.15","CDK1","ENSG00000170312",88.0395163203056,3.04592142497195,3.05613146180857,0.198287567334859,15.4126227018939,1.34634864635071e-53,3.37319984268603e-51,"Up in tumour"
"ENSG00000146670.9","CDCA5","ENSG00000146670",73.1095258271368,2.86080537084819,2.88730507249191,0.187769340916027,15.3768717427791,2.33982534516365e-53,5.78902038210301e-51,"Up in tumour"
"ENSG00000126838.9","PZP","ENSG00000126838",620.787790640948,-3.54658121872854,-3.59534531390555,0.233939037188069,-15.3687274989303,2.65329299377008e-53,6.48353434885076e-51,"Down in tumour"
"ENSG00000083307.10","GRHL2","ENSG00000083307",48.3618207595759,-4.1930822031277,-4.24977590512754,0.276819144798746,-15.3521748223637,3.42508660513802e-53,8.267407216524e-51,"Down in tumour"
"ENSG00000183856.10","IQGAP3","ENSG00000183856",329.002968332113,3.10362924001084,3.13815847718043,0.205750848161068,15.2522262009038,1.59114287900209e-52,3.79439650651666e-50,"Up in tumour"
"ENSG00000114346.13","ECT2","ENSG00000114346",197.5035381589,2.34721615348631,2.36720863842062,0.155243946396705,15.2483152700301,1.6893597230487e-52,3.98065440455988e-50,"Up in tumour"
"ENSG00000170509.11","HSD17B13","ENSG00000170509",2351.24158296609,-4.92918441257028,-5.12607504871416,0.336350321357703,-15.2402858663027,1.91032716026228e-52,4.44836535094955e-50,"Down in tumour"
"ENSG00000163687.13","DNASE1L3","ENSG00000163687",660.396027213466,-3.54371690322213,-3.59469156553712,0.236584611445742,-15.1941055826512,3.86908487870376e-52,8.90474383769576e-50,"Down in tumour"
"ENSG00000162769.12","FLVCR1","ENSG00000162769",231.943785343372,1.40153869795875,1.41102371026891,0.0930147102211708,15.1698984699708,5.59633189591799e-52,1.27319766914833e-49,"Up in tumour"
"ENSG00000169679.14","BUB1","ENSG00000169679",100.176753706927,2.99608677749642,3.02762155690941,0.199616108677919,15.1672206064015,5.82935136295992e-52,1.31114035826211e-49,"Up in tumour"
"ENSG00000125144.13","MT1G","ENSG00000125144",1048.82771491914,-4.39960241694524,-4.48727173085728,0.297898453823595,-15.0630917121661,2.83226055814218e-51,6.29875654239418e-49,"Down in tumour"
"ENSG00000175003.12","SLC22A1","ENSG00000175003",2930.40977825705,-4.47228762856436,-4.58911880174381,0.3047414405512,-15.0590572566805,3.01049336146813e-51,6.62074390039319e-49,"Down in tumour"
"ENSG00000198901.13","PRC1","ENSG00000198901",221.498231009256,2.3485227318593,2.37067465350412,0.157500518294115,15.051853029951,3.35697834049114e-51,7.30161233992759e-49,"Up in tumour"
"ENSG00000143228.12","NUF2","ENSG00000143228",54.0219112847315,3.4771186121484,3.50036561268478,0.232746817300303,15.0393704768406,4.05386759849247e-51,8.72154362793058e-49,"Up in tumour"
"ENSG00000165304.7","MELK","ENSG00000165304",72.2010819977048,3.45766097653198,3.47177233324762,0.231462096106854,14.9993125943389,7.41836257557343e-51,1.57883495116478e-48,"Up in tumour"
"ENSG00000116882.14","HAO2","ENSG00000116882",1209.19616277723,-4.57304731723458,-4.66977893703944,0.311601283401346,-14.9863918597046,9.01176829225687e-51,1.89755244477277e-48,"Down in tumour"
"ENSG00000215086.2","NPM1P24","ENSG00000215086",21.1022933853626,-3.15925674314077,-3.18799220298099,0.213051465257322,-14.9634840536326,1.27189204041366e-50,2.64995359535869e-48,"Down in tumour"
"ENSG00000109758.8","HGFAC","ENSG00000109758",3325.61213541893,-4.52463687613555,-4.64845993632672,0.31073039679322,-14.9597850236072,1.34459680653346e-50,2.77225047830382e-48,"Down in tumour"
"ENSG00000118193.11","KIF14","ENSG00000118193",142.39618483384,2.67398349047949,2.7003635176676,0.180768417031948,14.93824840647,1.85794957909009e-50,3.79117484731239e-48,"Up in tumour"
"ENSG00000170743.16","SYT9","ENSG00000170743",78.1025663266741,-3.30206151994575,-3.3491163894275,0.224266529383259,-14.9336434582445,1.99084340297422e-50,4.02089423214987e-48,"Down in tumour"
"ENSG00000142945.12","KIF2C","ENSG00000142945",75.0982360260316,3.06313184563008,3.08617485088617,0.206968806571861,14.9113042781866,2.7826342838902e-50,5.56330104858978e-48,"Up in tumour"
"ENSG00000100526.19","CDKN3","ENSG00000100526",39.898342190446,2.81009903740435,2.82484651207251,0.189731615365653,14.8886441863073,3.90610323103101e-50,7.73135012517967e-48,"Up in tumour"
"ENSG00000117399.13","CDC20","ENSG00000117399",77.9845203357734,3.33065161307456,3.36774267467914,0.226223880803629,14.8867690834217,4.0171836826987e-50,7.8724867952134e-48,"Up in tumour"
"ENSG00000126787.12","DLGAP5","ENSG00000126787",68.9159488734383,3.45405071822366,3.49251165071667,0.234936469217717,14.8657705734061,5.49786397296085e-50,1.06685511389034e-47,"Up in tumour"
"ENSG00000112175.7","BMP5","ENSG00000112175",35.1885912771643,-4.74223105889997,-4.84933284282249,0.326389047922528,-14.857523172694,6.21819477501372e-50,1.19491970079463e-47,"Down in tumour"
"ENSG00000113600.10","C9","ENSG00000113600",6049.53969852476,-5.106386489517,-5.24345703867492,0.353912431099756,-14.8156904869978,1.15991202157171e-49,2.20751333105471e-47,"Down in tumour"
"ENSG00000255974.7","CYP2A6","ENSG00000255974",6749.00557037524,-4.62407454456908,-4.74889186403458,0.320977462662067,-14.7950944114551,1.57563103252016e-49,2.97013952634967e-47,"Down in tumour"
"ENSG00000144668.11","ITGA9","ENSG00000144668",932.934454576967,-2.03287770809404,-2.05208328437636,0.138829646774279,-14.7813045128093,1.93384021272249e-49,3.61099050286945e-47,"Down in tumour"
"ENSG00000077152.9","UBE2T","ENSG00000077152",30.6501918555467,2.91313087441952,2.91149416459349,0.19698149066386,14.7805469172828,1.95571632474028e-49,3.61770964631629e-47,"Up in tumour"
"ENSG00000225210.9","DUXAP9","ENSG00000225210",166.224082434032,3.04252443686129,3.07489483731182,0.208125551271001,14.7742303553492,2.14796835239979e-49,3.93654977768972e-47,"Up in tumour"
"ENSG00000113805.8","CNTN3","ENSG00000113805",110.545472483599,-5.55632470960268,-5.74242452781959,0.388919049423612,-14.7650893838448,2.45995937738157e-49,4.46697027123976e-47,"Down in tumour"
"ENSG00000243694.2","LINC02027","ENSG00000243694",34.0418891161084,-4.98908004137069,-5.11298037200678,0.347052186503888,-14.7325980669178,3.9810171931894e-49,7.09876336079259e-47,"Down in tumour"
"ENSG00000148773.13","MKI67","ENSG00000148773",1223.86279242893,3.00183718636964,3.03466537932852,0.205976764997394,14.7330470957096,3.95464840239509e-49,7.09876336079259e-47,"Up in tumour"
"ENSG00000134612.11","FOLH1B","ENSG00000134612",116.116418936151,-4.11388857893958,-4.19126724676008,0.284842134609281,-14.7143513459105,5.21438219309401e-49,9.13347493344333e-47,"Down in tumour"
"ENSG00000186185.13","KIF18B","ENSG00000186185",107.866182941064,3.35010150472353,3.39255427055704,0.230554941463309,14.7147324148632,5.18509257296899e-49,9.13347493344333e-47,"Up in tumour"
"ENSG00000102384.13","CENPI","ENSG00000102384",56.9766212311647,2.49955159732304,2.52351990732435,0.17187675976979,14.6821473170912,8.38911172449559e-49,1.45654112599071e-46,"Up in tumour"
"ENSG00000164742.14","ADCY1","ENSG00000164742",1099.64337296678,-3.41803302402699,-3.46765146607308,0.23625221094161,-14.6777524419872,8.9508441952948e-49,1.54055703615191e-46,"Down in tumour"
"ENSG00000151360.9","ALLC","ENSG00000151360",42.397477555993,-3.81890250486517,-3.87933325362944,0.265623058933742,-14.6046554437019,2.62305023395427e-48,4.47569252419456e-46,"Down in tumour"
"ENSG00000150625.16","GPM6A","ENSG00000150625",60.1663250645356,-3.93053488986251,-3.99293333229959,0.274641918062445,-14.5386886330721,6.88999236779225e-48,1.16558648663002e-45,"Down in tumour"
"ENSG00000137807.13","KIF23","ENSG00000137807",104.973165982288,2.73100243270133,2.76092187922522,0.190281369822837,14.5096804894551,1.0520948221623e-47,1.76475532331003e-45,"Up in tumour"
"ENSG00000134042.12","MRO","ENSG00000134042",106.689479336962,-2.71947536604007,-2.75105435676406,0.189924093929701,-14.4850203038607,1.50678131423185e-47,2.50619517248664e-45,"Down in tumour"
"ENSG00000237649.7","KIFC1","ENSG00000237649",125.514228132549,2.84646827075423,2.87969567363644,0.198882303704744,14.4793962056653,1.63527319895441e-47,2.69724686890873e-45,"Up in tumour"
"ENSG00000188517.14","COL25A1","ENSG00000188517",79.7943074900356,-3.71966547141991,-3.78734702042797,0.261922894107338,-14.4597784524933,2.174967707374e-47,3.55777982083088e-45,"Down in tumour"
"ENSG00000134057.14","CCNB1","ENSG00000134057",115.380559437752,2.72078803711477,2.75011235049067,0.190241120838736,14.4559301289119,2.30001583162362e-47,3.73149289797757e-45,"Up in tumour"
"ENSG00000261469.1","RP11-96D1.6","ENSG00000261469",42.2684236424003,-3.00238770705734,-3.0413088413352,0.21050306184073,-14.4478128476644,2.58773334015377e-47,4.16414682940355e-45,"Down in tumour"
"ENSG00000115963.13","RND3","ENSG00000115963",1375.39337957759,-2.2412850526464,-2.2653657148038,0.15706756813626,-14.4228738095604,3.71544089958591e-47,5.93062271979871e-45,"Down in tumour"
"ENSG00000267586.6","LINC00907","ENSG00000267586",108.433883259211,-3.94646120249738,-3.99358014023448,0.277117708412901,-14.4111329554014,4.40425891318983e-47,6.97387973350131e-45,"Down in tumour"
"ENSG00000189337.16","KAZN","ENSG00000189337",226.356935728554,-2.74999043266111,-2.78460186610773,0.193236823963386,-14.410306529543,4.45727774036232e-47,7.00181732658661e-45,"Down in tumour"
"ENSG00000244306.10","DUXAP10","ENSG00000244306",348.993291950872,2.91072259003332,2.94381992952026,0.204366497288982,14.404611169499,4.84034238630949e-47,7.54369266552943e-45,"Up in tumour"
"ENSG00000156970.12","BUB1B","ENSG00000156970",119.825353517337,2.93457230972692,2.96657552119664,0.206061512004916,14.3965532055587,5.43891242248076e-47,8.41034324829388e-45,"Up in tumour"
"ENSG00000187193.8","MT1X","ENSG00000187193",2176.34377340709,-3.28402211651835,-3.33555250012612,0.231866571026553,-14.3856550142545,6.36724110562865e-47,9.76951962819441e-45,"Down in tumour"
"ENSG00000036448.9","MYOM2","ENSG00000036448",37.024085283456,-2.95047954030542,-2.988924938497,0.2081253090937,-14.3611795774024,9.06706541517663e-47,1.38049558278916e-44,"Down in tumour"
"ENSG00000135437.9","RDH5","ENSG00000135437",367.294769736613,-2.31441500193486,-2.34066143415102,0.163005212719717,-14.359426886401,9.29929631883045e-47,1.405045588081e-44,"Down in tumour"
"ENSG00000125148.6","MT2A","ENSG00000125148",4012.91400439117,-3.06432740523595,-3.10944847201973,0.216593331683815,-14.3561597573047,9.74810485178913e-47,1.46169878281411e-44,"Down in tumour"
"ENSG00000151365.2","THRSP","ENSG00000151365",544.100205434209,-4.61948031836251,-4.85197338305715,0.338176100439593,-14.3474756990518,1.10486059291816e-46,1.6442485500473e-44,"Down in tumour"
"ENSG00000112742.9","TTK","ENSG00000112742",55.9339799959346,3.42517319249748,3.4526998894082,0.240893384850201,14.332896237708,1.36315025305613e-46,2.0134949969209e-44,"Up in tumour"
"ENSG00000111199.10","TRPV4","ENSG00000111199",151.483687374344,-2.76975715271545,-2.80693646606932,0.196323441735089,-14.2975104819978,2.26777917948959e-46,3.32490024441759e-44,"Down in tumour"
"ENSG00000204291.10","COL15A1","ENSG00000204291",362.63735205512,3.08426332005602,3.11953317793807,0.218424519232983,14.2819734198917,2.83459343004537e-46,4.12537557065353e-44,"Up in tumour"
"ENSG00000165140.9","FBP1","ENSG00000165140",3976.07319676852,-3.02073685580419,-3.06871262609629,0.214983856800702,-14.2741537516517,3.17113846521291e-46,4.58148493736928e-44,"Down in tumour"
"ENSG00000123485.11","HJURP","ENSG00000123485",88.0765503317987,3.04163596714293,3.07943745968772,0.215950290616748,14.259936631217,3.8880739329339e-46,5.57656864888121e-44,"Up in tumour"
"ENSG00000164107.8","HAND2","ENSG00000164107",90.2222467847406,-4.03039097855228,-4.11104542690697,0.288580345814113,-14.2457568110167,4.76359207023545e-46,6.783149485336e-44,"Down in tumour"
"ENSG00000227288.3","RP5-837I24.1","ENSG00000227288",54.1105900371717,-3.54102656533469,-3.59646544597229,0.252522905472318,-14.2421355371524,5.01701450286301e-46,7.09298343251197e-44,"Down in tumour"
"ENSG00000134690.10","CDCA8","ENSG00000134690",58.9903931625615,2.84504811691354,2.87732931814225,0.202213857373276,14.2291401564575,6.0420094767622e-46,8.48152436691874e-44,"Up in tumour"
"ENSG00000196747.4","HIST1H2AI","ENSG00000196747",162.942347516934,2.92812007196123,2.94696576240001,0.20724013524847,14.2200532675138,6.88005491371842e-46,9.58992443008653e-44,"Up in tumour"
"ENSG00000163808.16","KIF15","ENSG00000163808",73.182046420867,2.82930761750061,2.85597705159596,0.201084874472234,14.2028437449199,8.79688898417978e-46,1.21760016548161e-43,"Up in tumour"
"ENSG00000205358.3","MT1H","ENSG00000205358",145.942281991663,-4.50069389950547,-4.54126028194653,0.320037164271674,-14.1897904022532,1.05974998221233e-45,1.4566410693006e-43,"Down in tumour"
"ENSG00000145850.8","TIMD4","ENSG00000145850",54.0708171137512,-3.89716372625148,-3.95182325026661,0.278518854831848,-14.1887099623918,1.07620294295349e-45,1.46905412757782e-43,"Down in tumour"
"ENSG00000274267.1","HIST1H3B","ENSG00000274267",165.295300836696,2.72282709530242,2.7561525517047,0.194462233460239,14.1732021825628,1.34237058751807e-45,1.81983157799624e-43,"Up in tumour"
"ENSG00000124713.5","GNMT","ENSG00000124713",758.693021530483,-3.34354605989637,-3.40345222887621,0.240250825517111,-14.1662457206992,1.4821510667291e-45,1.99518199146621e-43,"Down in tumour"
"ENSG00000121621.6","KIF18A","ENSG00000121621",49.277414480782,2.61389657879628,2.64409704509018,0.186653743106136,14.1657863436828,1.4918755860001e-45,1.99518199146621e-43,"Up in tumour"
"ENSG00000164283.12","ESM1","ENSG00000164283",60.2492806031526,3.82049185039121,3.83840781419902,0.270995450630565,14.1641042507084,1.52802868129886e-45,2.02981689187572e-43,"Up in tumour"
"ENSG00000146233.7","CYP39A1","ENSG00000146233",404.980938931658,-3.00719211062713,-3.05409907561395,0.215784970200316,-14.1534374371801,1.77847003844412e-45,2.34675049806163e-43,"Down in tumour"
"ENSG00000168874.12","ATOH8","ENSG00000168874",424.383514523153,-2.86855633113728,-2.90926594542519,0.205633480376405,-14.1478223298067,1.92630510335018e-45,2.52499052388146e-43,"Down in tumour"
"ENSG00000164611.12","PTTG1","ENSG00000164611",54.779143553107,2.64862835043068,2.67842016459585,0.189532608936278,14.1317115805457,2.42185608626333e-45,3.15367088917171e-43,"Up in tumour"
"ENSG00000123454.10","DBH","ENSG00000123454",535.979748052106,-2.72069930695658,-2.75702699718934,0.195235884605494,-14.1215176849295,2.7989770497504e-45,3.62092501605946e-43,"Down in tumour"
"ENSG00000167244.18","IGF2","ENSG00000167244",20299.4318223442,-4.12969002148826,-4.24663876327659,0.300743980787456,-14.1204447455851,2.84192092519665e-45,3.65260655015697e-43,"Down in tumour"
"ENSG00000122787.14","AKR1D1","ENSG00000122787",1016.60289590233,-3.80910940097375,-3.87351409925939,0.274830758001332,-14.0941797323887,4.1241192959212e-45,5.26636730478505e-43,"Down in tumour"
"ENSG00000161888.11","SPC24","ENSG00000161888",69.0102507640244,2.5269475419545,2.55581673819855,0.18137453715659,14.0913756598148,4.29120114820566e-45,5.44459899528427e-43,"Up in tumour"
"ENSG00000161800.12","RACGAP1","ENSG00000161800",171.01416038603,1.99488139487674,2.01458848792628,0.143056424510584,14.0824747634961,4.86749087789058e-45,6.13644885006931e-43,"Up in tumour"
"ENSG00000129214.14","SHBG","ENSG00000129214",399.932071323815,-3.74681009399497,-3.84697911752106,0.273279886306442,-14.0770664446459,5.25461538690504e-45,6.58256976917795e-43,"Down in tumour"
"ENSG00000080986.12","NDC80","ENSG00000080986",66.1112569760134,2.57464287173308,2.6041013848029,0.185060840850795,14.0715959834121,5.67735099447571e-45,7.06740932287155e-43,"Up in tumour"
"ENSG00000276644.4","DACH1","ENSG00000276644",65.4501938442888,-3.13740872273048,-3.18420759222626,0.226347957808138,-14.0677548985237,5.99423324318942e-45,7.41524116140302e-43,"Down in tumour"
"ENSG00000182481.8","KPNA2","ENSG00000182481",396.399216283577,1.87340713966289,1.89109056825716,0.134484557829207,14.0617673789642,6.52363949454953e-45,8.0200246282993e-43,"Up in tumour"
"ENSG00000138115.13","CYP2C8","ENSG00000138115",10175.9726182729,-3.87631695755476,-3.95846834560599,0.281720043104893,-14.0510710632404,7.58777017836856e-45,9.27066266299068e-43,"Down in tumour"
"ENSG00000100577.18","GSTZ1","ENSG00000100577",567.30533090722,-1.69382467846256,-1.70975707307282,0.121690309762096,-14.0500675560395,7.6960585932884e-45,9.34528145625505e-43,"Down in tumour"
"ENSG00000120907.17","ADRA1A","ENSG00000120907",2355.19407327293,-3.74132275748981,-3.82929079705383,0.27277924254715,-14.0380578862849,9.11771810471335e-45,1.10040850272312e-42,"Down in tumour"
"ENSG00000259905.5","PWRN1","ENSG00000259905",20.2880385370771,-4.09850720255629,-4.17199983980168,0.297226093697162,-14.0364521429012,9.32662350894772e-45,1.11879914613698e-42,"Down in tumour"
"ENSG00000184517.11","ZFP1","ENSG00000184517",221.007770341737,-1.41395443886103,-1.42556051313649,0.101832310254536,-13.9990982191528,1.57861071183437e-44,1.88225553128541e-42,"Down in tumour"
"ENSG00000185823.3","NPAP1","ENSG00000185823",19.6799862060462,-3.86416728114817,-3.92946989916556,0.280969418773306,-13.9854006757083,1.9139588485262e-44,2.26844236460353e-42,"Down in tumour"
"ENSG00000109956.12","B3GAT1","ENSG00000109956",166.243785876931,-3.1260443110968,-3.17560494892096,0.227098496442697,-13.9833816544983,1.96905062738237e-44,2.3198463730821e-42,"Down in tumour"
"ENSG00000175336.9","APOF","ENSG00000175336",1350.23292088961,-4.12203225244616,-4.21474019847987,0.301462477399672,-13.980977781497,2.036704589699e-44,2.38535467123742e-42,"Down in tumour"
"ENSG00000175063.16","UBE2C","ENSG00000175063",53.3873606006858,3.30624377656869,3.33499240481365,0.238664028514964,13.9735863236908,2.25955780877565e-44,2.63078986524096e-42,"Up in tumour"
"ENSG00000237125.8","HAND2-AS1","ENSG00000237125",105.464070959554,-4.18199708295375,-4.27899252360096,0.306380961381942,-13.966248112482,2.50478618060502e-44,2.89925338436931e-42,"Down in tumour"
"ENSG00000006638.11","TBXA2R","ENSG00000006638",50.3216927103684,-2.28458856760764,-2.31001948965655,0.165507590573625,-13.9571815507093,2.8446243300172e-44,3.27346798628084e-42,"Down in tumour"
"ENSG00000130300.8","PLVAP","ENSG00000130300",433.491448760692,2.2573106835251,2.28222927999562,0.163607129639391,13.9494488108551,3.17046100316439e-44,3.6273372621753e-42,"Up in tumour"
"ENSG00000109576.13","AADAT","ENSG00000109576",233.210474862774,-2.37468680081736,-2.40322958339141,0.172297607605597,-13.948130892755,3.22958582760587e-44,3.67374668309213e-42,"Down in tumour"
"ENSG00000183729.3","NPBWR1","ENSG00000183729",23.9789553553693,-4.93643415515073,-4.93761790843975,0.354186407638409,-13.9407323430678,3.582452867133e-44,4.05185654852363e-42,"Down in tumour"
"ENSG00000089685.14","BIRC5","ENSG00000089685",98.1724071923184,2.65135504660606,2.68225691478571,0.192479183068463,13.9353091177224,3.86523290755365e-44,4.34684971245508e-42,"Up in tumour"
"ENSG00000147206.16","NXF3","ENSG00000147206",29.1546352741128,-3.67873950828134,-3.74237510283469,0.269233855639086,-13.9000910340616,6.3260855179798e-44,7.07413619533188e-42,"Down in tumour"
"ENSG00000145287.10","PLAC8","ENSG00000145287",127.491653242679,-3.11687640361294,-3.16436116467221,0.227899000612126,-13.8849277801697,7.81791372847385e-44,8.64469086188173e-42,"Down in tumour"
"ENSG00000198826.10","ARHGAP11A","ENSG00000198826",156.672246261147,2.11321579077407,2.13540900356063,0.153789120065136,13.8853060779345,7.77674643224849e-44,8.64469086188173e-42,"Up in tumour"
"ENSG00000185480.11","PARPBP","ENSG00000185480",55.1288407907759,2.33117969667784,2.3514160802167,0.169613491166936,13.8633788152053,1.05584745839238e-43,1.16102159688668e-41,"Up in tumour"
"ENSG00000157379.13","DHRS1","ENSG00000157379",729.281613863167,-1.46612491061905,-1.47904655525834,0.106859808619409,-13.840999477419,1.44187695760831e-43,1.57674423325642e-41,"Down in tumour"
"ENSG00000160868.14","CYP3A4","ENSG00000160868",23694.5707147705,-4.8730992033145,-5.08514248733616,0.368389703958368,-13.8037041553985,2.42086624269824e-43,2.6327585462487e-41,"Down in tumour"
"ENSG00000121152.9","NCAPH","ENSG00000121152",57.5358938329478,2.40257270528559,2.4301478050878,0.176137875592779,13.7968497514195,2.66235136140968e-43,2.87955849707005e-41,"Up in tumour"
"ENSG00000228477.1","RP3-342P20.2","ENSG00000228477",101.266044792965,-2.95247122485729,-2.992502222547,0.217496155366319,-13.7588741166797,4.50487765418456e-43,4.84592627224321e-41,"Down in tumour"
"ENSG00000105609.16","LILRB5","ENSG00000105609",543.05950568233,-2.26702785061802,-2.29440714156491,0.166899972341203,-13.7471990521024,5.29397024653179e-43,5.66397584268128e-41,"Down in tumour"
"ENSG00000123473.15","STIL","ENSG00000123473",108.058240437418,1.80824452092327,1.82574762917166,0.132926186151107,13.7350486163515,6.26140272518625e-43,6.66300774944147e-41,"Up in tumour"
"ENSG00000127249.14","ATP13A4","ENSG00000127249",29.786051437027,-3.21019592509226,-3.25604583653676,0.237196613775689,-13.7272020232798,6.97765101363781e-43,7.38548911833867e-41,"Down in tumour"
"ENSG00000143196.4","DPT","ENSG00000143196",162.40878283784,-4.17053657669751,-4.27231116817417,0.311303811579052,-13.7239282310852,7.30006335948446e-43,7.68564649331255e-41,"Down in tumour"
"ENSG00000135451.12","TROAP","ENSG00000135451",74.08164699485,2.95062179833351,2.99183523160657,0.218066360482765,13.7198384243361,7.72373336438887e-43,8.08866954927772e-41,"Up in tumour"
"ENSG00000174371.16","EXO1","ENSG00000174371",51.5610057063428,3.02866118176445,3.05471208549178,0.222798543215734,13.7106465841382,8.76730454146242e-43,9.13322414679819e-41,"Up in tumour"
"ENSG00000280587.1","LINC01348","ENSG00000280587",2229.49985960641,-3.20033610365382,-3.26130929695506,0.238209705444922,-13.6909169626975,1.15048160396595e-42,1.19222420875906e-40,"Down in tumour"
"ENSG00000155666.11","KDM8","ENSG00000155666",399.707937423747,-2.32573367267495,-2.3542620774277,0.171986492227716,-13.688645235642,1.18701802957236e-42,1.22367957600655e-40,"Down in tumour"
"ENSG00000184226.14","PCDH9","ENSG00000184226",346.973084878363,-3.00849776738269,-3.05645798859492,0.223962412198872,-13.6471917702015,2.0980915859831e-42,2.15114561561457e-40,"Down in tumour"
"ENSG00000159403.15","C1R","ENSG00000159403",17044.0803467837,-2.09107272836577,-2.11619555106159,0.155068615114438,-13.6468333679247,2.10843353422537e-42,2.15114561561457e-40,"Down in tumour"
"ENSG00000141622.13","RNF165","ENSG00000141622",164.76637649674,-3.1705119776884,-3.22329933736702,0.236278508366559,-13.6419489002632,2.25453804830812e-42,2.28841392770065e-40,"Down in tumour"
"ENSG00000176595.3","KBTBD11","ENSG00000176595",181.171535623076,-2.9790634467802,-3.02969723615453,0.222208259514873,-13.634494247734,2.49716021685252e-42,2.5217496006205e-40,"Down in tumour"
"ENSG00000205364.3","MT1M","ENSG00000205364",289.756101653574,-4.04327942467259,-4.13137166346351,0.303152492423981,-13.6280313265097,2.72841568153148e-42,2.74129601952043e-40,"Down in tumour"
"ENSG00000206195.10","DUXAP8","ENSG00000206195",100.667299231406,3.23418595766053,3.25391334803512,0.238898435224134,13.6204883258541,3.02538010812647e-42,3.02431052930037e-40,"Up in tumour"
"ENSG00000146374.13","RSPO3","ENSG00000146374",50.551125463436,-3.95546922606518,-4.024156584744,0.29583649982662,-13.6026372239478,3.86250451089371e-42,3.84173627055875e-40,"Down in tumour"
"ENSG00000138160.5","KIF11","ENSG00000138160",127.55813657579,2.07819641193032,2.1007676677991,0.154473420245974,13.5995413609278,4.02952354258372e-42,3.98781797391797e-40,"Up in tumour"
"ENSG00000075218.18","GTSE1","ENSG00000075218",58.110271105956,2.629901775222,2.66224992250787,0.196159982289468,13.5718299493893,5.88345922310974e-42,5.79359743298563e-40,"Up in tumour"
"ENSG00000156006.4","NAT2","ENSG00000156006",162.459794219677,-4.02856836290765,-4.11629931876377,0.303638743295578,-13.5565681575646,7.24471411870784e-42,7.09874388869229e-40,"Down in tumour"
"ENSG00000138778.11","CENPE","ENSG00000138778",193.722856194754,2.21450055806234,2.24050191732859,0.165580485457575,13.5311954856096,1.02345583251073e-41,9.97894644969699e-40,"Up in tumour"
"ENSG00000143476.17","DTL","ENSG00000143476",107.507432667574,2.82850318927961,2.8681612511725,0.21206100398667,13.5251705747503,1.11085688885554e-41,1.07780345103519e-39,"Up in tumour"
"ENSG00000117632.22","STMN1","ENSG00000117632",326.217136449173,1.79952621641132,1.81803685228017,0.134519988569322,13.5149941032242,1.27565924075856e-41,1.2316645537724e-39,"Up in tumour"
"ENSG00000268388.5","FENDRR","ENSG00000268388",23.1056385282632,-3.69393685826689,-3.74581576315296,0.277296305405387,-13.5083507790587,1.39614092048065e-41,1.34144743878997e-39,"Down in tumour"
"ENSG00000156049.6","GNA14","ENSG00000156049",112.981302748015,-2.09414038364012,-2.12058827593554,0.157051666141501,-13.5024882450144,1.51182477269471e-41,1.4455820157462e-39,"Down in tumour"
"ENSG00000160932.10","LY6E","ENSG00000160932",1557.61552146647,-2.77177533356357,-2.81770271984911,0.209443172379688,-13.4533042439839,2.94416241054026e-41,2.78822041109202e-39,"Down in tumour"
"ENSG00000183230.16","CTNNA3","ENSG00000183230",136.423950586354,-2.97869122745583,-3.02982050290152,0.22573722686827,-13.4218912181002,4.50078787757014e-41,4.24209973622599e-39,"Down in tumour"
"ENSG00000230333.6","AC004538.3","ENSG00000230333",123.109285895466,-2.73764531453478,-2.7791689541024,0.207230066068633,-13.4110315497461,5.21089414339035e-41,4.88811506066944e-39,"Down in tumour"
"ENSG00000013016.15","EHD3","ENSG00000013016",260.149285026923,-1.95399791174679,-1.97648132466515,0.147401222461233,-13.4088530044923,5.36623382675816e-41,5.01008802514265e-39,"Down in tumour"
"ENSG00000107864.14","CPEB3","ENSG00000107864",478.757087824431,-1.44259455912093,-1.45592845774861,0.108638038584456,-13.4016452866714,5.91374578039779e-41,5.49534132541848e-39,"Down in tumour"
"ENSG00000131979.18","GCH1","ENSG00000131979",746.206332982231,-1.77439935662712,-1.79356038786366,0.133872336528506,-13.3975430202621,6.24980941102274e-41,5.78048961085856e-39,"Down in tumour"
"ENSG00000162460.6","TMEM82","ENSG00000162460",148.983483316381,-3.58861164506771,-3.66800600542368,0.273899406353799,-13.3917997642013,6.75244132171505e-41,6.2163288874747e-39,"Down in tumour"
"ENSG00000261429.2","DPPA2P4","ENSG00000261429",34.5848819865286,-3.92001984773386,-3.990439902106,0.298123769554152,-13.3851786057641,7.38197040909621e-41,6.76441390311302e-39,"Down in tumour"
"ENSG00000052344.15","PRSS8","ENSG00000052344",110.584199604147,-3.27362892146558,-3.3393067653015,0.24970583372903,-13.3729625593176,8.70052254939043e-41,7.93591902396704e-39,"Down in tumour"
"ENSG00000165841.9","CYP2C19","ENSG00000165841",1073.82341580244,-3.26939960298387,-3.32452115985889,0.249338458194081,-13.3333669580612,1.48061490639637e-40,1.33816487864399e-38,"Down in tumour"
"ENSG00000158473.6","CD1D","ENSG00000158473",142.413858946214,-2.27255664366393,-2.30280456679863,0.172806752101017,-13.3258946123383,1.63659118099129e-40,1.47241132933457e-38,"Down in tumour"
"ENSG00000072571.19","HMMR","ENSG00000072571",80.2075712796393,2.52301990767781,2.55537772342781,0.191930660841687,13.3140672377281,1.91752278829127e-40,1.71735423297055e-38,"Up in tumour"
"ENSG00000104332.11","SFRP1","ENSG00000104332",56.8610843820546,-3.60563160795624,-3.6745133292282,0.27612711836127,-13.3073250864867,2.09861546252612e-40,1.87107638962971e-38,"Down in tumour"
"ENSG00000165125.19","TRPV6","ENSG00000165125",67.3655680564734,-4.17311917394707,-4.2551385155494,0.319808766579923,-13.305259143001,2.15743804113182e-40,1.91489556718036e-38,"Down in tumour"
"ENSG00000145386.9","CCNA2","ENSG00000145386",82.4185218957345,2.22573989807653,2.2524027327417,0.169375356909273,13.2982906949575,2.36820495625715e-40,2.09258395978562e-38,"Up in tumour"
"ENSG00000224273.2","AC005077.7","ENSG00000224273",52.3474465395683,-3.40149728868631,-3.45846106648687,0.260630013829112,-13.2696193184968,3.47340746703861e-40,3.04199796438475e-38,"Down in tumour"
"ENSG00000169715.14","MT1E","ENSG00000169715",1546.53853087132,-3.355204086392,-3.42435462827346,0.258057121548763,-13.2697544160834,3.46715134929416e-40,3.04199796438475e-38,"Down in tumour"
"ENSG00000094804.9","CDC6","ENSG00000094804",113.337282322927,2.32581088531575,2.35564310549301,0.177535433987789,13.2685799819265,3.52191407714879e-40,3.07089186471392e-38,"Up in tumour"
"ENSG00000133800.8","LYVE1","ENSG00000133800",222.66688351684,-2.84540074353486,-2.8897252479809,0.217795093619147,-13.2680915807685,3.54494018596292e-40,3.07741232898088e-38,"Down in tumour"
"ENSG00000164128.6","NPY1R","ENSG00000164128",78.846683097591,-3.00727121874954,-3.0539704392932,0.230271731128727,-13.2624635439335,3.82132925858643e-40,3.3028633194411e-38,"Down in tumour"
"ENSG00000165795.23","NDRG2","ENSG00000165795",2169.58365293876,-1.80269926494995,-1.82423417329746,0.137697243910648,-13.2481531328339,4.62443819650805e-40,3.9796306618906e-38,"Down in tumour"
"ENSG00000185652.11","NTF3","ENSG00000185652",20.4110432277109,-3.25897072032244,-3.31414260945049,0.250244749574224,-13.2436049710905,4.91326578610758e-40,4.20988180538647e-38,"Down in tumour"
"ENSG00000205312.8","KRT17P4","ENSG00000205312",28.5726321817256,-3.99403776796778,-4.02310174884625,0.305064875398327,-13.1876924329398,1.03299039463393e-39,8.81292193146097e-38,"Down in tumour"
"ENSG00000196990.8","FAM163B","ENSG00000196990",29.3014374868175,-3.83800031034238,-3.91315472110716,0.296925866665377,-13.1788946684026,1.16079054645526e-39,9.86074132445875e-38,"Down in tumour"
"ENSG00000113594.9","LIFR","ENSG00000113594",1470.5958097047,-2.56388508862874,-2.60246980553812,0.197559334051625,-13.1731047689099,1.25335442613047e-39,1.06015573317951e-37,"Down in tumour"
"ENSG00000120129.5","DUSP1","ENSG00000120129",4484.1816678116,-1.999152726009,-2.02467391602401,0.153854451110748,-13.1596707239013,1.49736998608651e-39,1.26116783551533e-37,"Down in tumour"
"ENSG00000094975.13","SUCO","ENSG00000094975",673.605615884766,1.21853935150654,1.22859713460895,0.0934581763011024,13.1459566539226,1.79520601329878e-39,1.50561494157724e-37,"Up in tumour"
"ENSG00000125968.8","ID1","ENSG00000125968",592.921119606157,-2.39223240336905,-2.42607326914213,0.184695324102546,-13.1355424450006,2.06009868244703e-39,1.72048663382591e-37,"Down in tumour"
"ENSG00000091409.14","ITGA6","ENSG00000091409",960.861238319308,1.65304085395796,1.66956094171943,0.127199138506696,13.1255679977073,2.35014020104386e-39,1.95446743694374e-37,"Up in tumour"
"ENSG00000213071.11","LPAL2","ENSG00000213071",500.296294099805,-2.95817901202585,-3.01512879760717,0.229867469957582,-13.1168137804081,2.63794548749603e-39,2.18463828594179e-37,"Down in tumour"
"ENSG00000105607.12","GCDH","ENSG00000105607",777.217405383859,-1.50708731891542,-1.5224314339862,0.116078769305206,-13.1155028873822,2.68395938196878e-39,2.21348366863784e-37,"Down in tumour"
"ENSG00000153822.13","KCNJ16","ENSG00000153822",49.7092617145417,-4.76993505087203,-5.02215638843828,0.383386577789155,-13.0994580389307,3.3161712183843e-39,2.72352601350541e-37,"Down in tumour"
"ENSG00000232855.6","AF131217.1","ENSG00000232855",69.585454102511,-2.45461933914117,-2.49009114944217,0.1901425524181,-13.0959173408316,3.47450872300758e-39,2.84177484109459e-37,"Down in tumour"
"ENSG00000197859.9","ADAMTSL2","ENSG00000197859",753.508198477453,-2.72756226341951,-2.77309045176106,0.212053310549999,-13.0773268503498,4.43773568285095e-39,3.61465441854604e-37,"Down in tumour"
"ENSG00000124780.13","KCNK17","ENSG00000124780",17.3582765345845,-3.01556453831113,-3.06095057115656,0.234330729531493,-13.0625231154123,5.39109079203218e-39,4.3731909855202e-37,"Down in tumour"
"ENSG00000148339.12","SLC25A25","ENSG00000148339",3009.57050091129,-1.73539404148541,-1.75517583437861,0.134475306638232,-13.0520307278452,6.18758059189426e-39,4.99880745532094e-37,"Down in tumour"
"ENSG00000177138.15","FAM9B","ENSG00000177138",53.5230692529567,-3.94241963950857,-4.03176805935562,0.30891184719246,-13.0515164633479,6.22949436912606e-39,5.01221065236228e-37,"Down in tumour"
"ENSG00000115738.9","ID2","ENSG00000115738",2100.68518199445,-1.61359874373634,-1.63205351606981,0.125125359288514,-13.0433472906689,6.93444386222043e-39,5.55681973137365e-37,"Down in tumour"
"ENSG00000241644.2","INMT","ENSG00000241644",385.556173897511,-3.08287259899445,-3.14552797132927,0.241378062618223,-13.0315403861055,8.09565884144065e-39,6.46118449389656e-37,"Down in tumour"
"ENSG00000062524.15","LTK","ENSG00000062524",65.7584378790267,-2.55941618771565,-2.59873672088807,0.19951921531344,-13.0249946943983,8.82072145874008e-39,7.01158794509407e-37,"Down in tumour"
"ENSG00000205866.3","FAM99A","ENSG00000205866",797.539836908846,-4.30949635231369,-4.4460334498241,0.341392154421068,-13.02324436062,9.02531198865341e-39,7.14552000765668e-37,"Down in tumour"
"ENSG00000068489.12","PRR11","ENSG00000068489",77.5555890745515,2.0523158176111,2.07619669512139,0.159429288064417,13.0226805897954,9.09220846144516e-39,7.16980406682805e-37,"Up in tumour"
"ENSG00000226827.1","NPM1P11","ENSG00000226827",28.4752615247748,-3.90614736774762,-3.91020932644528,0.300601763520491,-13.007938744773,1.10276656208114e-38,8.66153117590162e-37,"Down in tumour"
"ENSG00000166405.14","RIC3","ENSG00000166405",106.645302090601,-3.22704327320303,-3.29483758949275,0.253342545014571,-13.0054649498498,1.13904022607312e-38,8.91107636152774e-37,"Down in tumour"
"ENSG00000157456.7","CCNB2","ENSG00000157456",71.7220586357423,2.12102156308706,2.14763045740586,0.165256637516194,12.9957288837818,1.29369304595946e-38,1.00811285270376e-36,"Up in tumour"
"ENSG00000107562.16","CXCL12","ENSG00000107562",1555.84840931781,-2.69443125138768,-2.74794473378029,0.211480338458608,-12.9938544349272,1.32578085871353e-38,1.02906590339282e-36,"Down in tumour"
"ENSG00000163535.17","SGO2","ENSG00000163535",85.59036440305,1.91660717847125,1.93845039204925,0.14925772486478,12.9872701316156,1.44489467827596e-38,1.11714063934047e-36,"Up in tumour"
"ENSG00000138109.9","CYP2C9","ENSG00000138109",15877.86754679,-3.5741971551316,-3.66258373968003,0.282076455085256,-12.9843653153292,1.50077097670193e-38,1.15582723509188e-36,"Down in tumour"
"ENSG00000176907.4","C8orf4","ENSG00000176907",2187.86506826473,-2.39106406285466,-2.4260159582147,0.186874737105782,-12.9820434574922,1.54697419276152e-38,1.17766385374341e-36,"Down in tumour"
"ENSG00000177628.15","GBA","ENSG00000177628",726.311854243756,1.37814890304127,1.3908670558214,0.107137220458817,12.9821088307592,1.54565416886737e-38,1.17766385374341e-36,"Up in tumour"
"ENSG00000253729.7","PRKDC","ENSG00000253729",3849.69502959299,1.0592098472664,1.06716954311399,0.0822005866683319,12.9825051908677,1.53767476663486e-38,1.17766385374341e-36,"Up in tumour"
"ENSG00000240935.6","PLGLA","ENSG00000240935",284.84884855264,-3.40824623630741,-3.48364250622104,0.268376856498258,-12.9804132579653,1.58025624595793e-38,1.19839125962626e-36,"Down in tumour"
"ENSG00000196932.11","TMEM26","ENSG00000196932",67.6932964618874,-2.31674666118335,-2.34666059376845,0.180814374015551,-12.9782856398719,1.62476655367586e-38,1.22744291591246e-36,"Down in tumour"
"ENSG00000262061.5","RP11-1260E13.4","ENSG00000262061",54.5474651740011,-1.74573999739647,-1.76773998816647,0.136294069768015,-12.970043312782,1.80928078135443e-38,1.36163857434785e-36,"Down in tumour"
"ENSG00000275880.1","RP11-90L1.8","ENSG00000275880",47.7797327078734,-1.92494515311316,-1.94849861731119,0.15027298359264,-12.9663933644466,1.89750703242425e-38,1.42262714745353e-36,"Down in tumour"
"ENSG00000223764.2","RP11-54O7.3","ENSG00000223764",74.1575389267165,-3.4705691066042,-3.54672006664948,0.27359583704278,-12.9633553821029,1.97419281060558e-38,1.47453578491759e-36,"Down in tumour"
"ENSG00000231969.1","AC144449.1","ENSG00000231969",86.5867138430887,-1.92017796160918,-1.94398773113258,0.150130460854911,-12.9486562557833,2.39102701505009e-38,1.77915780860475e-36,"Down in tumour"
"ENSG00000143179.14","UCK2","ENSG00000143179",315.150585595573,1.36311866834452,1.37585399081071,0.106262194895148,12.9477279494208,2.420111804364e-38,1.79405516643358e-36,"Up in tumour"
"ENSG00000064300.8","NGFR","ENSG00000064300",278.180348473761,-2.99158156738155,-3.04742688353526,0.235445154517864,-12.9432558923358,2.56523005877439e-38,1.89453725945229e-36,"Down in tumour"
"ENSG00000100242.15","SUN2","ENSG00000100242",2993.07221317533,-1.01050108538617,-1.01808029553828,0.0786653610879161,-12.9419134604935,2.61045679438994e-38,1.92077216845205e-36,"Down in tumour"
"ENSG00000051341.13","POLQ","ENSG00000051341",135.134597806935,2.41850605832902,2.45259589936021,0.189712963904241,12.9279299046647,3.1313679063071e-38,2.29552462850135e-36,"Up in tumour"
"ENSG00000170345.9","FOS","ENSG00000170345",5189.27701518218,-2.63560431269069,-2.67894401983134,0.207307841900322,-12.9225406780291,3.35864986566684e-38,2.44693795435519e-36,"Down in tumour"
"ENSG00000136305.11","CIDEB","ENSG00000136305",1109.06222862114,-2.21477738329716,-2.2457836922825,0.173789320359589,-12.9224493636072,3.36263893085743e-38,2.44693795435519e-36,"Down in tumour"
"ENSG00000164512.17","ANKRD55","ENSG00000164512",16.6419997525737,-2.62350268091265,-2.66133869492469,0.206020958915042,-12.9178055909455,3.57183487899682e-38,2.58964570549392e-36,"Down in tumour"
"ENSG00000135298.13","ADGRB3","ENSG00000135298",39.5820299145743,-3.19133107596488,-3.25037386841497,0.251697719414355,-12.9137994415598,3.76266932391923e-38,2.71804795358881e-36,"Down in tumour"
"ENSG00000129173.12","E2F8","ENSG00000129173",51.3650527094591,3.03863002217182,3.08144862396936,0.23870210748866,12.9091806368561,3.99529669432417e-38,2.8755966353003e-36,"Up in tumour"
"ENSG00000274997.1","HIST1H2AH","ENSG00000274997",58.0245173650658,2.58323576242822,2.59155566453339,0.200797432824014,12.9063187117772,4.14655550908687e-38,2.97365120258537e-36,"Up in tumour"
"ENSG00000189320.8","FAM180A","ENSG00000189320",83.5848609448112,-3.62040445621199,-3.70316547045173,0.287170187029176,-12.8953688012032,4.77971033798866e-38,3.4153359826646e-36,"Down in tumour"
"ENSG00000112186.11","CAP2","ENSG00000112186",211.150526504954,1.93222413373989,1.95339541237125,0.151492792375254,12.8943125395207,4.84564919259907e-38,3.44999764277386e-36,"Up in tumour"
"ENSG00000229754.1","CXCR2P1","ENSG00000229754",150.676478991065,-2.46918727152235,-2.50733644286939,0.194540419056897,-12.888511575253,5.22423605070022e-38,3.70621161833367e-36,"Down in tumour"
"ENSG00000174358.15","SLC6A19","ENSG00000174358",61.0793029236168,-5.38052866533873,-5.58979309915825,0.433837885393906,-12.8845204334401,5.50164193688708e-38,3.88907138774307e-36,"Down in tumour"
"ENSG00000117009.11","KMO","ENSG00000117009",689.763089195624,-2.37553190424273,-2.41167232717393,0.18719256140287,-12.8833769306869,5.58378648620019e-38,3.93309202567119e-36,"Down in tumour"
"ENSG00000171848.13","RRM2","ENSG00000171848",229.780088961282,2.3295198858265,2.36039354876431,0.183421142117169,12.8687103434156,6.75201151036975e-38,4.7390980079698e-36,"Up in tumour"
"ENSG00000116675.15","DNAJC6","ENSG00000116675",77.4559401707381,2.28231621517061,2.31143442919533,0.179753871633513,12.8588853646944,7.66743245677952e-38,5.36259684159141e-36,"Up in tumour"
"ENSG00000171385.9","KCND3","ENSG00000171385",684.808116348748,-3.17745281338294,-3.24721374257795,0.252630766764286,-12.8535957206183,8.21033195583513e-38,5.72208100006496e-36,"Down in tumour"
"ENSG00000087258.14","GNAO1","ENSG00000087258",501.332929606808,-2.93842990307565,-2.99501725923705,0.233078426291874,-12.8498261588849,8.62037456570017e-38,5.98677451855802e-36,"Down in tumour"
"ENSG00000144655.14","CSRNP1","ENSG00000144655",955.079056345022,-1.77048606022995,-1.79131770182164,0.139418419236043,-12.8485010204343,8.76930341282495e-38,6.06890987587567e-36,"Down in tumour"
"ENSG00000241935.8","HOGA1","ENSG00000241935",458.693712067837,-2.70097730759257,-2.74843659464861,0.214000005433025,-12.8431613311747,9.39578237072211e-38,6.47981604403145e-36,"Down in tumour"
"ENSG00000274956.2","UG0898H09","ENSG00000274956",21.4327472338377,-2.96615403100116,-3.00293006601567,0.233902721712601,-12.8383716274383,9.99547995544819e-38,6.86946301243701e-36,"Down in tumour"
"ENSG00000179636.14","TPPP2","ENSG00000179636",46.5772803714204,-2.8254335922958,-2.87635810625415,0.224276067251452,-12.825078223925,1.18666749262418e-37,8.12723518391364e-36,"Down in tumour"
"ENSG00000184357.4","HIST1H1B","ENSG00000184357",210.768940069581,2.29996062845553,2.33237378004067,0.18230851315461,12.7935538482652,1.78137684091099e-37,1.21582040731556e-35,"Up in tumour"
"ENSG00000108381.10","ASPA","ENSG00000108381",184.330460051358,-2.44253243150116,-2.4838310450268,0.194448523253525,-12.7737202806541,2.29897817193266e-37,1.56370017034581e-35,"Down in tumour"
"ENSG00000159200.17","RCAN1","ENSG00000159200",969.888509412574,-1.70429728330534,-1.72436814259635,0.134997644489057,-12.7733202243845,2.31082782133758e-37,1.56637722834708e-35,"Down in tumour"
"ENSG00000175806.14","MSRA","ENSG00000175806",291.018713673945,-1.41363595020656,-1.42795910510543,0.11196182552111,-12.7539819796543,2.96219184458112e-37,2.00104652490765e-35,"Down in tumour"
"ENSG00000168079.16","SCARA5","ENSG00000168079",37.7513982402567,-3.82183590501664,-3.89273099879271,0.305600350428451,-12.7379794994839,3.63692039415527e-37,2.44848861773861e-35,"Down in tumour"
"ENSG00000258604.1","AL161668.5","ENSG00000258604",25.8370507140325,-3.07299130512772,-3.14292473566531,0.24692251270634,-12.7283847115355,4.11259397023119e-37,2.75640156847986e-35,"Down in tumour"
"ENSG00000184661.13","CDCA2","ENSG00000184661",60.457805277961,2.74335446866215,2.7838887052909,0.218718113913156,12.7282036932536,4.12213845435274e-37,2.75640156847986e-35,"Up in tumour"
"ENSG00000232354.8","VIPR1-AS1","ENSG00000232354",23.4383556199963,-2.8501861184599,-2.88307755960939,0.226524289833371,-12.7274543570146,4.16188319530883e-37,2.77360788164134e-35,"Down in tumour"
"ENSG00000136108.14","CKAP2","ENSG00000136108",205.026805435064,1.40883642291225,1.4227788485575,0.111831550218117,12.7225174450547,4.4334280795564e-37,2.94465912680067e-35,"Up in tumour"
"ENSG00000144057.15","ST6GAL2","ENSG00000144057",104.888951231614,-3.41773413501699,-3.49679653992161,0.274893667794414,-12.7205423390719,4.54693273949641e-37,3.00994781648336e-35,"Down in tumour"
"ENSG00000151725.11","CENPU","ENSG00000151725",72.3799186823257,1.88446780594172,1.90790973229117,0.150040774705501,12.715941623442,4.82264869124373e-37,3.18182285152624e-35,"Up in tumour"
"ENSG00000205143.2","ARID3C","ENSG00000205143",43.5252939436856,-2.68179517317504,-2.72615232347953,0.214506207481625,-12.708967052681,5.27262985813472e-37,3.46714826518473e-35,"Down in tumour"
"ENSG00000277893.1","SRD5A2","ENSG00000277893",398.581953378812,-3.50361368873325,-3.58378873476641,0.282148065853631,-12.7018015307805,5.77840195855034e-37,3.78714933660884e-35,"Down in tumour"
"ENSG00000131473.16","ACLY","ENSG00000131473",1272.6502017112,1.03910969187712,1.04704766035173,0.0824897284537431,12.6930671245798,6.46052977682911e-37,4.22023979778147e-35,"Up in tumour"
"ENSG00000138180.15","CEP55","ENSG00000138180",46.6880157158798,2.90316844143382,2.94604238387502,0.23242956181893,12.6749900521263,8.13690121091035e-37,5.29781860748515e-35,"Up in tumour"
"ENSG00000204583.9","LRCOL1","ENSG00000204583",74.3122489470092,-3.50006919435672,-3.60205094911771,0.284347234426256,-12.6677896353934,8.91923413143736e-37,5.78814430044393e-35,"Down in tumour"
"ENSG00000187634.11","SAMD11","ENSG00000187634",100.760435371971,-2.89193283638078,-2.94846921455423,0.232930351480869,-12.6581580966549,1.00837519343688e-36,6.52247392277653e-35,"Down in tumour"
"ENSG00000110492.15","MDK","ENSG00000110492",448.752152831188,2.40174937857696,2.43679954617572,0.192793277735718,12.6394424888408,1.27958012070152e-36,8.24974896711568e-35,"Up in tumour"
"ENSG00000111247.14","RAD51AP1","ENSG00000111247",47.5839408788241,2.06747731947359,2.0944613582231,0.165998286134378,12.6173673656342,1.69389799084932e-36,1.08854944587275e-34,"Up in tumour"
"ENSG00000007001.12","UPP2","ENSG00000007001",225.548252067496,-3.49464886298561,-3.5762549005875,0.28364332352869,-12.608281612614,1.90092566344456e-36,1.21763824131256e-34,"Down in tumour"
"ENSG00000140534.13","TICRR","ENSG00000140534",97.0115427475369,2.31367729719097,2.34645854105995,0.186303439817708,12.5948213482043,2.25469851869307e-36,1.43958863808038e-34,"Up in tumour"
"ENSG00000137804.12","NUSAP1","ENSG00000137804",229.000147662958,1.82182274646716,1.8444540041075,0.14648492537664,12.5914253590604,2.35384168115754e-36,1.49805750466724e-34,"Up in tumour"
"ENSG00000147883.10","CDKN2B","ENSG00000147883",121.16096817721,1.66046491832038,1.67925365905565,0.133436491085088,12.5846658991118,2.56425385895138e-36,1.62673963558413e-34,"Up in tumour"
"ENSG00000253813.1","COX6B1P4","ENSG00000253813",71.2667641739368,-3.53134741763461,-3.63072125633483,0.289086406676591,-12.5592942887717,3.53471356210596e-36,2.23522637491257e-34,"Down in tumour"
"ENSG00000133027.17","PEMT","ENSG00000133027",429.422597286402,-2.00543943388572,-2.03574774361485,0.162420466103247,-12.5338129636986,4.87607698979391e-36,3.07363668340735e-34,"Down in tumour"
"ENSG00000181291.6","TMEM132E","ENSG00000181291",27.2489484814812,-3.16970379008406,-3.23483793407553,0.258231433413595,-12.5268945430608,5.32054942219041e-36,3.34316300677507e-34,"Down in tumour"
"ENSG00000011465.16","DCN","ENSG00000011465",1921.45613528862,-3.35234700537405,-3.43714228183849,0.274836476612663,-12.506135736424,6.91050333537738e-36,4.31481364407333e-34,"Down in tumour"
"ENSG00000146674.14","IGFBP3","ENSG00000146674",2638.76684319419,-2.16536774061463,-2.2008312145182,0.176021716269543,-12.5031800686914,7.17236556127038e-36,4.46423369667373e-34,"Down in tumour"
"ENSG00000186642.15","PDE2A","ENSG00000186642",298.809825533083,-1.88024183070551,-1.9059604350753,0.152610772117216,-12.489029500561,8.56925541012319e-36,5.31696778472001e-34,"Down in tumour"
"ENSG00000129810.14","SGO1","ENSG00000129810",46.1567195408371,1.95106128560288,1.97576116019816,0.15825898261521,12.4843539845192,9.08779547800245e-36,5.6210854967532e-34,"Up in tumour"
"ENSG00000258872.2","FDPSP3","ENSG00000258872",39.8012557360203,-2.04515466767441,-2.07528211539573,0.166247222714373,-12.4831084785173,9.2311113584058e-36,5.69194352389177e-34,"Down in tumour"
"ENSG00000162734.12","PEA15","ENSG00000162734",700.624921363493,1.26311790899715,1.27475562156692,0.1022889522323,12.4623001189016,1.19862898905043e-35,7.36784583238361e-34,"Up in tumour"
"ENSG00000130653.15","PNPLA7","ENSG00000130653",832.821769622689,-1.72120879331942,-1.74307159186734,0.140071906592535,-12.4441198400896,1.50534613787741e-35,9.22455607028097e-34,"Down in tumour"
"ENSG00000254042.1","CTC-558O2.1","ENSG00000254042",29.3388239479131,-2.42080068959919,-2.4592440200347,0.197628597707137,-12.4437659760103,1.51203195047871e-35,9.23692851722995e-34,"Down in tumour"
"ENSG00000196169.14","KIF19","ENSG00000196169",37.0203073550656,-2.53447296711766,-2.57646023520541,0.207110033100892,-12.4400551563347,1.58394506631346e-35,9.64646913770535e-34,"Down in tumour"
"ENSG00000125740.13","FOSB","ENSG00000125740",2034.62288942795,-2.9630973709231,-3.02236626666509,0.243026910368068,-12.4363440332088,1.65926200712122e-35,1.00741634683897e-33,"Down in tumour"
"ENSG00000151012.13","SLC7A11","ENSG00000151012",170.436964965329,2.97599985244661,3.01562412007476,0.243041529413475,12.4078552638813,2.36914196797854e-35,1.43401917346175e-33,"Up in tumour"
"ENSG00000099860.8","GADD45B","ENSG00000099860",2174.49159444894,-2.07089894956429,-2.10141082754016,0.169483194951018,-12.3989332874418,2.64825490993552e-35,1.59807650708395e-33,"Down in tumour"
"ENSG00000164039.14","BDH2","ENSG00000164039",518.584921935933,-1.53725110022006,-1.55525843467652,0.125446321978007,-12.3978001917758,2.68596393968042e-35,1.61590529659862e-33,"Down in tumour"
"ENSG00000139597.17","N4BP2L1","ENSG00000139597",968.333556023873,-1.65050045032448,-1.67092363484392,0.134920798453909,-12.384477812105,3.17142405408187e-35,1.90218170613462e-33,"Down in tumour"
"ENSG00000170927.14","PKHD1","ENSG00000170927",1809.97221311067,-3.19171684964713,-3.28341538483485,0.265128784145133,-12.3842282738999,3.18130337623766e-35,1.90234252948254e-33,"Down in tumour"
"ENSG00000198554.11","WDHD1","ENSG00000198554",87.3475294014024,1.60654270311403,1.62488594021873,0.131220211085182,12.382893814764,3.23465648276935e-35,1.9284203543209e-33,"Up in tumour"
"ENSG00000101955.14","SRPX","ENSG00000101955",87.8411526107315,-2.82960728068221,-2.88243337244394,0.232795968830281,-12.3818010549202,3.27900755767802e-35,1.94899088856219e-33,"Down in tumour"
"ENSG00000166856.2","GPR182","ENSG00000166856",54.710564625166,-1.68292805422117,-1.70355241645791,0.137666734466856,-12.3744666644073,3.59272836731075e-35,2.12906804114316e-33,"Down in tumour"
"ENSG00000130707.17","ASS1","ENSG00000130707",12056.1472284398,-2.6497118234388,-2.69807508709596,0.218103714718954,-12.3706058403116,3.76967273090415e-35,2.22725768247122e-33,"Down in tumour"
"ENSG00000223991.1","AC104809.2","ENSG00000223991",55.3420187823067,-3.54260853993978,-3.64750478372226,0.294873730360008,-12.369717639035,3.81158942889207e-35,2.24532111803752e-33,"Down in tumour"
"ENSG00000151790.8","TDO2","ENSG00000151790",4775.87894050548,-2.94845152139106,-3.01159267799554,0.243535061701405,-12.3661564661601,3.98435294201212e-35,2.34012753060077e-33,"Down in tumour"
"ENSG00000122971.8","ACADS","ENSG00000122971",917.960383726673,-1.68232113312014,-1.7038053352935,0.137944191843277,-12.3514104691646,4.78648122827889e-35,2.80292375595634e-33,"Down in tumour"
"ENSG00000226321.5","CROCC2","ENSG00000226321",27.4078713133289,-3.11759058823003,-3.17959683927344,0.257633929092875,-12.3415299004629,5.41176768830693e-35,3.15973798981295e-33,"Down in tumour"
"ENSG00000249096.6","RP11-290F5.1","ENSG00000249096",344.528055987261,-2.44543922449981,-2.48719878596439,0.201596173980281,-12.3375297102994,5.68741763294813e-35,3.31091344732184e-33,"Down in tumour"
"ENSG00000121207.11","LRAT","ENSG00000121207",113.447216074908,-2.56063896774659,-2.60494825560974,0.211343061847372,-12.3256861750729,6.5880297036532e-35,3.82395518839905e-33,"Down in tumour"
"ENSG00000261235.1","RP11-510J16.5","ENSG00000261235",30.8005534818415,-2.707577480503,-2.7549234663109,0.22361902723603,-12.3197184978498,7.09414883254933e-35,4.10568677902482e-33,"Down in tumour"
"ENSG00000164109.13","MAD2L1","ENSG00000164109",49.3112811325088,2.06500389775564,2.08476257111437,0.169289943124452,12.3147455344218,7.54527897126442e-35,4.35404392647921e-33,"Up in tumour"
"ENSG00000112964.13","GHR","ENSG00000112964",1830.54327971454,-2.77922282857587,-2.8324663923691,0.230128080067398,-12.3082171960047,8.18103826850249e-35,4.70718867582761e-33,"Down in tumour"
"ENSG00000250770.3","RP5-1063M23.3","ENSG00000250770",35.6574503000434,-2.36063942168252,-2.39820944511122,0.195002349648289,-12.2983617860846,9.24297515154463e-35,5.30278861375428e-33,"Down in tumour"
"ENSG00000203760.8","CENPW","ENSG00000203760",23.3909225794285,2.21346553004126,2.24196962287394,0.18244537887146,12.2884429122948,1.04499482989358e-34,5.9779140659201e-33,"Up in tumour"
"ENSG00000154258.16","ABCA9","ENSG00000154258",1118.23926514984,-2.25107292129836,-2.28861029084737,0.186456779009912,-12.2742133753459,1.24596870651144e-34,7.10704859019624e-33,"Down in tumour"
"ENSG00000094755.16","GABRP","ENSG00000094755",85.2930144437301,-4.24339495763097,-4.32510261102808,0.352470630171774,-12.2708170292665,1.29935527529639e-34,7.39026981722455e-33,"Down in tumour"
"ENSG00000156509.13","FBXO43","ENSG00000156509",27.2596864817343,2.45803345063771,2.49418065453177,0.203602018674159,12.2502746818214,1.67427877679786e-34,9.49541542382809e-33,"Up in tumour"
"ENSG00000196584.2","XRCC2","ENSG00000196584",77.4655372350898,2.30347407350856,2.33904318652479,0.191059421680134,12.2424906657613,1.84289175079845e-34,1.04218161210154e-32,"Up in tumour"
"ENSG00000173918.14","C1QTNF1","ENSG00000173918",480.119057587123,-2.50850040000497,-2.55578267026905,0.209293983237967,-12.2114483690777,2.70038705042046e-34,1.51843070707307e-32,"Down in tumour"
"ENSG00000198650.10","TAT","ENSG00000198650",24244.9732088124,-3.60104390833996,-3.70654135781625,0.303639436413916,-12.2070486020912,2.85042654007015e-34,1.59825757811922e-32,"Down in tumour"
"ENSG00000170271.10","FAXDC2","ENSG00000170271",1274.22591360958,-1.46000868844234,-1.47728459279854,0.121055878710494,-12.2033279881555,2.98374826408697e-34,1.66828614099077e-32,"Down in tumour"
"ENSG00000125459.14","MSTO1","ENSG00000125459",345.240650949308,1.15446507976537,1.16528781117021,0.0955408828320856,12.1967452741484,3.23497828676569e-34,1.80365986563249e-32,"Up in tumour"
"ENSG00000101003.9","GINS1","ENSG00000101003",77.7564915385135,2.23594460425863,2.27025266609101,0.186333700523789,12.183800674324,3.79190475864145e-34,2.10823513729748e-32,"Up in tumour"
"ENSG00000189057.10","FAM111B","ENSG00000189057",101.814147560588,2.44571216176676,2.4870341111717,0.204149002729683,12.1824455565175,3.85545031422067e-34,2.13756101034649e-32,"Up in tumour"
"ENSG00000204653.9","ASPDH","ENSG00000204653",292.901687842509,-2.66594624049507,-2.72327690548085,0.22361246472958,-12.1785559171497,4.04378338529266e-34,2.23571521075692e-32,"Down in tumour"
"ENSG00000168477.17","TNXB","ENSG00000168477",1867.48614526484,-2.15727475448222,-2.19286710108083,0.180079467853407,-12.1772189090759,4.11060831393167e-34,2.26633065063091e-32,"Down in tumour"
"ENSG00000088325.15","TPX2","ENSG00000088325",283.550516812382,2.03818967096565,2.06684998443721,0.16981182945359,12.1714134468004,4.41372583233107e-34,2.42669098331469e-32,"Up in tumour"
"ENSG00000130222.10","GADD45G","ENSG00000130222",1046.04505440111,-2.48698186108011,-2.53215877168518,0.208066102195282,-12.1699726431584,4.49233049192817e-34,2.46306641071286e-32,"Down in tumour"
"ENSG00000113739.10","STC2","ENSG00000113739",66.4961387211162,2.84698374742521,2.86906512503495,0.235849115955694,12.1648330688419,4.78422363163455e-34,2.61586017516416e-32,"Up in tumour"
"ENSG00000101204.16","CHRNA4","ENSG00000101204",700.193705406831,-4.54500581708359,-4.77160294343624,0.392307632960746,-12.162911303624,4.89814122138418e-34,2.67076884834317e-32,"Down in tumour"
"ENSG00000060971.17","ACAA1","ENSG00000060971",3959.24403847873,-1.65291784193623,-1.67473044213345,0.137840872246546,-12.1497376999906,5.7549933160304e-34,3.12935666769752e-32,"Down in tumour"
"ENSG00000278637.1","HIST1H4A","ENSG00000278637",28.088814472838,1.95753832472844,1.96845580187065,0.162023668126298,12.1491867492855,5.7939043379873e-34,3.14188352224062e-32,"Up in tumour"
"ENSG00000116521.10","SCAMP3","ENSG00000116521",356.320082654972,1.13252852432684,1.13481943723872,0.0934439117342263,12.1443913913448,6.14380462186977e-34,3.32252253772318e-32,"Up in tumour"
"ENSG00000139547.7","RDH16","ENSG00000139547",3001.88084036278,-3.16981810271648,-3.25274947861438,0.268159061148621,-12.1299256668102,7.33159567821861e-34,3.95406739125289e-32,"Down in tumour"
"ENSG00000171587.14","DSCAM","ENSG00000171587",23.2914745112626,-3.64973646470903,-3.74130543446564,0.30865958468901,-12.1211380435025,8.16178562661502e-34,4.38984301379324e-32,"Down in tumour"
"ENSG00000256612.7","CYP2B7P","ENSG00000256612",2507.87792695361,-3.81064419024833,-3.96369628579594,0.327253624752397,-12.1120011697194,9.124058175017e-34,4.89410524276725e-32,"Down in tumour"
"ENSG00000260886.1","TAT-AS1","ENSG00000260886",297.229289749562,-3.42961857129767,-3.52232215849238,0.29089414534316,-12.1086045040102,9.50983101789621e-34,5.08724554965458e-32,"Down in tumour"
"ENSG00000179094.15","PER1","ENSG00000179094",2603.79446461368,-1.58379665142846,-1.60406583302498,0.132613784631098,-12.0957699645412,1.1119480950318e-33,5.93228804446481e-32,"Down in tumour"
"ENSG00000115107.19","STEAP3","ENSG00000115107",2120.02576233873,-1.83009242040405,-1.85670023089069,0.15354614985257,-12.0921314710491,1.16231551725499e-33,6.18433092285699e-32,"Down in tumour"
"ENSG00000085999.11","RAD54L","ENSG00000085999",45.6563243623801,2.52120991709965,2.55895838015719,0.211658655008664,12.0900247620511,1.19250777632088e-33,6.32796418678797e-32,"Up in tumour"
"ENSG00000040275.16","SPDL1","ENSG00000040275",79.8379497472876,1.29361831631758,1.30688076540948,0.108129407484816,12.0862658531908,1.24832611032494e-33,6.60644885071163e-32,"Up in tumour"
"ENSG00000071991.8","CDH19","ENSG00000071991",89.5776231206623,-3.48836512647466,-3.60563421397976,0.298649143779175,-12.0731443202992,1.46430339859301e-33,7.72878857822706e-32,"Down in tumour"
"ENSG00000165480.15","SKA3","ENSG00000165480",34.0197166484526,2.52196019294211,2.56180161020157,0.212484797557135,12.0563995149476,1.79458061469553e-33,9.44684417730551e-32,"Up in tumour"
"ENSG00000169855.19","ROBO1","ENSG00000169855",1435.1883692701,2.07196274195804,2.10230646429277,0.174447067508217,12.0512571195486,1.91014249562008e-33,1.00285014365539e-31,"Up in tumour"
"ENSG00000137834.14","SMAD6","ENSG00000137834",303.945256934296,-1.45121503022004,-1.46840265266886,0.121945647693184,-12.0414519127683,2.15135515361578e-33,1.12650191945812e-31,"Down in tumour"
"ENSG00000071539.13","TRIP13","ENSG00000071539",42.6972792067184,2.45148833684985,2.48632756609583,0.206489351147894,12.0409481277078,2.16453466829781e-33,1.13041252479205e-31,"Up in tumour"
"ENSG00000135480.15","KRT7","ENSG00000135480",241.609414464587,-3.38220371495919,-3.47876690796705,0.289228866510426,-12.0277306685833,2.54047846878271e-33,1.32325500875306e-31,"Down in tumour"
"ENSG00000165478.6","HEPACAM","ENSG00000165478",243.380227742903,-4.38134404757893,-4.66542887783867,0.387956541289793,-12.02564818814,2.60535416495844e-33,1.35348490779586e-31,"Down in tumour"
"ENSG00000167798.17","C3P1","ENSG00000167798",2988.03846891818,-3.67119024141764,-3.79409097399527,0.315641880968926,-12.0202394002613,2.78164374235957e-33,1.43716406488799e-31,"Down in tumour"
"ENSG00000161031.12","PGLYRP2","ENSG00000161031",1778.45081291962,-3.38611531208461,-3.48289264640562,0.289757051209494,-12.0200444885377,2.78821300923047e-33,1.43716406488799e-31,"Down in tumour"
"ENSG00000106689.10","LHX2","ENSG00000106689",24.3261200200353,-2.7526321360881,-2.80628159260035,0.233466747541287,-12.0200483458745,2.78808285296512e-33,1.43716406488799e-31,"Down in tumour"
"ENSG00000111275.12","ALDH2","ENSG00000111275",6778.8587636576,-1.82185428700243,-1.84885690980203,0.153859588600898,-12.0165205601703,2.9096760343467e-33,1.49587578565777e-31,"Down in tumour"
"ENSG00000118526.6","TCF21","ENSG00000118526",39.2538683089955,-2.5484480090205,-2.59736647567939,0.216170093877102,-12.0153830212797,2.94999583941263e-33,1.5126753277071e-31,"Down in tumour"
"ENSG00000007062.11","PROM1","ENSG00000007062",92.9697002093286,-3.89490751813454,-4.01341725932993,0.334511542160531,-11.997843881285,3.6467290932285e-33,1.86510875819824e-31,"Down in tumour"
"ENSG00000167701.13","GPT","ENSG00000167701",1464.49690355875,-2.21068251629505,-2.24988074770424,0.187559503920024,-11.9955571468327,3.74886057704644e-33,1.91240199488351e-31,"Down in tumour"
"ENSG00000101057.15","MYBL2","ENSG00000101057",140.492286694581,2.94050597688188,2.99995374179037,0.250119831431749,11.994065902803,3.8169886178554e-33,1.94215053247331e-31,"Up in tumour"
"ENSG00000110046.12","ATG2A","ENSG00000110046",1482.58131857692,-1.14317738338567,-1.15454558605493,0.0963263024338229,-11.9857770607163,4.21869726600884e-33,2.14104294836187e-31,"Down in tumour"
"ENSG00000178075.19","GRAMD1C","ENSG00000178075",393.42116447996,-1.9036077331447,-1.94420073801334,0.162289914165796,-11.9798001496701,4.53415397334728e-33,2.29525599985838e-31,"Down in tumour"
"ENSG00000126522.16","ASL","ENSG00000126522",4667.77319676872,-1.83408075619855,-1.8638408203605,0.155828758834323,-11.9608269635398,5.69915050626085e-33,2.87763484618421e-31,"Down in tumour"
"ENSG00000154920.14","EME1","ENSG00000154920",55.1290646424727,1.85269087176005,1.87773249553221,0.157051618475378,11.9561486456544,6.02940698023082e-33,3.03664255368215e-31,"Up in tumour"
"ENSG00000274276.4","CBSL","ENSG00000274276",623.750457730471,-2.28188542258943,-2.32156844201557,0.194339420801551,-11.945947108622,6.81693374930202e-33,3.42455760659733e-31,"Down in tumour"
"ENSG00000072080.10","SPP2","ENSG00000072080",899.543684696228,-3.70749558867703,-3.84509049051723,0.321882759345352,-11.9456242339211,6.84345983794735e-33,3.42917976132891e-31,"Down in tumour"
"ENSG00000187867.8","PALM3","ENSG00000187867",277.904737960133,-2.8275758800883,-2.89574001845725,0.242427120814585,-11.9447857513929,6.91282593087304e-33,3.45519100125682e-31,"Down in tumour"
"ENSG00000120334.15","CENPL","ENSG00000120334",57.9615586725455,1.75789786724986,1.78092923567067,0.149179993877039,11.9381238018993,7.48935145741094e-33,3.73392275558022e-31,"Up in tumour"
"ENSG00000163918.10","RFC4","ENSG00000163918",90.5211707171321,1.3965665182976,1.41243956993822,0.118540692831721,11.9152295823283,9.85942307276501e-33,4.90320504721703e-31,"Up in tumour"
"ENSG00000108187.15","PBLD","ENSG00000108187",1754.96423438899,-2.13212747858411,-2.17189956842878,0.182475801137609,-11.9023977693947,1.1499483762234e-32,5.70238996969098e-31,"Down in tumour"
"ENSG00000146731.10","CCT6A","ENSG00000146731",967.554927646108,1.02669151397866,1.03552591571341,0.0870027560362017,11.9022196869549,1.15240538972182e-32,5.70238996969098e-31,"Up in tumour"
"ENSG00000236341.1","RP5-1103B4.3","ENSG00000236341",29.0196513502875,-2.64080611101938,-2.69032544023328,0.226133337378809,-11.8970757315917,1.2256717183948e-32,6.0498055666305e-31,"Down in tumour"
"ENSG00000153443.12","UBALD1","ENSG00000153443",303.78435921192,-1.09293134278712,-1.10350112588816,0.0927911641815962,-11.8923082345271,1.29769845705854e-32,6.38938944292528e-31,"Down in tumour"
"ENSG00000183148.6","ANKRD20A2","ENSG00000183148",25.4469769008047,-3.16884693466097,-3.24413084301117,0.272998039140735,-11.8833485149642,1.44462138112106e-32,7.0784822593453e-31,"Down in tumour"
"ENSG00000178999.12","AURKB","ENSG00000178999",50.5585481585504,2.39327813140337,2.43299348182988,0.204739908036664,11.8833377682,1.4448071706035e-32,7.0784822593453e-31,"Up in tumour"
"ENSG00000166391.14","MOGAT2","ENSG00000166391",670.774986417413,-3.52208086263176,-3.6457963098305,0.306857120428806,-11.8810875391642,1.48423628276154e-32,7.25370092461707e-31,"Down in tumour"
"ENSG00000135862.5","LAMC1","ENSG00000135862",2103.79328102378,1.40435325902296,1.42040083055578,0.119569052021729,11.8793350498225,1.5156824344765e-32,7.38913852847125e-31,"Up in tumour"
"ENSG00000109927.9","TECTA","ENSG00000109927",68.302357695907,-1.72461065851616,-1.74883732209701,0.147525863204829,-11.8544456145216,2.04070348091662e-32,9.92423685449208e-31,"Down in tumour"
"ENSG00000157557.11","ETS2","ENSG00000157557",3119.30796989225,-1.29978839744297,-1.3144214519779,0.11090778866602,-11.8514801150356,2.11423130387575e-32,1.02566127935325e-30,"Down in tumour"
"ENSG00000102468.10","HTR2A","ENSG00000102468",48.4977607371081,-2.59229689945538,-2.6379358615151,0.222589612130795,-11.8511184608428,2.12337640358301e-32,1.02757919697111e-30,"Down in tumour"
"ENSG00000174059.16","CD34","ENSG00000174059",248.529612061033,1.85934445156669,1.88610225390219,0.159226883381281,11.8453756919036,2.27397006729932e-32,1.09777291565989e-30,"Up in tumour"
"ENSG00000122952.16","ZWINT","ENSG00000122952",111.114184254335,1.98318199599048,2.01390119569773,0.17003489980784,11.8440461221413,2.31032060698102e-32,1.11260768306509e-30,"Up in tumour"
"ENSG00000215483.9","LINC00598","ENSG00000215483",230.841124982184,-2.34942280269299,-2.38529960170194,0.201451912578645,-11.8405408574651,2.40894428635003e-32,1.15728723931374e-30,"Down in tumour"
"ENSG00000019991.15","HGF","ENSG00000019991",669.180712653792,-2.39425170913035,-2.44179603476414,0.206238690986696,-11.8396602649192,2.43437061556168e-32,1.16667064391798e-30,"Down in tumour"
"ENSG00000158023.9","WDR66","ENSG00000158023",128.8882580863,-1.40196939668247,-1.41875451514186,0.119878508050251,-11.8349363719737,2.57538733643016e-32,1.23127153502324e-30,"Down in tumour"
"ENSG00000274641.1","HIST1H2BO","ENSG00000274641",57.9031249529019,2.36385880861574,2.40211957700013,0.203010512954242,11.8324885841827,2.65161889269134e-32,1.2646624757359e-30,"Up in tumour"
"ENSG00000123453.17","SARDH","ENSG00000123453",3022.23950828973,-2.15150375899248,-2.18994878592379,0.185102957586124,-11.8309767411731,2.69981727228668e-32,1.28455488630698e-30,"Down in tumour"
"ENSG00000009694.13","TENM1","ENSG00000009694",1269.70225773715,-3.2428214790588,-3.34806381388745,0.283201717150514,-11.8221875473588,2.99775334616561e-32,1.41948641102048e-30,"Down in tumour"
"ENSG00000248050.1","RP11-422N16.3","ENSG00000248050",80.5826830988419,-3.22597180447723,-3.27545486871639,0.277056108854075,-11.8223520941802,2.99188636745558e-32,1.41948641102048e-30,"Down in tumour"
"ENSG00000164188.8","RANBP3L","ENSG00000164188",113.330972255071,-2.41284970479582,-2.46209090419631,0.208340681820898,-11.8176195003186,3.16526925699132e-32,1.49523089268805e-30,"Down in tumour"
"ENSG00000249201.2","CTD-3080P12.3","ENSG00000249201",82.3177236293083,-3.01475249318557,-3.08817773262806,0.261334756848717,-11.8169422615904,3.19088325812901e-32,1.50374172209875e-30,"Down in tumour"
"ENSG00000119986.6","AVPI1","ENSG00000119986",239.114435010781,-1.189257918615,-1.20185653407092,0.101713887232699,-11.8160515419231,3.22488497988691e-32,1.51615554410693e-30,"Down in tumour"
"ENSG00000140525.17","FANCI","ENSG00000140525",215.335431733172,1.54379584091279,1.563157621114,0.132327960524881,11.8127538194778,3.35393126347762e-32,1.573089135024e-30,"Up in tumour"
"ENSG00000156886.11","ITGAD","ENSG00000156886",98.8454528447092,-2.62520974265029,-2.68094142142881,0.227140021074674,-11.8030341317413,3.76487235634911e-32,1.76165764891768e-30,"Down in tumour"
"ENSG00000180745.4","CLRN3","ENSG00000180745",71.6131763557754,-3.44713637229012,-3.52855714651462,0.299274804277586,-11.7903582128544,4.37675480420501e-32,2.04313933584032e-30,"Down in tumour"
"ENSG00000137310.11","TCF19","ENSG00000137310",143.023838877929,1.84688580700739,1.87402141772925,0.15906791459294,11.7812660241692,4.8755215797096e-32,2.27061643828687e-30,"Up in tumour"
"ENSG00000137135.17","ARHGEF39","ENSG00000137135",73.9215212406045,1.39567883813294,1.41200660483854,0.119979635470622,11.7687189105045,5.65771436001977e-32,2.62871221426928e-30,"Up in tumour"
"ENSG00000005187.11","ACSM3","ENSG00000005187",687.757462284386,-1.9289641307581,-1.95981966180752,0.166602741587405,-11.7634298399546,6.02365870061705e-32,2.79218446513614e-30,"Down in tumour"
"ENSG00000101412.12","E2F1","ENSG00000101412",116.037140487034,2.30226975847238,2.34178241036,0.199148218977947,11.7589924849858,6.34873461990759e-32,2.93163231605184e-30,"Up in tumour"
"ENSG00000225756.1","DBH-AS1","ENSG00000225756",953.876642089211,-2.21783377696341,-2.2595202954943,0.19215371101991,-11.7589209362716,6.3541164229083e-32,2.93163231605184e-30,"Down in tumour"
"ENSG00000137642.12","SORL1","ENSG00000137642",7746.25009435892,-1.83458697492394,-1.86291932760904,0.158460022479906,-11.7563994908891,6.5466967656425e-32,3.01345974610144e-30,"Down in tumour"
"ENSG00000135094.10","SDS","ENSG00000135094",5998.18124530364,-3.19605269520434,-3.29477749201334,0.28028352610166,-11.7551592768899,6.64353577471841e-32,3.05093975844551e-30,"Down in tumour"
"ENSG00000242600.8","MBL1P","ENSG00000242600",71.7638437670624,-2.74239501103607,-2.80296668927154,0.23882561947567,-11.7364573173737,8.28862328869282e-32,3.79760927669206e-30,"Down in tumour"
"ENSG00000126231.13","PROZ","ENSG00000126231",506.140045831334,-2.89243554089812,-2.96392936328217,0.252614997063958,-11.7329905101863,8.63528917971671e-32,3.94730435875596e-30,"Down in tumour"
"ENSG00000184292.6","TACSTD2","ENSG00000184292",61.1037641177849,-3.69086724964811,-3.79176404554984,0.323410353195932,-11.724312496739,9.56746335723791e-32,4.36333645690806e-30,"Down in tumour"
"ENSG00000185130.5","HIST1H2BL","ENSG00000185130",59.8513167202683,2.34019276535364,2.38049337505312,0.203044072783674,11.7240229789388,9.60022764155761e-32,4.36821392435287e-30,"Up in tumour"
"ENSG00000170430.9","MGMT","ENSG00000170430",666.102160016137,-1.1052305142092,-1.11641990754815,0.0952898866169493,-11.7160377368901,1.05491558809047e-31,4.7889780355676e-30,"Down in tumour"
"ENSG00000139540.11","SLC39A5","ENSG00000139540",1255.11334556166,-2.99278365690181,-3.07475074737269,0.262466438272422,-11.7148339711964,1.07000647209021e-31,4.84637027507585e-30,"Down in tumour"
"ENSG00000282097.1","RP4-781K5.7","ENSG00000282097",45.6574496771245,-2.56121703043893,-2.61322103820043,0.223357601661149,-11.6997183832807,1.27877168940302e-31,5.77870503387078e-30,"Down in tumour"
"ENSG00000278463.1","HIST1H2AB","ENSG00000278463",34.8884567345314,2.10183691788151,2.13183454610534,0.182270366093497,11.6960018888194,1.33601093072268e-31,6.02361374756127e-30,"Up in tumour"
"ENSG00000124253.10","PCK1","ENSG00000124253",33554.1180826195,-3.87533273986612,-4.02630019393578,0.3447733413473,-11.6781076466118,1.64926333028797e-31,7.41906115827042e-30,"Down in tumour"
"ENSG00000163468.14","CCT3","ENSG00000163468",1560.32157414725,1.16196123854287,1.17403389238048,0.100615936795002,11.6684685326987,1.84718511162071e-31,8.29055213476387e-30,"Up in tumour"
"ENSG00000149582.15","TMEM25","ENSG00000149582",254.14849996333,-1.80897251253369,-1.83736138020956,0.157470696407392,-11.6679574176527,1.85831451333068e-31,8.31286829113057e-30,"Down in tumour"
"ENSG00000120158.11","RCL1","ENSG00000120158",882.704280337932,-1.55755855806148,-1.57894005702809,0.135323937833698,-11.6678547957161,1.86055709239168e-31,8.31286829113057e-30,"Down in tumour"
"ENSG00000111713.2","GYS2","ENSG00000111713",1284.57374234804,-3.3975190030591,-3.5055419153847,0.300473704557272,-11.6667177933253,1.88558432126432e-31,8.40571406999657e-30,"Down in tumour"
"ENSG00000234509.1","AP000253.1","ENSG00000234509",131.137471819749,-2.25319445679902,-2.29486293729091,0.19693805156287,-11.6527147449628,2.22263461111842e-31,9.86381319683112e-30,"Down in tumour"
"ENSG00000278677.1","HIST1H2AM","ENSG00000278677",57.5606169405622,2.04647725595552,2.07915999919625,0.178534332640995,11.6457152438972,2.41288772676719e-31,1.06841804867792e-29,"Up in tumour"
"ENSG00000147003.5","TMEM27","ENSG00000147003",65.9232223522724,-2.70970256972968,-2.75734674115131,0.23677953506791,-11.6452071770497,2.42731070038384e-31,1.07240537260485e-29,"Down in tumour"
"ENSG00000277639.2","RP11-467J12.4","ENSG00000277639",34.9360364020731,-2.71468802305315,-2.76435461382408,0.237475116327468,-11.6406074732148,2.56184397636688e-31,1.12932244597393e-29,"Down in tumour"
"ENSG00000156535.13","CD109","ENSG00000156535",239.993409873457,2.18041928671657,2.21675278066618,0.190584670061487,11.631327849984,2.85619644587918e-31,1.25628213896192e-29,"Up in tumour"
"ENSG00000162063.12","CCNF","ENSG00000162063",114.825011044165,1.67150310697132,1.69462990965606,0.145702998158743,11.6307140626561,2.87680935657753e-31,1.26254296218934e-29,"Up in tumour"
"ENSG00000165966.14","PDZRN4","ENSG00000165966",24.3325228536614,-3.32036498381024,-3.40662450624058,0.292947612960487,-11.6287839720342,2.94259510472334e-31,1.28855718822542e-29,"Down in tumour"
"ENSG00000170458.13","CD14","ENSG00000170458",2223.81666456126,-1.76128921692627,-1.78852467860567,0.15385472199013,-11.6247629937573,3.08448215748418e-31,1.34770762346765e-29,"Down in tumour"
"ENSG00000176208.8","ATAD5","ENSG00000176208",186.044708568683,1.26404084492436,1.27814528894376,0.109999017132545,11.6196064497888,3.2764202331447e-31,1.42527880603589e-29,"Up in tumour"
"ENSG00000072778.19","ACADVL","ENSG00000072778",9119.52171341621,-1.25129818679792,-1.26568078206953,0.108964983644393,-11.6154817789913,3.43844708584523e-31,1.49248208706436e-29,"Down in tumour"
"ENSG00000112936.18","C7","ENSG00000112936",2889.85795677787,-3.22462775195571,-3.3287710175404,0.286680090372401,-11.6114481937559,3.60458336395287e-31,1.56117108364812e-29,"Down in tumour"
"ENSG00000184999.11","SLC22A10","ENSG00000184999",508.144548148556,-3.14347915587178,-3.2371948884804,0.278822660225607,-11.6102288309747,3.65635786404176e-31,1.58013736251045e-29,"Down in tumour"
"ENSG00000147889.17","CDKN2A","ENSG00000147889",78.8034949475093,2.05482949933019,2.08848769940169,0.179938918229649,11.6066480778563,3.81270354488303e-31,1.64411418875533e-29,"Up in tumour"
"ENSG00000135845.9","PIGC","ENSG00000135845",168.322583356529,1.08977252059021,1.10047741242944,0.0948756173201751,11.5991594417318,4.16145433864788e-31,1.79060142880125e-29,"Up in tumour"
"ENSG00000276410.3","HIST1H2BB","ENSG00000276410",28.3765768225666,2.1863566049688,2.20272740492053,0.189941673674921,11.5968621435359,4.27465731423997e-31,1.8353208724675e-29,"Up in tumour"
"ENSG00000198670.11","LPA","ENSG00000198670",2499.66383489221,-3.23816444649216,-3.32729140549375,0.287239190913074,-11.5836957864872,4.98495988945908e-31,2.13104343611368e-29,"Down in tumour"
"ENSG00000120915.13","EPHX2","ENSG00000120915",2161.46735902002,-2.00372568105888,-2.03886436504327,0.176035861460211,-11.5820966712746,5.07884470630018e-31,2.1664994239612e-29,"Down in tumour"
"ENSG00000148671.13","ADIRF","ENSG00000148671",175.771798253486,-2.76274583653749,-2.82785514605505,0.244371295135883,-11.5719612014276,5.7160918140582e-31,2.42786706600116e-29,"Down in tumour"
"ENSG00000162069.14","BICDL2","ENSG00000162069",40.4055149275621,-3.13839121213402,-3.20456078522972,0.276971331880382,-11.5700089372921,5.84765795391269e-31,2.47843027584141e-29,"Down in tumour"
"ENSG00000171241.8","SHCBP1","ENSG00000171241",47.6288667533069,2.3052481443703,2.34196450530718,0.202500750397195,11.5652139595213,6.18369638079134e-31,2.61525432617528e-29,"Up in tumour"
"ENSG00000111206.12","FOXM1","ENSG00000111206",227.525465967352,1.84552205052341,1.87394206177959,0.162074383224555,11.5622347251708,6.40206872749619e-31,2.70183680859983e-29,"Up in tumour"
"ENSG00000259881.1","RP11-830F9.5","ENSG00000259881",30.8319005478259,-2.74206255686461,-2.80198051723239,0.242387182678783,-11.5599368178871,6.57571536941076e-31,2.76921562354781e-29,"Down in tumour"
"ENSG00000151623.14","NR3C2","ENSG00000151623",352.775252953827,-1.41651725274638,-1.43460602551998,0.124154267716025,-11.5550278851575,6.96248801440003e-31,2.92587102481995e-29,"Down in tumour"
"ENSG00000136231.13","IGF2BP3","ENSG00000136231",204.760420756917,3.44049962375598,3.51002796715568,0.304103017198359,11.5422332849337,8.07997566865051e-31,3.38111962810993e-29,"Up in tumour"
"ENSG00000118514.13","ALDH8A1","ENSG00000118514",1476.38252280157,-2.50973945638087,-2.56272281176023,0.222591294971722,-11.5131313292633,1.13288758373578e-30,4.73064218246461e-29,"Down in tumour"
"ENSG00000141098.12","GFOD2","ENSG00000141098",688.843854417371,-1.02357405813838,-1.03356703656594,0.089828797715212,-11.505965379195,1.2310409981119e-30,5.1296830475008e-29,"Down in tumour"
"ENSG00000162840.4","MT2P1","ENSG00000162840",16.0125709646769,-2.99589197144624,-3.06794306047585,0.266959952522578,-11.4921471609731,1.4447564760813e-30,6.00757666619267e-29,"Down in tumour"
"ENSG00000167588.12","GPD1","ENSG00000167588",1085.02523327134,-2.52782350299552,-2.59099223397851,0.225618081366158,-11.4839742377454,1.58809129274932e-30,6.58974653194701e-29,"Down in tumour"
"ENSG00000259699.2","HMGB1P8","ENSG00000259699",42.4861452190449,-1.64987635777165,-1.67572482001667,0.146035709227147,-11.4747607204086,1.76665702355467e-30,7.31536453289069e-29,"Down in tumour"
"ENSG00000021461.16","CYP3A43","ENSG00000021461",636.763638933656,-3.29914205271595,-3.40316914531935,0.29681949594238,-11.4654501872073,1.96733866428465e-30,8.1124029546221e-29,"Down in tumour"
"ENSG00000117643.14","MAN1C1","ENSG00000117643",559.541368190306,-1.72354462643468,-1.75003969858126,0.152634639016301,-11.4655474658957,1.96512919029372e-30,8.1124029546221e-29,"Down in tumour"
"ENSG00000116161.17","CACYBP","ENSG00000116161",366.279973911284,1.00546848429877,1.0149325744308,0.0885369302423698,11.4633811185053,2.01492140836414e-30,8.29133876003146e-29,"Up in tumour"
"ENSG00000232433.2","GXYLT1P3","ENSG00000232433",17.2892409273989,-3.50044691507207,-3.52989419325945,0.308034086280667,-11.4594272208017,2.1090493968463e-30,8.66066695265119e-29,"Down in tumour"
"ENSG00000130649.9","CYP2E1","ENSG00000130649",32481.1627570497,-3.64860167270481,-3.82498460922271,0.333992163622319,-11.4523184248959,2.28939183221301e-30,9.36238275516366e-29,"Down in tumour"
"ENSG00000223956.2","LINC01767","ENSG00000223956",32.6081957518565,-2.33070856206889,-2.37778086353761,0.207960110539207,-11.4338315043804,2.83325208012483e-30,1.15625893653424e-28,"Down in tumour"
"ENSG00000269559.2","RP11-629B11.5","ENSG00000269559",31.5410058588744,-2.69173322611506,-2.7429601886834,0.239904268205035,-11.4335614335095,2.8420805656907e-30,1.15747532174313e-28,"Down in tumour"
"ENSG00000164344.15","KLKB1","ENSG00000164344",1549.47253880399,-2.39428456541837,-2.44902802768797,0.214443515956369,-11.4203874002245,3.30756275325368e-30,1.33878506288651e-28,"Down in tumour"
"ENSG00000165269.12","AQP7","ENSG00000165269",312.323907603101,-2.10460959472296,-2.14401497134433,0.187953910503999,-11.4071314908806,3.85224296022986e-30,1.55607030432305e-28,"Down in tumour"
"ENSG00000123080.10","CDKN2C","ENSG00000123080",86.5274772538023,1.69223155584591,1.71600640789683,0.150505668880746,11.4016064687671,4.10473934220036e-30,1.65468647250859e-28,"Up in tumour"
"ENSG00000237248.4","LINC00987","ENSG00000237248",105.270754065574,-2.28653218350504,-2.33171061532229,0.204653868594337,-11.3934353224673,4.50856689598411e-30,1.8101027296595e-28,"Down in tumour"
"ENSG00000259108.2","LINC01595","ENSG00000259108",86.9075460600237,-3.14803338186844,-3.24878562387796,0.285155746672146,-11.3930217496658,4.53002306918991e-30,1.81272568616847e-28,"Down in tumour"
"ENSG00000173334.3","TRIB1","ENSG00000173334",2423.37441091253,-1.36243999487204,-1.38010100115526,0.121136335412513,-11.3929565101628,4.53341693858128e-30,1.81272568616847e-28,"Down in tumour"
"ENSG00000083807.9","SLC27A5","ENSG00000083807",5569.2465170821,-2.64890270729462,-2.71887774545722,0.23867459235022,-11.391567567727,4.60627383739444e-30,1.83814471902315e-28,"Down in tumour"
"ENSG00000198099.8","ADH4","ENSG00000198099",10638.3352107241,-3.57247310883681,-3.70227352276357,0.325026181206805,-11.3906932328258,4.65273179870131e-30,1.85294809842445e-28,"Down in tumour"
"ENSG00000179603.17","GRM8","ENSG00000179603",47.1843954539967,-2.92365610309496,-2.99755034794126,0.263334006724173,-11.3830734785463,5.07780462807849e-30,2.01817242979031e-28,"Down in tumour"
"ENSG00000145476.15","CYP4V2","ENSG00000145476",3445.37316005979,-1.53052537600346,-1.55261300619892,0.136446808153857,-11.37888842697,5.32744229534863e-30,2.11314760224119e-28,"Down in tumour"
"ENSG00000223749.9","MIR503HG","ENSG00000223749",37.1364555178553,-2.22848876735585,-2.26845535253799,0.199397114716499,-11.3765705976401,5.47090238523543e-30,2.1657114182193e-28,"Down in tumour"
"ENSG00000163071.10","SPATA18","ENSG00000163071",99.1629930153383,-2.32190895804254,-2.3751630673681,0.208857032858204,-11.3721957784425,5.75220543262813e-30,2.27252299656704e-28,"Down in tumour"
"ENSG00000279619.1","CTD-2527I21.5","ENSG00000279619",32.8744199108688,-2.43620317226505,-2.49442094508438,0.219418441804539,-11.3683285897475,6.01279278037056e-30,2.3707411852963e-28,"Down in tumour"
"ENSG00000197965.11","MPZL1","ENSG00000197965",584.657434306209,1.20233322367894,1.21585797041382,0.10695415644288,11.3680291711072,6.03345080482271e-30,2.37415689423173e-28,"Up in tumour"
"ENSG00000276903.1","HIST1H2AL","ENSG00000276903",44.2600800190486,2.04080767434803,2.06792021502467,0.182162306919408,11.3520752453994,7.24230822158472e-30,2.84418663948068e-28,"Up in tumour"
"ENSG00000257671.1","KRT7-AS","ENSG00000257671",30.5304978083451,-3.40878276741355,-3.50100754445528,0.308486445282232,-11.3489833929404,7.50299636886013e-30,2.94072885403661e-28,"Down in tumour"
"ENSG00000145555.14","MYO10","ENSG00000145555",743.498293334285,-1.71140228144716,-1.73838207674264,0.153245461100665,-11.3437753017737,7.96333255621818e-30,3.10884105099066e-28,"Down in tumour"
"ENSG00000205683.11","DPF3","ENSG00000205683",123.125760859405,-2.02930171898383,-2.06550634551071,0.182152732455945,-11.3394200441669,8.36972820152186e-30,3.26106358843941e-28,"Down in tumour"
"ENSG00000099998.17","GGT5","ENSG00000099998",479.855946609095,-2.20297507106684,-2.24822551872868,0.198370977882548,-11.3334397134435,8.96149114560841e-30,3.48477002446026e-28,"Down in tumour"
"ENSG00000162365.11","CYP4A22","ENSG00000162365",1777.15306912775,-3.00253985544988,-3.09536870670799,0.273184318767901,-11.3306968740685,9.2466108541837e-30,3.58859154189918e-28,"Down in tumour"
"ENSG00000149294.16","NCAM1","ENSG00000149294",115.054138612085,-2.50739994748774,-2.56287498876249,0.226291486225341,-11.3255475559976,9.80641665412895e-30,3.79840322573727e-28,"Down in tumour"
"ENSG00000095932.6","SMIM24","ENSG00000095932",64.6942146997586,-3.32814469579944,-3.42366498393557,0.302964763930598,-11.3005385164852,1.3041579056845e-29,5.04164012250262e-28,"Down in tumour"
"ENSG00000199266.1","SNORA60","ENSG00000199266",290.6417323513,-2.49031105650281,-2.54545059389232,0.225310433997941,-11.2975264781372,1.34966069283793e-29,5.2073750669281e-28,"Down in tumour"
"ENSG00000166482.11","MFAP4","ENSG00000166482",293.413887058427,-2.72259103114212,-2.79603422556752,0.24771297317406,-11.2873952047834,1.51458860182772e-29,5.83234478520934e-28,"Down in tumour"
"ENSG00000065325.12","GLP2R","ENSG00000065325",19.0948850330849,-3.31376308937816,-3.38374175462268,0.300007212702116,-11.2788680116917,1.66879466693137e-29,6.41368016360631e-28,"Down in tumour"
"ENSG00000111700.12","SLCO1B3","ENSG00000111700",1990.13375890207,-3.90559808184052,-4.11320663471337,0.364862839928707,-11.2732955636619,1.77788363558588e-29,6.81969976727739e-28,"Down in tumour"
"ENSG00000109511.11","ANXA10","ENSG00000109511",156.499827281991,-2.71974667717258,-2.79623813199151,0.248132495280793,-11.2691331654374,1.86395890242865e-29,7.13604227384339e-28,"Down in tumour"
"ENSG00000157680.15","DGKI","ENSG00000157680",29.6304790224191,2.08411322080972,2.11101091424782,0.187524902815754,11.2572297468242,2.13360670099691e-29,8.15260182101001e-28,"Up in tumour"
"ENSG00000223839.7","FAM95B1","ENSG00000223839",133.489974871577,-1.80201890908465,-1.83105640561361,0.162772547091206,-11.249172162844,2.33775855067268e-29,8.91546338987753e-28,"Down in tumour"
"ENSG00000185585.19","OLFML2A","ENSG00000185585",101.55265628697,2.2048463273334,2.24655834412198,0.199736301401931,11.2476216308883,2.37921198003436e-29,9.05610436938848e-28,"Up in tumour"
"ENSG00000085840.12","ORC1","ENSG00000085840",48.5181460735225,1.90697923291958,1.93738759925391,0.172294521408266,11.2446268367589,2.46135349759196e-29,9.35078114737768e-28,"Up in tumour"
"ENSG00000182853.11","VMO1","ENSG00000182853",43.5736120925127,-1.57406750036182,-1.59646808193132,0.141985737813912,-11.2438622816023,2.48277082822553e-29,9.41407720365285e-28,"Down in tumour"
"ENSG00000162551.13","ALPL","ENSG00000162551",409.715761087753,-2.49972619042136,-2.56232014184986,0.227959147445426,-11.2402602420825,2.58618827079628e-29,9.78746165274777e-28,"Down in tumour"
"ENSG00000120738.7","EGR1","ENSG00000120738",2632.60387537148,-2.37440551510904,-2.43004670362303,0.216298549873842,-11.2346879118717,2.75465527781549e-29,1.04051320446187e-27,"Down in tumour"
"ENSG00000278518.1","RP11-108K14.12","ENSG00000278518",44.7311316416639,-2.92359659935665,-3.01108919071102,0.268091771426179,-11.2315613966546,2.8539012777895e-29,1.07594796173881e-27,"Down in tumour"
"ENSG00000118004.17","COLEC11","ENSG00000118004",715.318693326619,-2.31010297622029,-2.36878428765705,0.21095740647425,-11.2287325069395,2.94675283800186e-29,1.10608239793862e-27,"Down in tumour"
"ENSG00000205702.10","CYP2D7","ENSG00000205702",877.060943740501,-2.07184183350912,-2.11182603033468,0.188075340788808,-11.2286173268514,2.95059620124079e-29,1.10608239793862e-27,"Down in tumour"
"ENSG00000008300.16","CELSR3","ENSG00000008300",240.405379863568,2.01947449923616,2.05481279363666,0.182992753209692,11.2289298761577,2.94017850924246e-29,1.10608239793862e-27,"Up in tumour"
"ENSG00000205038.11","PKHD1L1","ENSG00000205038",60.8774627228433,-3.06775596018191,-3.156265211656,0.281098864176513,-11.2283100855009,2.96087266854136e-29,1.10783653550925e-27,"Down in tumour"
"ENSG00000165891.15","E2F7","ENSG00000165891",49.3013137860097,2.60937424623306,2.66163359982797,0.237219656265951,11.220122487843,3.24820236500456e-29,1.21305036623651e-27,"Up in tumour"
"ENSG00000172724.11","CCL19","ENSG00000172724",157.525228045239,-3.46448530374432,-3.58105008964991,0.319203936195662,-11.2186902590538,3.3012334979761e-29,1.23053323211753e-27,"Down in tumour"
"ENSG00000095002.13","MSH2","ENSG00000095002",241.893601340031,1.15965461810908,1.17224216720565,0.104591466773363,11.2078184135782,3.73280389319253e-29,1.38878547853308e-27,"Up in tumour"
"ENSG00000227218.7","RP11-203J24.8","ENSG00000227218",111.960614932939,-2.13794093907952,-2.17883140728889,0.194665996460935,-11.1926656267682,4.42914554482084e-29,1.64476693749791e-27,"Down in tumour"
"ENSG00000165272.14","AQP3","ENSG00000165272",559.545411415717,-1.79331082401292,-1.82390955217912,0.162981610034604,-11.1908917318456,4.51866135704873e-29,1.67486637153681e-27,"Down in tumour"
"ENSG00000085741.12","WNT11","ENSG00000085741",93.7647480934701,-2.55343020913051,-2.61708269373828,0.233977571020143,-11.1851861797171,4.81892973993092e-29,1.78282385686828e-27,"Down in tumour"
"ENSG00000154096.13","THY1","ENSG00000154096",240.514267054056,1.94764512557359,1.98084506356931,0.177162651053701,11.1809405187151,5.0551380546078e-29,1.8667229013965e-27,"Up in tumour"
"ENSG00000102967.11","DHODH","ENSG00000102967",799.40320839937,-1.58609923463403,-1.6101582361802,0.14406065323637,-11.1769466541173,5.2878097004078e-29,1.94900591061772e-27,"Down in tumour"
"ENSG00000151150.21","ANK3","ENSG00000151150",871.12655845305,-2.09748815981859,-2.14172766430935,0.191838016758258,-11.1642504468143,6.10035762323146e-29,2.24431930179592e-27,"Down in tumour"
"ENSG00000166741.7","NNMT","ENSG00000166741",4621.49605520566,-2.65881167543581,-2.72800521082979,0.244453595193733,-11.1596035585724,6.42775613908892e-29,2.36038176736525e-27,"Down in tumour"
"ENSG00000172244.8","C5orf34","ENSG00000172244",26.7246474219858,1.4420854646615,1.46130039081482,0.13098418626593,11.1563115554118,6.67018781732699e-29,2.44487087904358e-27,"Up in tumour"
"ENSG00000181031.15","RPH3AL","ENSG00000181031",289.485165445553,-1.17531032410595,-1.18934757822645,0.106647330859018,-11.152155132684,6.98927335747158e-29,2.55709219157921e-27,"Down in tumour"
"ENSG00000106462.10","EZH2","ENSG00000106462",193.410285179663,1.45757719363549,1.47757870103312,0.132566930760072,11.1459071471401,7.4976325709834e-29,2.73801921545156e-27,"Up in tumour"
"ENSG00000108515.17","ENO3","ENSG00000108515",715.323948379166,-2.17164432405427,-2.21298237471404,0.198606877507674,-11.1425263942762,7.78782658728279e-29,2.83875601550807e-27,"Down in tumour"
"ENSG00000250056.5","LINC01018","ENSG00000250056",667.120097265897,-3.81660759991336,-4.04545706710595,0.363297377714307,-11.1353874684096,8.43772707210079e-29,3.06999874886197e-27,"Down in tumour"
"ENSG00000146166.16","LGSN","ENSG00000146166",121.827412709279,-2.86972852306975,-2.95554154457701,0.265644806815039,-11.1259150141598,9.38380529463112e-29,3.40795703113089e-27,"Down in tumour"
"ENSG00000134222.16","PSRC1","ENSG00000134222",39.7745093958236,1.89918198343068,1.92803694902697,0.173325280691646,11.1238068753342,9.60827461537832e-29,3.48308753593742e-27,"Up in tumour"
"ENSG00000123416.15","TUBA1B","ENSG00000123416",1912.18727782516,1.34654685864728,1.3641528359167,0.122639794083151,11.1232479320031,9.66867767776364e-29,3.49857654983502e-27,"Up in tumour"
"ENSG00000196482.16","ESRRG","ENSG00000196482",107.583195432614,-3.34337020456609,-3.44114842104061,0.30954686685015,-11.1167283198717,1.0401673854708e-28,3.75694033952983e-27,"Down in tumour"
"ENSG00000146918.19","NCAPG2","ENSG00000146918",214.462354601156,1.26609966544805,1.28177192429841,0.115398308020976,11.107371904148,1.1550914262473e-28,4.16443071033021e-27,"Up in tumour"
"ENSG00000166579.15","NDEL1","ENSG00000166579",879.033627804816,-1.00134318293771,-1.0115893741987,0.0911490582089477,-11.098187892186,1.28013025700196e-28,4.60683966851631e-27,"Down in tumour"
"ENSG00000121690.10","DEPDC7","ENSG00000121690",654.242155591052,-2.10366815086977,-2.15690664263582,0.194508785486936,-11.0889934212287,1.41875168508582e-28,5.09643413845799e-27,"Down in tumour"
"ENSG00000093009.9","CDC45","ENSG00000093009",43.5852021076786,2.25375088710218,2.28383173572548,0.206008943642593,11.0860805135127,1.46570003951225e-28,5.25554363805542e-27,"Up in tumour"
"ENSG00000108947.4","EFNB3","ENSG00000108947",16.5773243205449,-2.44846465991232,-2.49333727661174,0.225109772349009,-11.076095233867,1.63864180218105e-28,5.86503385001256e-27,"Down in tumour"
"ENSG00000165471.6","MBL2","ENSG00000165471",2086.45218810422,-3.039471732302,-3.12919582331051,0.282552728663196,-11.0747322742741,1.66376682470803e-28,5.94421241181337e-27,"Down in tumour"
"ENSG00000104738.16","MCM4","ENSG00000104738",454.048685541842,1.41575168124873,1.43523611692285,0.12960028858225,11.0743280946631,1.67129074078809e-28,5.96033470854392e-27,"Up in tumour"
"ENSG00000023330.14","ALAS1","ENSG00000023330",4629.29067293672,-1.67622527093926,-1.70440033700143,0.154017126721021,-11.0663039448119,1.82784844587475e-28,6.50694321748182e-27,"Down in tumour"
"ENSG00000244242.1","IFITM10","ENSG00000244242",181.868233661922,-2.13847838426255,-2.18483965795759,0.197456528688834,-11.0649147559998,1.85639299109491e-28,6.59669416027677e-27,"Down in tumour"
"ENSG00000278828.1","HIST1H3H","ENSG00000278828",130.991502299337,1.80457292678338,1.83456266285706,0.165805292241504,11.064560353025,1.86374565471813e-28,6.61095300068746e-27,"Up in tumour"
"ENSG00000171428.13","NAT1","ENSG00000171428",110.156883580042,-1.36920354512896,-1.38796333812311,0.125457823792573,-11.063186783934,1.89251654592257e-28,6.70099820991869e-27,"Down in tumour"
"ENSG00000119969.14","HELLS","ENSG00000119969",289.181411533704,1.61812655056237,1.64385201078885,0.148629129103286,11.0600931372376,1.95894004483285e-28,6.92380362631726e-27,"Up in tumour"
"ENSG00000198010.12","DLGAP2","ENSG00000198010",49.072484891382,-2.87154674529664,-2.95088351132299,0.266918357565287,-11.0553786492606,2.06463766030205e-28,7.28438025140081e-27,"Down in tumour"
"ENSG00000106701.11","FSD1L","ENSG00000106701",102.97581865852,1.56381159539986,1.58450395632003,0.143407003969814,11.0489997870226,2.21670799392484e-28,7.80699311810576e-27,"Up in tumour"
"ENSG00000187837.3","HIST1H1C","ENSG00000187837",1055.59223403328,1.14388107132182,1.15704474992441,0.10482414967037,11.0379597980318,2.50659943906165e-28,8.79665296052255e-27,"Up in tumour"
"ENSG00000139178.10","C1RL","ENSG00000139178",2316.7337357471,-1.28378436648903,-1.30107157630976,0.117888375685563,-11.0364704640603,2.54848212483191e-28,8.92780649500849e-27,"Down in tumour"
"ENSG00000174837.14","ADGRE1","ENSG00000174837",33.5769963942503,-2.28673585224268,-2.3356998806642,0.211668795125519,-11.0346916241439,2.5994168087713e-28,9.09015139505482e-27,"Down in tumour"
"ENSG00000106034.17","CPED1","ENSG00000106034",867.105947225282,-1.7678383825117,-1.79880255636558,0.163207938525978,-11.0215383676282,3.00872556982846e-28,1.05029462440238e-26,"Down in tumour"
"ENSG00000187048.12","CYP4A11","ENSG00000187048",5456.16951729135,-3.14590936602612,-3.24082551271443,0.294123297646811,-11.0185950539902,3.10873211193048e-28,1.08329462484929e-26,"Down in tumour"
"ENSG00000165409.16","TSHR","ENSG00000165409",322.597993911219,-1.92719087679865,-1.96549685081924,0.178462870831905,-11.0134777147598,3.29051778635039e-28,1.14462598497774e-26,"Down in tumour"
"ENSG00000182134.15","TDRKH","ENSG00000182134",111.735249037538,1.16884400752937,1.18252522622048,0.10747160323653,11.0031412076166,3.69047982411781e-28,1.28150293260989e-26,"Up in tumour"
"ENSG00000163702.18","IL17RC","ENSG00000163702",652.173007123009,-1.10722856112802,-1.12004435967456,0.101874428210954,-10.9943621706053,4.06779236003178e-28,1.41004928515077e-26,"Down in tumour"
"ENSG00000100162.14","CENPM","ENSG00000100162",24.0460790947665,2.18484464051722,2.2235863351408,0.202553783511445,10.9777575940227,4.88909230136928e-28,1.69177978882871e-26,"Up in tumour"
"ENSG00000074935.13","TUBE1","ENSG00000074935",453.001102395949,-1.40940499252841,-1.42984571134952,0.130381031871636,-10.9666696974545,5.52708109776797e-28,1.90588007261535e-26,"Down in tumour"
"ENSG00000205865.4","FAM99B","ENSG00000205865",104.497795158442,-3.22962069695781,-3.36769263812303,0.307100491518444,-10.9660932858545,5.56241695032888e-28,1.91472902083234e-26,"Down in tumour"
"ENSG00000092853.13","CLSPN","ENSG00000092853",85.3680439534915,2.26543133651423,2.30934654577404,0.210602812649128,10.9654116995175,5.60448957756628e-28,1.92586219112447e-26,"Up in tumour"
"ENSG00000197838.4","CYP2A13","ENSG00000197838",24.8218874242189,-3.34393723531767,-3.44163056947798,0.313911650102264,-10.9636917532586,5.71206602260301e-28,1.95942673804821e-26,"Down in tumour"
"ENSG00000258498.8","DIO3OS","ENSG00000258498",90.5690256867205,-2.99712166863004,-3.09119832681882,0.282074622667886,-10.9587962844087,6.02960007332153e-28,2.06427425532432e-26,"Down in tumour"
"ENSG00000257767.2","RP11-162P23.2","ENSG00000257767",752.253429290313,-1.90064918574155,-1.93627830642737,0.176689303974453,-10.9586616896025,6.03857320180255e-28,2.06427425532432e-26,"Down in tumour"
"ENSG00000230882.1","AC005077.14","ENSG00000230882",207.744714303983,-2.52364412616952,-2.58723764873005,0.236265745838646,-10.9505406276581,6.60521984352565e-28,2.25020854325135e-26,"Down in tumour"
"ENSG00000125885.13","MCM8","ENSG00000125885",245.516547191879,1.22987843407343,1.2449631618072,0.113689174756994,10.9505866716708,6.60186296478218e-28,2.25020854325135e-26,"Up in tumour"
"ENSG00000060762.18","MPC1","ENSG00000060762",736.150433186099,-1.50175580097022,-1.52711653595645,0.139525394133673,-10.9450795350801,7.01561275751998e-28,2.38591105342943e-26,"Down in tumour"
"ENSG00000101843.18","PSMD10","ENSG00000101843",149.41868801787,1.02068150247026,1.03135399667111,0.0943438074493718,10.9318674384068,8.11607521817446e-28,2.75071021906382e-26,"Up in tumour"
"ENSG00000244067.2","GSTA2","ENSG00000244067",1163.44349938396,-3.41961073804303,-3.55460153167013,0.325709773347491,-10.9134015081513,9.94636030925071e-28,3.3538042521465e-26,"Down in tumour"
"ENSG00000100012.11","SEC14L3","ENSG00000100012",21.5955583510538,-2.87655137125879,-2.93316653909944,0.268765054921501,-10.9134966967939,9.9359477677307e-28,3.3538042521465e-26,"Down in tumour"
"ENSG00000134539.16","KLRD1","ENSG00000134539",247.389498032646,-1.92371002382055,-1.96084590710415,0.179672038290474,-10.9134728239353,9.93855816745113e-28,3.3538042521465e-26,"Down in tumour"
"ENSG00000116761.11","CTH","ENSG00000116761",1637.93559344936,-2.38091828974778,-2.44200276532039,0.223874569505176,-10.9079060239753,1.0566214131404e-27,3.55675299834829e-26,"Down in tumour"
"ENSG00000189159.15","HN1","ENSG00000189159",218.751875571247,1.19189339787753,1.20646381050002,0.110642709279693,10.9041419751409,1.10127306214515e-27,3.70076361953122e-26,"Up in tumour"
"ENSG00000140945.16","CDH13","ENSG00000140945",92.3954937183324,1.6910770127668,1.71861199375227,0.15768918701093,10.8987307647996,1.16876210473435e-27,3.92089971847575e-26,"Up in tumour"
"ENSG00000159212.12","CLIC6","ENSG00000159212",45.5384037399799,-3.22073071873438,-3.31878719428993,0.304644351908803,-10.8939725075994,1.23148704855415e-27,4.11736877568113e-26,"Down in tumour"
"ENSG00000118094.11","TREH","ENSG00000118094",81.8476463924712,-2.20223292297845,-2.25267639489319,0.206876633832859,-10.888984189066,1.30083084487819e-27,4.34187941191805e-26,"Down in tumour"
"ENSG00000235200.2","LINC01702","ENSG00000235200",35.3571369277621,-2.96845308554235,-3.04834931012944,0.280048119342548,-10.8850911667819,1.35762716098467e-27,4.51622090712093e-26,"Down in tumour"
"ENSG00000279428.1","RP11-258F1.2","ENSG00000279428",164.685812685038,-2.25270352097931,-2.30142762783899,0.211527220242391,-10.8800542322722,1.43477577985086e-27,4.76485184741409e-26,"Down in tumour"
"ENSG00000104889.5","RNASEH2A","ENSG00000104889",63.5273568375771,1.33740280439148,1.35544361729121,0.12473403630448,10.8666700561386,1.66154933539465e-27,5.50871792218866e-26,"Up in tumour"
"ENSG00000168496.3","FEN1","ENSG00000168496",190.695748227798,1.41558391182978,1.43572202808402,0.132180809325411,10.8618038837201,1.75252634496302e-27,5.79094389747129e-26,"Up in tumour"
"ENSG00000105011.8","ASF1B","ENSG00000105011",49.1623083856269,2.02388357797481,2.06114076833522,0.189785060130383,10.8603952646178,1.77977171807427e-27,5.87117026930734e-26,"Up in tumour"
"ENSG00000198739.10","LRRTM3","ENSG00000198739",53.2017383859512,-2.75862327420114,-2.81999490405316,0.259691810629234,-10.8590059009574,1.80705606140488e-27,5.9512580072191e-26,"Down in tumour"
"ENSG00000258451.1","RP11-903H12.3","ENSG00000258451",22.1097337753831,-2.18649245056428,-2.23063141395229,0.205530338275803,-10.8530518300368,1.92875771269628e-27,6.34151186169394e-26,"Down in tumour"
"ENSG00000205795.4","CYS1","ENSG00000205795",30.6899631178161,-3.06680310829954,-3.15353327346799,0.290588805668999,-10.8522187088655,1.94642274670599e-27,6.3889793408875e-26,"Down in tumour"
"ENSG00000196090.12","PTPRT","ENSG00000196090",27.39306996222,-2.65692372170616,-2.73636692462592,0.252307594267027,-10.8453609277013,2.09806111079335e-27,6.87531847118091e-26,"Down in tumour"
"ENSG00000249948.6","GBA3","ENSG00000249948",546.798845124459,-3.17491624425232,-3.28259588296608,0.302720951479996,-10.8436362495478,2.13800542126244e-27,6.99463492612354e-26,"Down in tumour"
"ENSG00000170214.3","ADRA1B","ENSG00000170214",79.0611609279601,-2.05415512585957,-2.09750409670983,0.193490626668575,-10.8403395700537,2.21646815362417e-27,7.23936537371009e-26,"Down in tumour"
"ENSG00000122223.12","CD244","ENSG00000122223",53.2147353583945,-1.98621603626812,-2.02576151072104,0.186907912524028,-10.8382865303287,2.26676761677833e-27,7.3914549322724e-26,"Down in tumour"
"ENSG00000128016.5","ZFP36","ENSG00000128016",2705.91075942586,-1.61822008098283,-1.64534124677082,0.151823344054684,-10.8372085795857,2.29362894239077e-27,7.46674303564811e-26,"Down in tumour"
"ENSG00000159167.11","STC1","ENSG00000159167",113.104726790387,2.00806541039161,2.04280539300937,0.188589283795029,10.8320332518449,2.42705314153868e-27,7.88812197544747e-26,"Up in tumour"
"ENSG00000233377.1","MTND4P20","ENSG00000233377",1845.16596272801,-3.09961868907866,-3.20328452995222,0.295782076192027,-10.8298804687293,2.4847946812742e-27,8.06254772564922e-26,"Down in tumour"
"ENSG00000176641.10","RNF152","ENSG00000176641",2388.90544408381,-1.64760880411755,-1.67552979555047,0.154724265392227,-10.8291339519563,2.50513405205869e-27,8.10198011313686e-26,"Down in tumour"
"ENSG00000213996.12","TM6SF2","ENSG00000213996",220.560045325861,-2.21079684811505,-2.26093807832936,0.208913438442141,-10.8223678437782,2.69717576471855e-27,8.70884174732042e-26,"Down in tumour"
"ENSG00000198520.10","C1orf228","ENSG00000198520",74.4333558203949,-1.8186291934254,-1.85296269703837,0.171364902889408,-10.8129649992227,2.98851617686223e-27,9.63382747371891e-26,"Down in tumour"
"ENSG00000233478.1","RP1-187B23.1","ENSG00000233478",58.6355850311246,-1.76767305475234,-1.79943899281076,0.166435658236665,-10.8116194082162,3.03268489833777e-27,9.76031417769096e-26,"Down in tumour"
"ENSG00000215644.9","GCGR","ENSG00000215644",1392.07527234017,-3.36945108019499,-3.53085216629768,0.326588763849926,-10.8113093808707,3.04295288198983e-27,9.7774620768222e-26,"Down in tumour"
"ENSG00000182963.9","GJC1","ENSG00000182963",123.861265363836,1.61912777733296,1.64496400109118,0.152159128341166,10.8108137778162,3.05943871063638e-27,9.81450087514196e-26,"Up in tumour"
"ENSG00000087586.17","AURKA","ENSG00000087586",141.096759363401,1.85321672482103,1.88434935410828,0.174327893826975,10.8092245752624,3.11290190189841e-27,9.96984908483417e-26,"Up in tumour"
"ENSG00000196502.11","SULT1A1","ENSG00000196502",1262.84802431933,-1.61488036631929,-1.64299050738091,0.152027760722297,-10.8071742922142,3.1832472601047e-27,1.01786773859858e-25,"Down in tumour"
"ENSG00000156218.12","ADAMTSL3","ENSG00000156218",659.460077248663,-1.8978783141734,-1.93647207900633,0.179260985213411,-10.8025294890628,3.34849519887754e-27,1.06898008824812e-25,"Down in tumour"
"ENSG00000282692.1","CTD-3212A4.2","ENSG00000282692",18.3823374396193,-3.42186888945049,-3.49322126353573,0.323472181700554,-10.799139651426,3.47443825285797e-27,1.10740026310496e-25,"Down in tumour"
"ENSG00000113296.14","THBS4","ENSG00000113296",100.713781025334,2.46345183932466,2.51631451513269,0.233086534959795,10.7956236749872,3.61003122972997e-27,1.14876765482388e-25,"Up in tumour"
"ENSG00000184611.11","KCNH7","ENSG00000184611",39.7895069351544,-2.96671311871871,-3.10534764123877,0.287862841296467,-10.787594631016,3.93966019557216e-27,1.24964253607307e-25,"Down in tumour"
"ENSG00000125551.18","PLGLB2","ENSG00000125551",1424.3831589165,-2.33349969061356,-2.39802692825679,0.222324309516352,-10.7861660898599,4.00135969172448e-27,1.26718259805284e-25,"Down in tumour"
"ENSG00000109881.16","CCDC34","ENSG00000109881",52.4569817132147,1.37031231206678,1.38916143998764,0.128930564852425,10.7744927789441,4.54278980379894e-27,1.43405803168409e-25,"Up in tumour"
"ENSG00000171503.11","ETFDH","ENSG00000171503",1113.96725553173,-1.40341364830775,-1.42479271464205,0.13236902749103,-10.7637922680863,5.10261845748567e-27,1.60821858485691e-25,"Down in tumour"
"ENSG00000115129.13","TP53I3","ENSG00000115129",200.164759103911,1.40664702005425,1.42676256017307,0.132601625363067,10.7597667544916,5.33049113922055e-27,1.67736742636872e-25,"Up in tumour"
"ENSG00000012048.20","BRCA1","ENSG00000012048",239.475649289063,1.43137585203421,1.45257715743023,0.135167497404551,10.7464973852607,6.15548888146466e-27,1.93389827667984e-25,"Up in tumour"
"ENSG00000177575.12","CD163","ENSG00000177575",2488.70464999839,-1.75222703051031,-1.78545341355024,0.166264686864556,-10.7386207331249,6.70384079888107e-27,2.10283868355393e-25,"Down in tumour"
"ENSG00000278272.1","HIST1H3C","ENSG00000278272",126.317082409341,1.97757621256014,2.01631592276074,0.187802753391224,10.7363491021903,6.87079801707091e-27,2.14839976543261e-25,"Up in tumour"
"ENSG00000092470.11","WDR76","ENSG00000092470",90.179136759338,1.52612992172704,1.54955151824831,0.14440406373869,10.7306642079848,7.30690601064193e-27,2.28116073609835e-25,"Up in tumour"
"ENSG00000160888.6","IER2","ENSG00000160888",861.918284669511,-1.27524168020911,-1.29312461268066,0.120557099990033,-10.7262418620518,7.66504357877054e-27,2.38920011897016e-25,"Down in tumour"
"ENSG00000166206.14","GABRB3","ENSG00000166206",72.4722204630338,-3.62389332010562,-3.86329879532108,0.360452770477215,-10.7179056779237,8.38811552154787e-27,2.6104712345597e-25,"Down in tumour"
"ENSG00000147536.11","GINS4","ENSG00000147536",59.4398228597708,1.40902890603889,1.4292289187975,0.133409847670697,10.7130691155974,8.83822292360929e-27,2.74192705841691e-25,"Up in tumour"
"ENSG00000270882.2","HIST2H4A","ENSG00000270882",588.94687295739,1.64916737645226,1.67683668617185,0.156530457032354,10.7125266095994,8.89018075180968e-27,2.75373000971157e-25,"Up in tumour"
"ENSG00000240498.6","CDKN2B-AS1","ENSG00000240498",19.8563566233779,1.83812760077101,1.85474752095841,0.173211281985788,10.7080064283029,9.33503674133953e-27,2.88700597220833e-25,"Up in tumour"
"ENSG00000109193.10","SULT1E1","ENSG00000109193",197.199719873791,-2.90313235542492,-2.99681163815795,0.280413721128728,-10.6871076996344,1.16961638761025e-26,3.61157834008888e-25,"Down in tumour"
"ENSG00000273407.1","RP11-757A13.1","ENSG00000273407",57.3280337301087,-3.70657180900005,-3.89818985044664,0.364790542060271,-10.6861044928149,1.18233227990525e-26,3.64515620189481e-25,"Down in tumour"
"ENSG00000154153.13","FAM134B","ENSG00000154153",285.948291381984,-2.20179126131288,-2.26210147492785,0.21169916074512,-10.6854532014483,1.19066083607021e-26,3.66512440565126e-25,"Down in tumour"
"ENSG00000162745.10","OLFML2B","ENSG00000162745",113.179087595464,2.01701738466099,2.05604404184286,0.192433843543392,10.684420182977,1.20399027589867e-26,3.70040054827055e-25,"Up in tumour"
"ENSG00000139631.18","CSAD","ENSG00000139631",754.864443674594,-1.20044192163462,-1.21666831712526,0.113920839245262,-10.6799451723303,1.26346258396407e-26,3.87716510455827e-25,"Down in tumour"
"ENSG00000173210.19","ABLIM3","ENSG00000173210",2090.38185118955,-1.71628276792166,-1.74825046903614,0.163809385425068,-10.6724682746328,1.36939562225919e-26,4.1827851159531e-25,"Down in tumour"
"ENSG00000065328.16","MCM10","ENSG00000065328",65.5964572008038,2.47411602907105,2.52810248901348,0.236911265938835,10.6710944242988,1.38979671812546e-26,4.23855877378386e-25,"Up in tumour"
"ENSG00000188486.3","H2AFX","ENSG00000188486",131.362615246294,1.32330567738643,1.34185182368064,0.12581632875837,10.6651643464948,1.48136925340508e-26,4.51088332809951e-25,"Up in tumour"
"ENSG00000139914.6","FITM1","ENSG00000139914",22.5257374320927,-1.86660156964215,-1.90208890815941,0.178699608032074,-10.6440575281957,1.85855502154077e-26,5.64208275174178e-25,"Down in tumour"
"ENSG00000079739.15","PGM1","ENSG00000079739",2211.53454600782,-1.25595467259891,-1.27375881649669,0.119682837202201,-10.6427859355031,1.88410114936741e-26,5.71087504585439e-25,"Down in tumour"
"ENSG00000264230.7","ANXA8L1","ENSG00000264230",37.2068854310939,-3.40413300407831,-3.52603246733265,0.331370707064303,-10.6407488415939,1.92575351376509e-26,5.82820172751566e-25,"Down in tumour"
"ENSG00000120833.13","SOCS2","ENSG00000120833",756.474462743485,-2.16271972646404,-2.20930651163357,0.207681262620678,-10.637967449518,1.98410226192319e-26,5.99562382751842e-25,"Down in tumour"
"ENSG00000019102.11","VSIG2","ENSG00000019102",37.9719500284589,-2.15853987970028,-2.20900829841313,0.207763875702251,-10.632302131189,2.10842588924904e-26,6.36159658931499e-25,"Down in tumour"
"ENSG00000248740.5","RP11-328K4.1","ENSG00000248740",26.6198707786854,-3.00082096624397,-3.05169204581394,0.287050474818299,-10.6312036158297,2.13341154053344e-26,6.42718639600889e-25,"Down in tumour"
"ENSG00000144554.10","FANCD2","ENSG00000144554",179.018337974033,1.42260543505438,1.44422190698908,0.135851342808816,10.6308990189484,2.14039140405977e-26,6.43841444689287e-25,"Up in tumour"
"ENSG00000165124.17","SVEP1","ENSG00000165124",540.820188627687,-2.47330549323534,-2.5425514342025,0.239186088317363,-10.6300138611278,2.16080361584296e-26,6.48995234725034e-25,"Down in tumour"
"ENSG00000240793.1","UBA52P8","ENSG00000240793",30.5373243139547,-1.34279198670218,-1.36499983473726,0.128418079768742,-10.6293431360707,2.1763993074266e-26,6.52688961998403e-25,"Down in tumour"
"ENSG00000205622.9","AF064858.6","ENSG00000205622",79.6817510467963,-2.23744587389119,-2.30069879233933,0.216505292799913,-10.6265244723858,2.24316788363976e-26,6.71694734052674e-25,"Down in tumour"
"ENSG00000144642.21","RBMS3","ENSG00000144642",326.846181524733,-1.64543529208604,-1.67471405546559,0.157694418237378,-10.6199957752761,2.40572009953678e-26,7.1819634887076e-25,"Down in tumour"
"ENSG00000145692.14","BHMT","ENSG00000145692",8624.69021386642,-3.12563390995002,-3.2516095756395,0.306239968117607,-10.6178484657848,2.46169507337917e-26,7.32696700562314e-25,"Down in tumour"
"ENSG00000164946.19","FREM1","ENSG00000164946",81.0788981710571,-3.09981213041517,-3.21485509024339,0.302876293264831,-10.6144163862715,2.55385343267169e-26,7.58985300193253e-25,"Down in tumour"
"ENSG00000187498.14","COL4A1","ENSG00000187498",4008.85249312461,1.54019503528569,1.56560352929468,0.14760644967973,10.6066065046051,2.77650718251452e-26,8.23919140382458e-25,"Up in tumour"
"ENSG00000226435.10","ANKRD18DP","ENSG00000226435",44.4710248729948,-2.94405639312345,-3.02976126748462,0.285661658718398,-10.60611802465,2.79105593263417e-26,8.26996558003416e-25,"Down in tumour"
"ENSG00000171345.13","KRT19","ENSG00000171345",131.101765144789,-4.34503220893386,-4.58571945412464,0.432424515802898,-10.6046703795463,2.83461752608338e-26,8.38648500654234e-25,"Down in tumour"
"ENSG00000256817.1","TPT1P12","ENSG00000256817",42.7960774138798,-2.61491630850251,-2.68130184499209,0.252851469895827,-10.604256507177,2.84719492869709e-26,8.41112376473158e-25,"Down in tumour"
"ENSG00000106211.8","HSPB1","ENSG00000106211",1092.61760281223,1.10051517374555,1.11386600247691,0.105056584689122,10.602533918012,2.90014070560405e-26,8.55476676393755e-25,"Up in tumour"
"ENSG00000111665.11","CDCA3","ENSG00000111665",56.7277590561433,1.79037083805503,1.82286234320201,0.172187483748827,10.5864973662142,3.44232314684429e-26,1.0138973518674e-24,"Up in tumour"
"ENSG00000283003.1","RP11-418I22.3","ENSG00000283003",44.2258643627244,-3.17151004927399,-3.27811944741431,0.309736715644706,-10.5835675328029,3.55171652588507e-26,1.04456352447018e-24,"Down in tumour"
"ENSG00000105173.13","CCNE1","ENSG00000105173",20.7477487247445,1.99527695952446,1.99367729707001,0.188431870391221,10.5803614480436,3.67537615301434e-26,1.07932819282808e-24,"Up in tumour"
"ENSG00000248323.5","LUCAT1","ENSG00000248323",73.1631575028819,2.56991262576868,2.62940909247684,0.24853700245094,10.5795477797954,3.70743271022397e-26,1.08712912049575e-24,"Up in tumour"
"ENSG00000148948.7","LRRC4C","ENSG00000148948",19.6523552072402,-2.56887068102986,-2.63113564669163,0.248722654143786,-10.5785926728273,3.7454153769976e-26,1.09664210883008e-24,"Down in tumour"
"ENSG00000039537.13","C6","ENSG00000039537",6136.39667998445,-2.75703355875702,-2.8505256440734,0.269521543533707,-10.57624413507,3.84046027639106e-26,1.1228099003044e-24,"Down in tumour"
"ENSG00000136982.5","DSCC1","ENSG00000136982",32.013304378191,1.73859254516289,1.76502140793531,0.166918806506859,10.5741314886695,3.9279992781749e-26,1.14670928780112e-24,"Up in tumour"
"ENSG00000283913.1","RP11-479O17.12","ENSG00000283913",28.3219431246207,-2.70024894854122,-2.7689472188869,0.261906385730023,-10.5722783778979,4.00641083792893e-26,1.16787760994296e-24,"Down in tumour"
"ENSG00000112242.14","E2F3","ENSG00000112242",229.795233096292,1.07234706015535,1.08505742248496,0.102652739797431,10.5701749863291,4.0972940931971e-26,1.19261385274486e-24,"Up in tumour"
"ENSG00000151014.5","NOCT","ENSG00000151014",322.251818222055,-1.40250936310425,-1.42456512724355,0.13479959815113,-10.5680220622498,4.19243391257414e-26,1.21851460251953e-24,"Down in tumour"
"ENSG00000119703.13","ZC2HC1C","ENSG00000119703",87.6147287031507,-1.30895486046637,-1.32773109255111,0.125652502937783,-10.566690368345,4.25237560499517e-26,1.2341241986755e-24,"Down in tumour"
"ENSG00000258867.5","LINC01146","ENSG00000258867",487.145262882559,-2.58338596971119,-2.66758602462289,0.252551885690269,-10.5625266559856,4.44532568968622e-26,1.28823325587056e-24,"Down in tumour"
"ENSG00000132436.11","FIGNL1","ENSG00000132436",157.973536539043,1.23560645172176,1.25216153571152,0.11857437866995,10.5601357540898,4.56001876384148e-26,1.31953876305138e-24,"Up in tumour"
"ENSG00000088926.13","F11","ENSG00000088926",2031.83964440541,-2.55629123881809,-2.62297102188256,0.248563204858534,-10.5525313908605,4.94466347636004e-26,1.42875509762911e-24,"Down in tumour"
"ENSG00000170779.10","CDCA4","ENSG00000170779",61.7804020757097,1.30426550713568,1.32256533715138,0.12536452276434,10.5497576825426,5.09282693016809e-26,1.46942162432678e-24,"Up in tumour"
"ENSG00000225697.12","SLC26A6","ENSG00000225697",367.191919789194,1.19891052573505,1.21475986533863,0.115165605241208,10.5479397498445,5.19231439031745e-26,1.4959458330066e-24,"Up in tumour"
"ENSG00000116285.12","ERRFI1","ENSG00000116285",8531.74569687904,-1.55419691487582,-1.58122982363205,0.149942090075068,-10.5456034582446,5.3230027280482e-26,1.53136908424794e-24,"Down in tumour"
"ENSG00000172322.13","CLEC12A","ENSG00000172322",56.2166715486566,-2.07525350319267,-2.1211489008055,0.201145690546701,-10.5453360449352,5.33816780795718e-26,1.53350298146439e-24,"Down in tumour"
"ENSG00000142731.10","PLK4","ENSG00000142731",46.3636281903896,1.55366687071718,1.57845947008778,0.149695151805871,10.5444929314395,5.38626192440398e-26,1.54507655463374e-24,"Up in tumour"
"ENSG00000237767.1","LINC01370","ENSG00000237767",40.5766683079958,-3.86668877842988,-4.10207310472498,0.38912968836244,-10.5416606016045,5.55099454346651e-26,1.59002655569946e-24,"Down in tumour"
"ENSG00000171723.15","GPHN","ENSG00000171723",801.989730118072,-1.31877636040778,-1.33857411629532,0.1269966020203,-10.540235683482,5.63574836718896e-26,1.61197062762675e-24,"Down in tumour"
"ENSG00000138670.17","RASGEF1B","ENSG00000138670",1207.78592690481,-1.39988791717512,-1.4233114940854,0.135137933489206,-10.5322869555282,6.13261481844844e-26,1.74903235016643e-24,"Down in tumour"
"ENSG00000185737.12","NRG3","ENSG00000185737",17.4489850748233,-2.81750519646518,-2.89217711112889,0.274636666852719,-10.5309212505113,6.22225089750356e-26,1.77204333833508e-24,"Down in tumour"
"ENSG00000268758.7","ADGRE4P","ENSG00000268758",80.2146138301829,-1.90584222914611,-1.94402075404509,0.184604761429831,-10.5307183790274,6.23567639481461e-26,1.7721323937564e-24,"Down in tumour"
"ENSG00000129993.14","CBFA2T3","ENSG00000129993",71.6543383383818,-1.83450748337431,-1.87316744204699,0.177877732683788,-10.5306460442517,6.24047025942612e-26,1.7721323937564e-24,"Down in tumour"
"ENSG00000186910.3","SERPINA11","ENSG00000186910",1396.31082863943,-2.88942491546751,-2.99394873759858,0.28440814746729,-10.5269443377775,6.49073357378505e-26,1.84056002329409e-24,"Down in tumour"
"ENSG00000086696.10","HSD17B2","ENSG00000086696",1305.24703365363,-2.28964514584065,-2.3442219037722,0.222716741275,-10.5255756273736,6.58576655586769e-26,1.8648365871286e-24,"Down in tumour"
"ENSG00000205208.4","C4orf46","ENSG00000205208",40.7214937812248,1.236713665446,1.2521451546575,0.119026698903995,10.5198679471693,6.99715824308676e-26,1.97849647293452e-24,"Up in tumour"
"ENSG00000167513.8","CDT1","ENSG00000167513",58.9176933200731,1.67182705418979,1.69882115175357,0.161725615185351,10.5043418743937,8.24962035533614e-26,2.32931149348314e-24,"Up in tumour"
"ENSG00000109674.3","NEIL3","ENSG00000109674",29.0597579929417,2.39275905999749,2.44395577256325,0.232711685262055,10.5020758618594,8.45011105980266e-26,2.38252205422613e-24,"Up in tumour"
"ENSG00000151224.12","MAT1A","ENSG00000151224",15906.9843769503,-2.51124201029861,-2.5764908549227,0.245358829108534,-10.5009094813661,8.55518438610046e-26,2.40871642324447e-24,"Down in tumour"
"ENSG00000257878.1","RP11-256L6.3","ENSG00000257878",23.2870610500858,-2.98343003784192,-3.08768125338523,0.29441739864306,-10.4874279428323,9.86780396524154e-26,2.76647937512784e-24,"Down in tumour"
"ENSG00000160767.20","FAM189B","ENSG00000160767",184.359214667612,1.16213796978848,1.17727221888155,0.112317410347919,10.4816538703553,1.04893133420543e-25,2.93656264468573e-24,"Up in tumour"
"ENSG00000165972.12","CCDC38","ENSG00000165972",46.9127362700433,-1.76778237959794,-1.8015735143801,0.171903984351595,-10.4801149384377,1.06614091720905e-25,2.98052643705068e-24,"Down in tumour"
"ENSG00000100652.4","SLC10A1","ENSG00000100652",1306.86534816236,-2.69085699506507,-2.78775973443704,0.266040167705504,-10.4787174000092,1.08201163285102e-25,3.02062852595489e-24,"Down in tumour"
"ENSG00000076555.15","ACACB","ENSG00000076555",4929.46575987691,-1.57804380645702,-1.609129489115,0.153618547361972,-10.4748385969528,1.12729737106346e-25,3.14261927682522e-24,"Down in tumour"
"ENSG00000266964.5","FXYD1","ENSG00000266964",438.825015040416,-2.92556053089308,-3.05273835378512,0.291461899511065,-10.4738847818743,1.1387180794021e-25,3.16999253805987e-24,"Down in tumour"
"ENSG00000257139.1","RP11-320P7.2","ENSG00000257139",195.701397757147,-2.95978351602468,-3.07160675628892,0.293340162224783,-10.4711428976956,1.17219118478171e-25,3.25859271353714e-24,"Down in tumour"
"ENSG00000083123.14","BCKDHB","ENSG00000083123",604.312749281125,-1.17639689646015,-1.19285909982834,0.113939059059374,-10.4692728698658,1.19557814351724e-25,3.31894504833614e-24,"Down in tumour"
"ENSG00000235092.5","ID2-AS1","ENSG00000235092",42.2364615539346,-1.54092375462286,-1.56729031777998,0.149765380676975,-10.4649706807772,1.2511526481685e-25,3.46835635366936e-24,"Down in tumour"
"ENSG00000205754.10","SLCO1B7","ENSG00000205754",136.567451038186,-3.47619497727467,-3.68501148194159,0.352510811224692,-10.4536126683296,1.41047839426268e-25,3.89366790204201e-24,"Down in tumour"
"ENSG00000167772.11","ANGPTL4","ENSG00000167772",1448.57581231265,-1.91499799056453,-1.95604259030644,0.187137285540264,-10.4524471681812,1.42792377973615e-25,3.93633640282974e-24,"Down in tumour"
"ENSG00000117593.9","DARS2","ENSG00000117593",370.064085106266,1.00858227007089,1.0201199424502,0.0976221000129113,10.4496824214525,1.4701669123859e-25,4.04715072278917e-24,"Up in tumour"
"ENSG00000177103.13","DSCAML1","ENSG00000177103",52.4494884010103,-2.63396051900407,-2.71648411808036,0.260071167895592,-10.4451567625171,1.54200417982374e-25,4.22726990737553e-24,"Down in tumour"
"ENSG00000183908.5","LRRC55","ENSG00000183908",20.974131573877,-2.41406284848003,-2.45337901440677,0.235013742530223,-10.4393002213105,1.64015267838804e-25,4.47772992597716e-24,"Down in tumour"
"ENSG00000183971.6","NPW","ENSG00000183971",81.0655402366806,-2.80530921906444,-2.89732558167056,0.277579923856071,-10.4378066735578,1.66615800277774e-25,4.5424607918705e-24,"Down in tumour"
"ENSG00000114541.14","FRMD4B","ENSG00000114541",1057.95337641517,-1.07189723813355,-1.0854872583985,0.104091426140068,-10.4282100711911,1.84327792762562e-25,5.01153846449093e-24,"Down in tumour"
"ENSG00000090006.17","LTBP4","ENSG00000090006",728.812480847197,-1.7644893960464,-1.80014539423255,0.172627960784308,-10.4278900477875,1.84949538636535e-25,5.02154488097797e-24,"Down in tumour"
"ENSG00000139194.7","RBP5","ENSG00000139194",592.954634866429,-1.54997207687517,-1.57843582089194,0.151459395316337,-10.4215114393876,1.97784727999203e-25,5.362675508614e-24,"Down in tumour"
"ENSG00000104883.7","PEX11G","ENSG00000104883",66.6660479980883,-1.45081437245397,-1.47470804397045,0.141532632603436,-10.4195620249817,2.01880699968195e-25,5.46624445208002e-24,"Down in tumour"
"ENSG00000076003.4","MCM6","ENSG00000076003",256.414335446604,1.20455790823915,1.2211582607739,0.117254761142884,10.4145729254083,2.12750305814514e-25,5.75268688932605e-24,"Up in tumour"
"ENSG00000176597.11","B3GNT5","ENSG00000176597",195.50988761181,1.85955912358896,1.88893489438153,0.18149269134487,10.4077738909728,2.28502386454005e-25,6.17018790598106e-24,"Up in tumour"
"ENSG00000011105.12","TSPAN9","ENSG00000011105",1134.64925699775,-1.11698954472935,-1.13227226901803,0.108800243107514,-10.4068909836823,2.30630923810164e-25,6.21917966617789e-24,"Down in tumour"
"ENSG00000213065.2","RP3-431P23.2","ENSG00000213065",22.9269782522279,-2.71952781859458,-2.77495024892105,0.266651111508274,-10.4066704737323,2.31165594672747e-25,6.22511648347984e-24,"Down in tumour"
"ENSG00000164032.11","H2AFZ","ENSG00000164032",405.404066106042,1.13925519889612,1.15389491467017,0.11088268386855,10.4064482785977,2.31705594087456e-25,6.2311804670829e-24,"Up in tumour"
"ENSG00000153165.18","RGPD3","ENSG00000153165",85.3993703681469,-1.8278877352592,-1.86579078630565,0.179299262501566,-10.4060148395165,2.32762578614633e-25,6.25111223679706e-24,"Down in tumour"
"ENSG00000091651.8","ORC6","ENSG00000091651",45.0849843281576,1.55869654160769,1.58011106049893,0.15192825825169,10.4003763268401,2.46955936035686e-25,6.61434214066892e-24,"Up in tumour"
"ENSG00000240519.1","RP11-384C12.1","ENSG00000240519",13.8012526573791,-3.00266877312618,-3.07307446774773,0.295488996812057,-10.3999624382032,2.48030947920663e-25,6.63415750296443e-24,"Down in tumour"
"ENSG00000166211.7","SPIC","ENSG00000166211",23.5743374679266,-2.35369317596953,-2.40927920332482,0.231807848348923,-10.3934324074235,2.65618548637404e-25,7.08818851900284e-24,"Down in tumour"
"ENSG00000116785.13","CFHR3","ENSG00000116785",2636.8865746483,-2.90267699171542,-3.01515426726329,0.290165467619432,-10.3911547159631,2.72039419037213e-25,7.24693973217169e-24,"Down in tumour"
"ENSG00000112118.18","MCM3","ENSG00000112118",548.062009981456,1.23164369310437,1.24906289034309,0.12030612486529,10.3823715687102,2.98272071954278e-25,7.9244283492497e-24,"Up in tumour"
"ENSG00000173930.8","SLCO4C1","ENSG00000173930",76.5139837645678,-2.90027119400674,-3.03552483561429,0.292490669072366,-10.3781937565443,3.11614941674094e-25,8.26782109994015e-24,"Down in tumour"
"ENSG00000138709.17","LARP1B","ENSG00000138709",1175.51187138945,-1.01639795812931,-1.02891193374335,0.0992024891241429,-10.3718358564144,3.33063609203572e-25,8.81327274995494e-24,"Down in tumour"
"ENSG00000100897.17","DCAF11","ENSG00000100897",2196.72438484978,-1.05245998855505,-1.06583498515235,0.102798997932165,-10.368145668654,3.4617700725642e-25,9.14803939202447e-24,"Down in tumour"
"ENSG00000253406.1","AC012613.2","ENSG00000253406",425.909055017609,-1.94543163051111,-1.99092642166047,0.192036345560267,-10.3674458907867,3.48720825150403e-25,9.20297505626925e-24,"Down in tumour"
"ENSG00000162882.14","HAAO","ENSG00000162882",1360.50976718398,-1.72576522486394,-1.76128356237546,0.169888724477805,-10.3672775682389,3.49335466210657e-25,9.20691995034292e-24,"Down in tumour"
"ENSG00000213373.7","LINC00671","ENSG00000213373",50.5400910713151,-2.16559732535507,-2.21630917629528,0.213824609173737,-10.3650799824191,3.57459286342623e-25,9.40408493263053e-24,"Down in tumour"
"ENSG00000007968.6","E2F2","ENSG00000007968",40.5624139277298,2.0598983229349,2.10411788781816,0.203020208024262,10.3640810355524,3.61213718506012e-25,9.48209964242638e-24,"Up in tumour"
"ENSG00000109794.13","FAM149A","ENSG00000109794",295.452077958536,-1.47541132855018,-1.50110326634431,0.144985163259415,-10.3534957136163,4.03479049671966e-25,1.0563572526663e-23,"Down in tumour"
"ENSG00000010379.15","SLC6A13","ENSG00000010379",212.608691145503,-2.19473281764818,-2.25555773854496,0.217998156450055,-10.3466826292255,4.33237946324492e-25,1.13127686960431e-23,"Down in tumour"
"ENSG00000051180.16","RAD51","ENSG00000051180",23.955795427502,1.48815795310738,1.50769347905591,0.145772330021575,10.3427960493789,4.51177915848384e-25,1.17502164320883e-23,"Up in tumour"
"ENSG00000260691.5","ANKRD20A1","ENSG00000260691",46.8225194803229,-2.16266648132526,-2.21342295478217,0.21401528377942,-10.3423592731045,4.53239472202623e-25,1.17883953657116e-23,"Down in tumour"
"ENSG00000101447.14","FAM83D","ENSG00000101447",110.202711507105,1.7735806886135,1.80739172138452,0.174836771802685,10.3375949049453,4.7634225040474e-25,1.23730212103163e-23,"Up in tumour"
"ENSG00000276409.4","CCL14","ENSG00000276409",233.604102088203,-2.00981505849583,-2.05426071826557,0.198955814807722,-10.3252107522009,5.41996473582338e-25,1.40599425971366e-23,"Down in tumour"
"ENSG00000233822.4","HIST1H2BN","ENSG00000233822",170.793360403345,1.33021849648036,1.35083226939094,0.130902075407395,10.3194106372023,5.75754814740757e-25,1.49161191729893e-23,"Up in tumour"
"ENSG00000112769.18","LAMA4","ENSG00000112769",595.121238575933,1.40199286019668,1.42455532087333,0.138079075293606,10.3169529332682,5.90680257132294e-25,1.52827899730974e-23,"Up in tumour"
"ENSG00000205436.7","EXOC3L4","ENSG00000205436",936.311910469554,-2.13592089855897,-2.19130791293017,0.212418177922177,-10.3160093658886,5.96511765157555e-25,1.54135213678375e-23,"Down in tumour"
"ENSG00000264346.1","SNORA77","ENSG00000264346",328.695258915577,-1.48774352306252,-1.51464648007472,0.14686575645335,-10.3131357278361,6.14625356692106e-25,1.58608600847547e-23,"Down in tumour"
"ENSG00000110243.11","APOA5","ENSG00000110243",3453.02183545943,-2.91463099026497,-3.01331259029123,0.292259073950039,-10.3104158566052,6.32271334825058e-25,1.6294982461188e-23,"Down in tumour"
"ENSG00000241224.7","FLJ22763","ENSG00000241224",26.2688130058269,-3.29198948058938,-3.37547938903241,0.327463320262847,-10.3079617782016,6.4862319325421e-25,1.66513603943976e-23,"Down in tumour"
"ENSG00000140044.12","JDP2","ENSG00000140044",279.117808657426,-1.13258640065535,-1.15844963192679,0.112420778093455,-10.3045864970243,6.71799631224711e-25,1.72240027212833e-23,"Down in tumour"
"ENSG00000171444.17","MCC","ENSG00000171444",976.478503954371,-1.46064620725726,-1.48821607153408,0.144458049455362,-10.3020640050518,6.89654396514208e-25,1.76588997027241e-23,"Down in tumour"
"ENSG00000183281.14","PLGLB1","ENSG00000183281",672.643420893424,-1.95924936696613,-2.00611290501231,0.194746212353715,-10.3011651973422,6.96129318512126e-25,1.78016635675846e-23,"Down in tumour"
"ENSG00000218819.4","TDRD15","ENSG00000218819",141.42178574894,-2.5018302368526,-2.59810218305611,0.25229943968023,-10.2976930362945,7.217131553035e-25,1.84320883650609e-23,"Down in tumour"
"ENSG00000166123.13","GPT2","ENSG00000166123",4316.82054309965,-2.01164858950165,-2.06118451856,0.200167521546142,-10.2972974968112,7.24686069005131e-25,1.84841641286322e-23,"Down in tumour"
"ENSG00000239039.1","SNORD13","ENSG00000239039",1039.29753890067,-1.8357761210007,-1.87426059934819,0.182024132300493,-10.2967698604605,7.28670732420656e-25,1.8561878773233e-23,"Down in tumour"
"ENSG00000163517.14","HDAC11","ENSG00000163517",127.208364093867,1.20573644421447,1.2216871456097,0.118704235581567,10.2918580758665,7.6682141686916e-25,1.94835639333649e-23,"Up in tumour"
"ENSG00000099953.9","MMP11","ENSG00000099953",100.27181293822,2.28323821932896,2.33367416258522,0.22675899373585,10.2914293459236,7.70243873083816e-25,1.95454320255743e-23,"Up in tumour"
"ENSG00000167900.11","TK1","ENSG00000167900",120.058955125133,1.42292172622171,1.44716017670345,0.140771429100293,10.2802122984233,8.65367744821913e-25,2.19030994542968e-23,"Up in tumour"
"ENSG00000187116.13","LILRA5","ENSG00000187116",29.3257702989525,-1.81448349572841,-1.85077399170575,0.180092954078317,-10.2767706886573,8.96822436496604e-25,2.26413348030322e-23,"Down in tumour"
"ENSG00000065054.13","SLC9A3R2","ENSG00000065054",1243.929202788,-1.26243764256278,-1.2821657726515,0.12476836513866,-10.2763691038716,9.00565747706821e-25,2.27068762348549e-23,"Down in tumour"
"ENSG00000143878.9","RHOB","ENSG00000143878",6591.06002993911,-1.41026435183168,-1.43455681415022,0.139672839731067,-10.2708358827127,9.53746699525343e-25,2.40171862897012e-23,"Down in tumour"
"ENSG00000081041.8","CXCL2","ENSG00000081041",1896.05501814001,-2.28104140781684,-2.34874029739949,0.228695059932904,-10.2701837901027,9.60215546575145e-25,2.41493599915652e-23,"Down in tumour"
"ENSG00000104549.11","SQLE","ENSG00000104549",517.625230537716,1.85828022053912,1.89512911812892,0.184671923912584,10.2621398964035,1.04367876783363e-24,2.6181918696744e-23,"Up in tumour"
"ENSG00000067840.12","PDZD4","ENSG00000067840",59.3627093111227,-1.95093521333416,-1.99593497017298,0.194613617199621,-10.2558854765321,1.11350700900572e-24,2.7898283834494e-23,"Down in tumour"
"ENSG00000165757.8","KIAA1462","ENSG00000165757",419.131221380542,1.43431960021212,1.45813119835678,0.142210181203685,10.2533530722975,1.14307935362797e-24,2.86029957602508e-23,"Up in tumour"
"ENSG00000198715.11","GLMP","ENSG00000198715",577.653556457893,1.19637969634089,1.2131530806991,0.118399052143328,10.2463073710296,1.22951273862178e-24,3.06495536971549e-23,"Up in tumour"
"ENSG00000121310.16","ECHDC2","ENSG00000121310",5314.74905276907,-1.44171833272958,-1.46729295173819,0.143223596856771,-10.2447710010072,1.24920344967708e-24,3.11012375842245e-23,"Down in tumour"
"ENSG00000214252.4","AZGP1P2","ENSG00000214252",47.2198548175073,-2.51844548150542,-2.59141095335211,0.252971167497954,-10.2438984607725,1.26052502952536e-24,3.13436833032607e-23,"Down in tumour"
"ENSG00000084110.10","HAL","ENSG00000084110",3953.92765375556,-3.02221650428303,-3.18229115214561,0.31072942344081,-10.2413576316882,1.29407562535118e-24,3.21375644323413e-23,"Down in tumour"
"ENSG00000159921.14","GNE","ENSG00000159921",1652.72885305201,-1.25649030380479,-1.2760458287579,0.124600017359548,-10.2411368457175,1.29703245338353e-24,3.21706307641856e-23,"Down in tumour"
"ENSG00000128567.16","PODXL","ENSG00000128567",654.862671525633,1.15594244923579,1.17190679403583,0.114523345449021,10.2329074429413,1.41214910860396e-24,3.49820617103858e-23,"Up in tumour"
"ENSG00000160883.10","HK3","ENSG00000160883",306.939059007743,-1.94756062386449,-1.99241267830991,0.194803558715423,-10.2278043145018,1.48856009024904e-24,3.6828837332874e-23,"Down in tumour"
"ENSG00000136546.13","SCN7A","ENSG00000136546",58.4481166986614,-2.92656453507964,-3.01966029974983,0.295471664889556,-10.2197965442085,1.61679864219122e-24,3.98026063742422e-23,"Down in tumour"
"ENSG00000119943.12","PYROXD2","ENSG00000119943",152.636860785361,-1.90116771556486,-1.95721888415199,0.19157186609001,-10.216630051682,1.67047523925733e-24,4.10729396405222e-23,"Down in tumour"
"ENSG00000162947.4","LINC01931","ENSG00000162947",32.2821373277761,-2.29541838744092,-2.33180904341453,0.228243324467347,-10.2163296510699,1.6756582321577e-24,4.11492597879619e-23,"Down in tumour"
"ENSG00000275993.2","CH507-42P11.8","ENSG00000275993",2291.39853080998,-1.40540727285006,-1.43013525901637,0.140021099178713,-10.2137125576413,1.72149179402824e-24,4.22224127375477e-23,"Down in tumour"
"ENSG00000171320.14","ESCO2","ENSG00000171320",40.2334862419185,1.91566283216103,1.95428414124987,0.191403076933876,10.210306817194,1.78300133143986e-24,4.36769125658282e-23,"Up in tumour"
"ENSG00000197165.10","SULT1A2","ENSG00000197165",240.867349419509,-2.15717367312781,-2.21625583810764,0.217079998963819,-10.209396760118,1.79980285731555e-24,4.39589065852302e-23,"Down in tumour"
"ENSG00000241058.3","NSUN6","ENSG00000241058",1180.71573428624,-1.36872902624598,-1.39184767166556,0.136331047973082,-10.2093227651296,1.80117583189116e-24,4.39589065852302e-23,"Down in tumour"
"ENSG00000137106.17","GRHPR","ENSG00000137106",3406.71965423195,-1.44360927310942,-1.46971251571139,0.144046587913895,-10.2030359552141,1.92169706897834e-24,4.684254936735e-23,"Down in tumour"
"ENSG00000174992.7","ZG16","ENSG00000174992",68.9224402364474,-2.68690046809305,-2.78049234504514,0.272630275658527,-10.1987658499372,2.00807895882077e-24,4.8855793951093e-23,"Down in tumour"
"ENSG00000144619.14","CNTN4","ENSG00000144619",58.8151775959808,-1.89396317523607,-1.93510364996521,0.189740033832251,-10.1987103663955,2.00922630607738e-24,4.8855793951093e-23,"Down in tumour"
"ENSG00000274893.1","RP11-15E1.5","ENSG00000274893",14.5918405747084,-2.52105107882547,-2.57434138089167,0.25243876851637,-10.1978844058762,2.02638338262329e-24,4.92125230579912e-23,"Down in tumour"
"ENSG00000162595.5","DIRAS3","ENSG00000162595",26.7342414689913,-1.79091505000461,-1.82870826004618,0.179338425425176,-10.1969684171737,2.0455803155433e-24,4.95571250741109e-23,"Down in tumour"
"ENSG00000005189.19","AC004381.6","ENSG00000005189",51.1640991903396,1.14006617989555,1.1554175383933,0.113317543488957,10.1962812007648,2.06010091258654e-24,4.98478940865836e-23,"Up in tumour"
"ENSG00000112210.11","RAB23","ENSG00000112210",79.7001398383274,1.04330944914015,1.05556482265158,0.103528685514607,10.1958681055856,2.06887853162106e-24,4.99991608991156e-23,"Up in tumour"
"ENSG00000183763.8","TRAIP","ENSG00000183763",27.047151750247,1.75554821158747,1.7871836258731,0.175318181300918,10.1939434496275,2.11026533572125e-24,5.09371729145495e-23,"Up in tumour"
"ENSG00000180432.5","CYP8B1","ENSG00000180432",4186.95653415944,-3.1275509822721,-3.28660799346259,0.322435163294369,-10.1930817962992,2.12905866544403e-24,5.13282072656927e-23,"Down in tumour"
"ENSG00000160282.13","FTCD","ENSG00000160282",7037.29811185131,-2.48465384531029,-2.55752892737925,0.250960824859907,-10.190948841545,2.17629627921527e-24,5.24032022560922e-23,"Down in tumour"
"ENSG00000211955.2","IGHV3-33","ENSG00000211955",841.141415050293,-3.27561130333912,-3.39243436907027,0.333143302660878,-10.1831084160308,2.35903019341321e-24,5.67342461946872e-23,"Down in tumour"
"ENSG00000141434.11","MEP1B","ENSG00000141434",33.9445920770204,-2.49882479762004,-2.55122949639356,0.250572553319532,-10.1815999501757,2.39589234799585e-24,5.75508461697594e-23,"Down in tumour"
"ENSG00000110077.14","MS4A6A","ENSG00000110077",681.483023191162,-1.49932073998884,-1.52704202202456,0.150053502668994,-10.1766502938162,2.52090058768741e-24,6.04802246449659e-23,"Down in tumour"
"ENSG00000172995.16","ARPP21","ENSG00000172995",48.0232814877216,-3.08058805115176,-3.22626148599308,0.317102558346631,-10.1741893941656,2.58543633209654e-24,6.19534398561584e-23,"Down in tumour"
"ENSG00000169213.6","RAB3B","ENSG00000169213",245.794063695957,2.59180700855373,2.66381555949831,0.261967780934579,10.1684854144852,2.74138105331405e-24,6.55315883916002e-23,"Up in tumour"
"ENSG00000241026.1","CTD-2036J7.1","ENSG00000241026",38.4861742775016,-1.87893936998727,-1.92168673550415,0.189069496723669,-10.1639173362415,2.87296003179164e-24,6.85114432641589e-23,"Down in tumour"
"ENSG00000145545.11","SRD5A1","ENSG00000145545",1232.57733704183,-1.53014749086934,-1.55877242906817,0.153387130920784,-10.162341649595,2.91978197941619e-24,6.95442174712211e-23,"Down in tumour"
"ENSG00000183778.17","B3GALT5","ENSG00000183778",39.364742632535,-3.2194346862131,-3.33406034863161,0.328109459342965,-10.1614270899352,2.94730423290575e-24,7.01153758195956e-23,"Down in tumour"
"ENSG00000245105.2","A2M-AS1","ENSG00000245105",141.638050681086,-1.62054401074042,-1.65297425425259,0.162794141014887,-10.1537699326749,3.18804905084854e-24,7.56607372463372e-23,"Down in tumour"
"ENSG00000160200.17","CBS","ENSG00000160200",4125.81172505477,-1.70912658492299,-1.74682512424145,0.172186506283119,-10.1449594509411,3.48923296446593e-24,8.26799067617184e-23,"Down in tumour"
"ENSG00000137309.19","HMGA1","ENSG00000137309",439.415690895509,1.42705166928445,1.45097271107926,0.143077517584638,10.1411649822687,3.62747428088688e-24,8.57808822480216e-23,"Up in tumour"
"ENSG00000137731.13","FXYD2","ENSG00000137731",118.03206286263,-2.48808677417333,-2.56803283779599,0.253416375807696,-10.1336499253889,3.91747517082324e-24,9.25281456516759e-23,"Down in tumour"
"ENSG00000127954.12","STEAP4","ENSG00000127954",542.637996055641,-2.20509103215834,-2.26429029255668,0.223721759569671,-10.1210105664824,4.45788810333079e-24,1.04916741057344e-22,"Down in tumour"
"ENSG00000276850.4","CH17-360D5.2","ENSG00000276850",35.3800193885423,-3.57423553260487,-3.7630903646156,0.371934946939034,-10.1176036174746,4.61578291786404e-24,1.0850379013454e-22,"Down in tumour"
"ENSG00000073169.13","SELENOO","ENSG00000073169",830.178797766,-1.085170536222,-1.10042578685821,0.108829107178136,-10.1115024775218,4.91250381369415e-24,1.15341860005277e-22,"Down in tumour"
"ENSG00000169085.11","C8orf46","ENSG00000169085",195.227346190424,-1.86639474669974,-1.91004431260122,0.189027636412222,-10.1045770282812,5.27225842141247e-24,1.23641956084143e-22,"Down in tumour"
"ENSG00000227038.3","GTF2IP7","ENSG00000227038",122.27345466754,-2.29091439312265,-2.35319736154668,0.233007032016218,-10.0992546928064,5.56636150299225e-24,1.30384607371273e-22,"Down in tumour"
"ENSG00000271699.5","SNX29P2","ENSG00000271699",287.591583379194,-2.01194717013043,-2.06522416138304,0.20470574456081,-10.0887455103613,6.19562209761733e-24,1.44781520871476e-22,"Down in tumour"
"ENSG00000171234.13","UGT2B7","ENSG00000171234",3365.56034550779,-2.71100995817478,-2.80006425410469,0.27758930742308,-10.0870753275704,6.30191806587948e-24,1.47091821082491e-22,"Down in tumour"
"ENSG00000143061.17","IGSF3","ENSG00000143061",222.014435696462,2.15716899981856,2.20375102175886,0.218498765796143,10.0858740035856,6.37948921871752e-24,1.48727008369936e-22,"Up in tumour"
"ENSG00000035499.12","DEPDC1B","ENSG00000035499",36.7858081820393,2.00167993804179,2.04483706838908,0.202884116234902,10.0788425744554,6.85285758037715e-24,1.59200246582635e-22,"Up in tumour"
"ENSG00000214274.9","ANG","ENSG00000214274",2743.12174967239,-2.04610038007681,-2.09949997248609,0.208332198477558,-10.0776547640198,6.93618855416184e-24,1.60947221632503e-22,"Down in tumour"
"ENSG00000260343.1","LINC01043","ENSG00000260343",41.4626477431642,-4.03583976627841,-4.33810778439871,0.430640429912739,-10.0736193888664,7.2268581187762e-24,1.674955535655e-22,"Down in tumour"
"ENSG00000163507.13","KIAA1524","ENSG00000163507",91.8647245093948,1.59780577901291,1.62749682148922,0.16160519413524,10.0708200017831,7.43555427101291e-24,1.72130907235273e-22,"Up in tumour"
"ENSG00000215124.2","AMD1P4","ENSG00000215124",47.2286840390187,-2.64127251494192,-2.76256421058632,0.274350660945982,-10.0694643893359,7.53875026051301e-24,1.74315985871886e-22,"Down in tumour"
"ENSG00000128578.9","STRIP2","ENSG00000128578",56.077971633701,1.82969168372801,1.86625675299713,0.185394981875398,10.0663822403317,7.77868758710731e-24,1.79654099663495e-22,"Up in tumour"
"ENSG00000283175.1","RP11-208N14.5","ENSG00000283175",23.4018573136772,-1.47933125694941,-1.50498208588389,0.149510084534556,-10.066090796277,7.80176340441696e-24,1.79977043197698e-22,"Down in tumour"
"ENSG00000214456.8","PLIN5","ENSG00000214456",1637.40806750029,-2.0330173227296,-2.08285572390153,0.206960301676639,-10.0640350203772,7.9664717341942e-24,1.83562718317702e-22,"Down in tumour"
"ENSG00000175287.18","PHYHD1","ENSG00000175287",249.76870650745,-2.09778158677855,-2.15386177845447,0.21409143915451,-10.0604759674675,8.25980384438887e-24,1.90100345920917e-22,"Down in tumour"
"ENSG00000215492.6","HNRNPA1P7","ENSG00000215492",34.9620281238164,-1.57424773074536,-1.60315411658863,0.159413535670022,-10.0565746180241,8.59364703031734e-24,1.9755407162726e-22,"Down in tumour"
"ENSG00000231047.1","GCNT1P3","ENSG00000231047",29.5476150021825,-1.90163796965796,-1.93587356604996,0.19252162548611,-10.0553564367741,8.70060058733272e-24,1.99780727871318e-22,"Down in tumour"
"ENSG00000175305.17","CCNE2","ENSG00000175305",64.4359129295463,1.40977254462181,1.43317458586003,0.142535327325614,10.0548728006638,8.74342739970136e-24,2.00531469898365e-22,"Up in tumour"
"ENSG00000279903.1","RP11-349F21.5","ENSG00000279903",94.612628300123,-2.52025879064934,-2.59639638571869,0.258263319760035,-10.0532913002556,8.8849348534891e-24,2.03541105966562e-22,"Down in tumour"
"ENSG00000198203.9","SULT1C2","ENSG00000198203",455.121851028012,2.50297611891296,2.57694415227545,0.256367248047747,10.0517682032282,9.02335991754033e-24,2.06234830078378e-22,"Up in tumour"
"ENSG00000075702.16","WDR62","ENSG00000075702",114.461433051485,1.63664377630773,1.66705969584044,0.165953138246147,10.045364091686,9.62914248173686e-24,2.19826548028856e-22,"Up in tumour"
"ENSG00000141338.13","ABCA8","ENSG00000141338",2405.0984142889,-2.44649465546291,-2.52790954688124,0.251679235635322,-10.044172060917,9.74626637854311e-24,2.22244067316249e-22,"Down in tumour"
"ENSG00000185186.8","LINC00313","ENSG00000185186",188.656086200775,-2.12177581444736,-2.17694922598971,0.216917657407705,-10.0358322692839,1.0606115197224e-23,2.40741786810384e-22,"Down in tumour"
"ENSG00000188536.12","HBA2","ENSG00000188536",293.191809960865,-2.09330422436559,-2.14426600247003,0.213717763484592,-10.0331669558418,1.08964430510629e-23,2.47048450526562e-22,"Down in tumour"
"ENSG00000088827.12","SIGLEC1","ENSG00000088827",828.500609381452,-1.62403077602123,-1.65705246454735,0.165168236349733,-10.0325129163373,1.09688807262113e-23,2.48406242807667e-22,"Down in tumour"
"ENSG00000089057.14","SLC23A2","ENSG00000089057",3857.58422101602,-1.32556976643307,-1.34811084725933,0.134383382852979,-10.0318269910962,1.10453622511328e-23,2.49852405756196e-22,"Down in tumour"
"ENSG00000072694.20","FCGR2B","ENSG00000072694",293.434013020503,-2.10946820004795,-2.17920832885737,0.217233129800376,-10.0316573759257,1.10643558547246e-23,2.49996341817995e-22,"Down in tumour"
"ENSG00000198431.15","TXNRD1","ENSG00000198431",1792.48500492632,1.33892170133451,1.3606865379847,0.135699703974223,10.0271886977968,1.15765804331977e-23,2.60974096257724e-22,"Up in tumour"
"ENSG00000131462.7","TUBG1","ENSG00000131462",213.461524570727,1.10760601814382,1.12268604508371,0.11196382835965,10.0272209474423,1.15728009609714e-23,2.60974096257724e-22,"Up in tumour"
"ENSG00000240240.8","RP11-146D12.2","ENSG00000240240",91.1621855849214,-1.62050313992555,-1.65330518661885,0.164885879857216,-10.0269664573494,1.16026589880631e-23,2.61264424744862e-22,"Down in tumour"
"ENSG00000122966.15","CIT","ENSG00000122966",262.914255773081,1.43690272230289,1.46154315770746,0.145886202638207,10.0183782378107,1.26562582542136e-23,2.84665135938238e-22,"Up in tumour"
"ENSG00000118271.9","TTR","ENSG00000118271",13981.5208111074,-2.74501126473447,-2.84201298905414,0.283702200912531,-10.0175923200905,1.27572799938939e-23,2.86611626468947e-22,"Down in tumour"
"ENSG00000137672.12","TRPC6","ENSG00000137672",26.7047695507583,1.9413159088265,1.98135209075467,0.1978348546583,10.0151820778844,1.30720983749895e-23,2.93019301399962e-22,"Up in tumour"
"ENSG00000155850.7","SLC26A2","ENSG00000155850",176.408760291182,1.06806437988833,1.08236138205267,0.108099996880646,10.0125940174421,1.34187119011332e-23,3.00448602555577e-22,"Up in tumour"
"ENSG00000225345.3","SNX18P3","ENSG00000225345",48.2130822147541,-2.74946510643811,-2.85554775310927,0.285503474882341,-10.0017968407778,1.49656563168438e-23,3.33951787462559e-22,"Down in tumour"
"ENSG00000137812.19","KNL1","ENSG00000137812",352.925161623138,1.24266330184049,1.2638968234191,0.126385836289942,10.0003043103627,1.51929463105153e-23,3.38641876491023e-22,"Up in tumour"
"ENSG00000204851.6","PNMAL2","ENSG00000204851",30.1738934341138,-1.79230298365664,-1.83079886051947,0.183100540380359,-9.99887196791614,1.54142838897152e-23,3.4318888754683e-22,"Down in tumour"
"ENSG00000258017.1","RP11-386G11.10","ENSG00000258017",60.0747581542868,1.69191539670699,1.71701449625202,0.171739564578427,9.99778065390358,1.55850634778601e-23,3.46601304963242e-22,"Up in tumour"
"ENSG00000166840.13","GLYATL1","ENSG00000166840",1282.03450295737,-2.70717232100969,-2.80543384319371,0.280648983740986,-9.99623731323707,1.58297837276941e-23,3.51648607544612e-22,"Down in tumour"
"ENSG00000169241.17","SLC50A1","ENSG00000169241",315.048236531533,1.0240523369448,1.03708009135758,0.103810565054737,9.99012085918952,1.68376324719381e-23,3.73618003942905e-22,"Up in tumour"
"ENSG00000214855.9","APOC1P1","ENSG00000214855",446.381666641251,-2.28543554138085,-2.35109225815937,0.235353648743516,-9.989614653145,1.6923836038413e-23,3.75110287467311e-22,"Down in tumour"
"ENSG00000284418.1","RP11-370B11.4","ENSG00000284418",46.4656481109145,-2.2916862688952,-2.36010999455445,0.236539821290268,-9.9776434330618,1.90947879383276e-23,4.22755187542862e-22,"Down in tumour"
"ENSG00000135447.16","PPP1R1A","ENSG00000135447",304.643739200973,-2.51282568334443,-2.60359918478672,0.261109824199308,-9.97128006489468,2.03587812412253e-23,4.4973365748613e-22,"Down in tumour"
"ENSG00000158825.5","CDA","ENSG00000158825",96.8749749383173,-2.26858938649066,-2.35310939688072,0.235988600527619,-9.97128417058993,2.03579395675017e-23,4.4973365748613e-22,"Down in tumour"
"ENSG00000105426.16","PTPRS","ENSG00000105426",702.685493080201,-2.19284653696681,-2.26483563408102,0.227151848675012,-9.97057980065724,2.05028417620604e-23,4.5241108918223e-22,"Down in tumour"
"ENSG00000196081.9","ZNF724","ENSG00000196081",60.499916419579,1.26841941870823,1.28790967667446,0.129198410652019,9.9684637773393,2.09443185391344e-23,4.61637969760677e-22,"Up in tumour"
"ENSG00000164176.12","EDIL3","ENSG00000164176",72.0287540211525,2.50947311941322,2.58267305230526,0.259614931877397,9.94809132752397,2.57066159365108e-23,5.64092072318579e-22,"Up in tumour"
"ENSG00000087116.14","ADAMTS2","ENSG00000087116",760.146776731688,-1.8662737704641,-1.91260975039583,0.192318681801446,-9.94500239124167,2.65167659134895e-23,5.81225191279843e-22,"Down in tumour"
"ENSG00000139112.10","GABARAPL1","ENSG00000139112",1585.86420285534,-1.39122163136033,-1.41725184316107,0.142521114774775,-9.94415350596116,2.67438016207333e-23,5.85553169777847e-22,"Down in tumour"
"ENSG00000279932.1","RP11-349F21.2","ENSG00000279932",183.462200904345,-2.3216989917354,-2.38970598240429,0.240331692118232,-9.94336602610307,2.6956134829517e-23,5.89550029481359e-22,"Down in tumour"
"ENSG00000156299.13","TIAM1","ENSG00000156299",475.677910481019,-1.51924107674504,-1.55158131588885,0.156184974431724,-9.93425469725395,2.95376504160069e-23,6.45296594573979e-22,"Down in tumour"
"ENSG00000181938.13","GINS3","ENSG00000181938",34.4954094570606,1.25745481586981,1.2769247823545,0.128553304298259,9.93303742229667,2.99005802817325e-23,6.5250516594965e-22,"Up in tumour"
"ENSG00000157168.18","NRG1","ENSG00000157168",305.706533217155,-3.00674530140029,-3.14724520460005,0.31689717394389,-9.93143979616965,3.0383619682672e-23,6.6231606209155e-22,"Down in tumour"
"ENSG00000174175.16","SELP","ENSG00000174175",49.1741619186011,-2.38925762842344,-2.46219899955134,0.247928275597507,-9.93109395698185,3.04891965292934e-23,6.63886322226957e-22,"Down in tumour"
"ENSG00000159450.12","TCHH","ENSG00000159450",42.5950692973744,-2.1388503313791,-2.19412165543438,0.220939640119569,-9.93086462097502,3.05594078247468e-23,6.64683911071663e-22,"Down in tumour"
"ENSG00000222489.1","SNORA79","ENSG00000222489",3209.00110262044,-1.54555541753763,-1.57694623976577,0.158965291557858,-9.92006635103625,3.40529727956503e-23,7.39857838138646e-22,"Down in tumour"
"ENSG00000017427.15","IGF1","ENSG00000017427",917.536302836527,-2.13753416085717,-2.19935096189767,0.221774169824521,-9.91707448905304,3.50890153935106e-23,7.60697570299841e-22,"Down in tumour"
"ENSG00000172167.7","MTBP","ENSG00000172167",83.9925967927269,1.2069574389447,1.22535665268982,0.123573882207322,9.91598411251669,3.54743076281132e-23,7.68208939697205e-22,"Up in tumour"
"ENSG00000103056.11","SMPD3","ENSG00000103056",112.192362375941,-1.36208229212828,-1.38619105744337,0.139859237399247,-9.91133001452241,3.71665141827206e-23,8.03096959845621e-22,"Down in tumour"
"ENSG00000124212.5","PTGIS","ENSG00000124212",312.290877466122,-2.57580615706366,-2.67478510927891,0.269897757401242,-9.91036433586385,3.75275165948914e-23,8.10013234419504e-22,"Down in tumour"
"ENSG00000122756.14","CNTFR","ENSG00000122756",62.0886311220289,-2.92763306923172,-3.08454956258839,0.311277105316776,-9.90933643979164,3.79155928557173e-23,8.17498180166898e-22,"Down in tumour"
"ENSG00000106686.16","SPATA6L","ENSG00000106686",288.503567024736,-1.48985560675883,-1.52039570409246,0.153439110825449,-9.90878854754346,3.81240671415638e-23,8.21098651722495e-22,"Down in tumour"
"ENSG00000157502.13","MUM1L1","ENSG00000157502",45.5555909167525,-3.21156991002998,-3.39710414884633,0.342933039906924,-9.90602757252068,3.91920194791795e-23,8.42266711782193e-22,"Down in tumour"
"ENSG00000112312.9","GMNN","ENSG00000112312",154.289607075025,1.35742129205882,1.38042743034424,0.139418027512548,9.90135533383586,4.10671345632309e-23,8.80651998277387e-22,"Up in tumour"
"ENSG00000218048.2","RP3-407E4.4","ENSG00000218048",12.35000267047,-2.48728886921222,-2.53227028442563,0.255839003982303,-9.89790549919743,4.25084105304459e-23,9.10572477953588e-22,"Down in tumour"
"ENSG00000174990.4","CA5A","ENSG00000174990",634.66295686258,-2.35065357222966,-2.42310665741584,0.244871171956347,-9.89543455873937,4.35713947581758e-23,9.32333639403864e-22,"Down in tumour"
"ENSG00000214787.9","MS4A4E","ENSG00000214787",67.3551399135957,-1.95131012061225,-2.0068102290931,0.202917673396563,-9.88977547150948,4.61060825488229e-23,9.85505066834613e-22,"Down in tumour"
"ENSG00000180071.19","ANKRD18A","ENSG00000180071",73.4588973604853,-2.8787684823069,-3.00905818881212,0.304289486778994,-9.88880102518168,4.6557033167846e-23,9.92999307641352e-22,"Down in tumour"
"ENSG00000100889.11","PCK2","ENSG00000100889",3976.07529971644,-1.67650744989241,-1.71454754927634,0.173381760197008,-9.88885767065779,4.6530699854507e-23,9.92999307641352e-22,"Down in tumour"
"ENSG00000176381.5","PRR18","ENSG00000176381",40.7506138362713,-2.27278113888196,-2.34358091733882,0.237083600640757,-9.88504017572247,4.83387866651862e-23,1.0289249404917e-21,"Down in tumour"
"ENSG00000107282.7","APBA1","ENSG00000107282",758.565314146818,-1.6615038920742,-1.69867579040098,0.171891039028477,-9.88228240402666,4.96880637947314e-23,1.05636503403772e-21,"Down in tumour"
"ENSG00000138744.14","NAAA","ENSG00000138744",216.000328397259,-1.06298411634595,-1.07785403959118,0.109070919052325,-9.88213951946346,4.97589790793456e-23,1.05673763188572e-21,"Down in tumour"
"ENSG00000232682.2","RP11-388P9.2","ENSG00000232682",24.3537849065363,-2.34638425067142,-2.41233729338992,0.24417023122395,-9.87973546692247,5.09672760069408e-23,1.08123825724049e-21,"Down in tumour"
"ENSG00000125249.6","RAP2A","ENSG00000125249",432.183132064598,1.12903399721773,1.14475342165781,0.115909585549803,9.87626188315492,5.27646057490874e-23,1.11816899528018e-21,"Up in tumour"
"ENSG00000186115.12","CYP4F2","ENSG00000186115",1491.24568116919,-2.63940558236718,-2.73242735096298,0.27675988036929,-9.87291708363585,5.45545574049686e-23,1.15363072085101e-21,"Down in tumour"
"ENSG00000171596.6","NMUR1","ENSG00000171596",15.6245818307125,-1.77793456316161,-1.81920636791573,0.184416984174181,-9.86463571162998,5.92491244560505e-23,1.25156661724504e-21,"Down in tumour"
"ENSG00000149554.12","CHEK1","ENSG00000149554",76.6264210176139,1.35037409107402,1.3735602159951,0.139284884833269,9.86151668674832,6.11190880950981e-23,1.28969094953761e-21,"Up in tumour"
"ENSG00000231437.3","LINC01750","ENSG00000231437",20.7998034581235,-2.57836299121855,-2.66301313874832,0.270068946063253,-9.86049369083928,6.1745043353908e-23,1.30151186699031e-21,"Down in tumour"
"ENSG00000137171.14","KLC4","ENSG00000137171",1204.84574224261,-1.1367442401206,-1.15443741876838,0.117106291518821,-9.85803071547909,6.32782546723147e-23,1.33241116460545e-21,"Down in tumour"
"ENSG00000189108.12","IL1RAPL2","ENSG00000189108",37.2183899237194,-2.51754659154013,-2.61241496450621,0.265304015148573,-9.84687307895897,7.07096515477461e-23,1.48415284526462e-21,"Down in tumour"
"ENSG00000148965.9","SAA4","ENSG00000148965",1721.32078414774,-2.78335235440878,-2.90073917570563,0.294612741966234,-9.84593930441098,7.13694118998249e-23,1.49325028513027e-21,"Down in tumour"
"ENSG00000154263.17","ABCA10","ENSG00000154263",534.247338694743,-1.7602346323483,-1.80203700930165,0.183147670564558,-9.83925705277503,7.62719817333857e-23,1.59414079667255e-21,"Down in tumour"
"ENSG00000109181.11","UGT2B10","ENSG00000109181",2683.86012390864,-2.76733905701558,-2.87448306937008,0.29217424978784,-9.83824916623338,7.70398200338168e-23,1.60849067292124e-21,"Down in tumour"
"ENSG00000100714.15","MTHFD1","ENSG00000100714",4484.19030531649,-1.52344162510846,-1.55603143926234,0.158167604075218,-9.83786438670684,7.73349707518736e-23,1.6129516081052e-21,"Down in tumour"
"ENSG00000203710.10","CR1","ENSG00000203710",262.064324759816,-1.98176677683436,-2.03626026753592,0.207006785985668,-9.83668365189196,7.82476763254934e-23,1.63026974474789e-21,"Down in tumour"
"ENSG00000187266.13","EPOR","ENSG00000187266",170.89584045397,-1.16779288424656,-1.18596169210996,0.120586580173573,-9.83493926440968,7.96156323872168e-23,1.65702651087296e-21,"Down in tumour"
"ENSG00000106993.11","CDC37L1","ENSG00000106993",441.498134584859,-1.04397030633493,-1.05876198730272,0.107663687216447,-9.83397480316819,8.03821030181076e-23,1.67122160193005e-21,"Down in tumour"
"ENSG00000225418.1","AKR1C5P","ENSG00000225418",38.1045411120328,-2.53084212923603,-2.6265185723419,0.267132892148397,-9.83225446787297,8.17674558971111e-23,1.69824056093549e-21,"Down in tumour"
"ENSG00000197444.9","OGDHL","ENSG00000197444",1844.62611165186,-2.42035325061389,-2.49636349528271,0.25397152774915,-9.8293045579046,8.41981868457401e-23,1.74689173190538e-21,"Down in tumour"
"ENSG00000258819.1","RP11-7F17.3","ENSG00000258819",15.9850181930362,-1.82802536887136,-1.8626921652983,0.189538462066718,-9.82751545510924,8.57071171388732e-23,1.77633609374839e-21,"Down in tumour"
"ENSG00000173898.11","SPTBN2","ENSG00000173898",2053.44470609596,-1.79859571517339,-1.84174337711234,0.187431126060229,-9.82624079482143,8.67984665590266e-23,1.79707327259709e-21,"Down in tumour"
"ENSG00000232451.1","AC016768.1","ENSG00000232451",13.7211746206517,-2.09119526240285,-2.14353906278599,0.218223569454316,-9.82267437081187,8.99256296733131e-23,1.85987250587658e-21,"Down in tumour"
"ENSG00000137054.15","POLR1E","ENSG00000137054",382.230913015954,-1.08238967024692,-1.09815841920277,0.111809880298747,-9.82165812420671,9.08369515270979e-23,1.87675968849254e-21,"Down in tumour"
"ENSG00000152455.15","SUV39H2","ENSG00000152455",97.4736840374902,1.02430289519241,1.03794779587097,0.105701725068105,9.8195918297663,9.27181931339748e-23,1.9136300278423e-21,"Up in tumour"
"ENSG00000166816.13","LDHD","ENSG00000166816",964.192238446004,-1.80043806209045,-1.84585121231014,0.187997424222379,-9.81849203490532,9.37351674344168e-23,1.93260434273897e-21,"Down in tumour"
"ENSG00000160233.7","LRRC3","ENSG00000160233",825.934086820946,-1.92529514864377,-1.97428638620547,0.201111810561128,-9.81685949073283,9.5265166524935e-23,1.9609812237462e-21,"Down in tumour"
"ENSG00000127472.10","PLA2G5","ENSG00000127472",51.0174007292092,-1.77398251835927,-1.81446865367806,0.184832772319967,-9.81681241320669,9.53096517578865e-23,1.9609812237462e-21,"Down in tumour"
"ENSG00000115042.9","FAHD2A","ENSG00000115042",690.134695260393,-1.04408757299197,-1.05910304834153,0.107908109525025,-9.81486056055792,9.71722394724788e-23,1.99722755542967e-21,"Down in tumour"
"ENSG00000211941.3","IGHV3-11","ENSG00000211941",255.440595751846,-3.23763877081639,-3.41916913664984,0.348446171672873,-9.81261788652916,9.93568678096172e-23,2.04001087609518e-21,"Down in tumour"
"ENSG00000180875.4","GREM2","ENSG00000180875",418.391343280946,-2.8910667693376,-3.04949532571443,0.310863594045364,-9.80975380883432,1.02217637372513e-22,2.09657377877114e-21,"Down in tumour"
"ENSG00000173531.15","MST1","ENSG00000173531",5877.63164691517,-1.73990562721937,-1.78227914422156,0.181792428343529,-9.80392396130837,1.08295036096941e-22,2.21663252271639e-21,"Down in tumour"
"ENSG00000233967.6","RP11-250B2.3","ENSG00000233967",56.7511246251238,-1.54409318840608,-1.57446595096504,0.16060514810565,-9.8033342612985,1.08929346895003e-22,2.22731256517851e-21,"Down in tumour"
"ENSG00000114698.14","PLSCR4","ENSG00000114698",395.902241159188,-1.20893614376529,-1.22853667844518,0.125367590046805,-9.79947590909674,1.13171300623568e-22,2.31166104565767e-21,"Down in tumour"
"ENSG00000173281.4","PPP1R3B","ENSG00000173281",2197.60115263137,-1.55241161671632,-1.58520473760254,0.161796420699006,-9.79752661248015,1.1537616447541e-22,2.3518438964591e-21,"Down in tumour"
"ENSG00000167553.15","TUBA1C","ENSG00000167553",454.420311870422,1.21084763345813,1.23000668004906,0.12558080856658,9.79454340268038,1.18833090331826e-22,2.41981826845457e-21,"Up in tumour"
"ENSG00000198468.7","FLVCR1-AS1","ENSG00000198468",25.7377747488655,1.39948768690827,1.42341451516471,0.14535188277523,9.79288666914521,1.20796980462921e-22,2.45728122744358e-21,"Up in tumour"
"ENSG00000174348.13","PODN","ENSG00000174348",203.832602014793,-2.24957460499442,-2.32880748953147,0.237894688119765,-9.78923702726417,1.25237321748075e-22,2.54499210406535e-21,"Down in tumour"
"ENSG00000260300.5","RP11-505K9.4","ENSG00000260300",95.9615514900555,-1.44280702102472,-1.47075040644182,0.150306903768828,-9.78498238978989,1.3061802148037e-22,2.65161281965227e-21,"Down in tumour"
"ENSG00000072133.10","RPS6KA6","ENSG00000072133",21.3160635362028,-3.25470227912238,-3.35639339535949,0.343072067085432,-9.78334792416566,1.32745373771805e-22,2.692038097403e-21,"Down in tumour"
"ENSG00000162482.4","AKR7A3","ENSG00000162482",852.938820055846,-2.29703571029852,-2.37756407299638,0.243098098304202,-9.78026603079879,1.36850363893721e-22,2.77244549902602e-21,"Down in tumour"
"ENSG00000090539.15","CHRD","ENSG00000090539",2271.58204799752,-1.80344166485301,-1.85023643217448,0.189222797348083,-9.77808413206625,1.39832313183835e-22,2.82996009698123e-21,"Down in tumour"
"ENSG00000275714.1","HIST1H3A","ENSG00000275714",22.0964153081763,1.74666297089123,1.76023085083264,0.180020558846789,9.77794348661436,1.40026721534738e-22,2.8309998971778e-21,"Up in tumour"
"ENSG00000102743.14","SLC25A15","ENSG00000102743",937.533919503166,-1.82399604921143,-1.87004398556865,0.191293568007287,-9.7757807805509,1.43050047955903e-22,2.88917306039917e-21,"Down in tumour"
"ENSG00000231948.2","HS1BP3-IT1","ENSG00000231948",72.4397900683691,-2.24215745286963,-2.31067988200743,0.236419340889905,-9.77364996158865,1.46091970066692e-22,2.94760281705406e-21,"Down in tumour"
"ENSG00000168229.3","PTGDR","ENSG00000168229",40.7185675439935,-1.98925958272734,-2.04176129685714,0.208909561987198,-9.77342194122381,1.46421256586519e-22,2.94823594264189e-21,"Down in tumour"
"ENSG00000116194.12","ANGPTL1","ENSG00000116194",228.473914426737,-1.23165166252504,-1.25265485353772,0.128168250517614,-9.7735191709242,1.46280756443522e-22,2.94823594264189e-21,"Down in tumour"
"ENSG00000075234.16","TTC38","ENSG00000075234",2004.12284283215,-1.2488951634413,-1.27061097186398,0.130047975796136,-9.77032486730747,1.50967204269482e-22,3.03052117049277e-21,"Down in tumour"
"ENSG00000163959.9","SLC51A","ENSG00000163959",580.32578493609,-1.86532795984032,-1.9151058550696,0.196031781931289,-9.76936411127898,1.52405607722814e-22,3.05629604220635e-21,"Down in tumour"
"ENSG00000108106.13","UBE2S","ENSG00000108106",138.129593092776,1.37113004851428,1.39488701223855,0.142824589142632,9.76643462174108,1.56875787074805e-22,3.14275551980933e-21,"Up in tumour"
"ENSG00000010610.9","CD4","ENSG00000010610",944.824571741622,-1.41118613950553,-1.43888504125661,0.14733991605607,-9.76575173769646,1.57936328153087e-22,3.16080257141967e-21,"Down in tumour"
"ENSG00000167483.17","FAM129C","ENSG00000167483",55.8405257513683,-2.3254747897659,-2.39767054281914,0.245549261641784,-9.76451945645409,1.59868089257057e-22,3.19300614597874e-21,"Down in tumour"
"ENSG00000100626.16","GALNT16","ENSG00000100626",79.8769508088792,-1.80119403331035,-1.84490026141686,0.188969528377087,-9.76295108137955,1.6236057914683e-22,3.23625674023485e-21,"Down in tumour"
"ENSG00000249170.1","RP11-1J11.1","ENSG00000249170",35.7588349712082,-1.74247717262017,-1.78497263285174,0.182829801255933,-9.76302889676643,1.6223601160828e-22,3.23625674023485e-21,"Down in tumour"
"ENSG00000239998.5","LILRA2","ENSG00000239998",25.5876732415705,-1.63235587360619,-1.66674856078863,0.170728261845829,-9.76258144239604,1.62953594568062e-22,3.24480935340608e-21,"Down in tumour"
"ENSG00000163293.11","NIPAL1","ENSG00000163293",198.481450395881,-1.72589845899387,-1.76590580831194,0.180903931639685,-9.76156677362427,1.64592480049434e-22,3.27414970614919e-21,"Down in tumour"
"ENSG00000151025.9","GPR158","ENSG00000151025",51.085222084577,3.18351506327139,3.15834936825135,0.3235742209363,9.76081889067766,1.65810889455426e-22,3.29507523593499e-21,"Up in tumour"
"ENSG00000279271.1","RP11-349F21.3","ENSG00000279271",87.3316135893752,-2.75491685475957,-2.82576741958318,0.289587716048743,-9.75789808400417,1.70655417813955e-22,3.38794652436471e-21,"Down in tumour"
"ENSG00000124875.9","CXCL6","ENSG00000124875",60.4587744576407,-3.20467022086323,-3.36023753753593,0.34443527446321,-9.75578805850456,1.74242071863704e-22,3.45568469779389e-21,"Down in tumour"
"ENSG00000127564.16","PKMYT1","ENSG00000127564",47.3582249323585,1.6367078275081,1.66756401417385,0.170953461819851,9.75449105518032,1.764836603987e-22,3.49314109027146e-21,"Up in tumour"
"ENSG00000121691.4","CAT","ENSG00000121691",4731.23625672109,-1.51484144187998,-1.54650977473026,0.158609354018662,-9.75043233924457,1.83684317377663e-22,3.63203166219389e-21,"Down in tumour"
"ENSG00000157131.10","C8A","ENSG00000157131",4658.63075459645,-2.47358397831017,-2.55230797394379,0.261862698030571,-9.74674130045749,1.90484737681617e-22,3.75898745058051e-21,"Down in tumour"
"ENSG00000203896.9","LIME1","ENSG00000203896",530.599102271229,-1.24183613499853,-1.26318739327606,0.129607798784611,-9.74622981889609,1.91446548502061e-22,3.77420471563873e-21,"Down in tumour"
"ENSG00000130813.17","C19orf66","ENSG00000130813",1356.48159058198,-1.14924390237909,-1.16749130483361,0.119798302452213,-9.74547452622981,1.92875628075371e-22,3.79859433482171e-21,"Down in tumour"
"ENSG00000256124.5","LINC01152","ENSG00000256124",21.3999888912015,-2.68576541777425,-2.77578314405566,0.28515161768575,-9.73441135134886,2.15059200535426e-22,4.22724151204186e-21,"Down in tumour"
"ENSG00000196787.3","HIST1H2AG","ENSG00000196787",173.283437244576,1.88681678796268,1.93125148986271,0.198394356287594,9.73440739948848,2.15067559370795e-22,4.22724151204186e-21,"Up in tumour"
"ENSG00000115361.7","ACADL","ENSG00000115361",270.920672623613,-2.32630737848729,-2.40296151123644,0.247009974227019,-9.72819627529678,2.28610567262064e-22,4.4889771406925e-21,"Down in tumour"
"ENSG00000175899.14","A2M","ENSG00000175899",47383.8189842173,-1.78243339213695,-1.82643521959937,0.18781249828412,-9.72477996025784,2.36415984913439e-22,4.63764280415431e-21,"Down in tumour"
"ENSG00000225603.3","RP11-325P15.1","ENSG00000225603",28.718475737681,-2.10636292851066,-2.16121363254944,0.222445252601347,-9.71571030298696,2.58440755455044e-22,5.05966159517476e-21,"Down in tumour"
"ENSG00000166148.3","AVPR1A","ENSG00000166148",610.737760183271,-2.66681717606835,-2.80504928927721,0.288817185095801,-9.71219662135679,2.67508849272752e-22,5.232018432466e-21,"Down in tumour"
"ENSG00000188848.15","BEND4","ENSG00000188848",17.7038306258442,-2.45908337818945,-2.54093069521019,0.261647314387465,-9.71128139097738,2.69922117960747e-22,5.2740063976279e-21,"Down in tumour"
"ENSG00000180385.8","EMC3-AS1","ENSG00000180385",43.3802861251362,1.28859963946179,1.31002439435988,0.134932366551074,9.70874837405307,2.76714061132213e-22,5.40138206310641e-21,"Up in tumour"
"ENSG00000198948.11","MFAP3L","ENSG00000198948",493.269262030756,-1.7446200568502,-1.78532099647312,0.184079457742418,-9.69864328355046,3.05534213580022e-22,5.95220343443836e-21,"Down in tumour"
"ENSG00000269386.5","RAB11B-AS1","ENSG00000269386",119.302955397558,-1.28729071151834,-1.31373162069407,0.135461443591793,-9.69819592837753,3.06876564533994e-22,5.9724757540033e-21,"Down in tumour"
"ENSG00000140465.13","CYP1A1","ENSG00000140465",666.912893531758,-2.90197760506978,-3.06084618719795,0.315893562346539,-9.68948580167699,3.34206986781064e-22,6.49161814461e-21,"Down in tumour"
"ENSG00000228262.8","LINC01320","ENSG00000228262",66.6762308486981,-2.92607568236438,-3.07194031081313,0.317061210166841,-9.68879261262089,3.36482795939647e-22,6.52941566669945e-21,"Down in tumour"
"ENSG00000254453.1","NAV2-AS2","ENSG00000254453",48.2408052257866,-1.84697535961302,-1.89206926040912,0.195343830404968,-9.6858408913487,3.46346530549652e-22,6.70111131883604e-21,"Down in tumour"
"ENSG00000116171.17","SCP2","ENSG00000116171",5375.81198670959,-1.44762839053639,-1.47733276971455,0.152576787762586,-9.68255257813739,3.57672281018619e-22,6.90673898361124e-21,"Down in tumour"
"ENSG00000166415.14","WDR72","ENSG00000166415",902.373102703414,-2.21502551612349,-2.27852189603816,0.235439241720457,-9.67774904212231,3.74878608446778e-22,7.22489999706629e-21,"Down in tumour"
"ENSG00000140968.10","IRF8","ENSG00000140968",426.764657750738,-1.43548459875069,-1.46455758512564,0.151379739992766,-9.67472652017785,3.86122596884457e-22,7.43436241258177e-21,"Down in tumour"
"ENSG00000207008.1","SNORA54","ENSG00000207008",2032.39312955704,-1.6513211177689,-1.69074081518554,0.174850314835924,-9.66964695929827,4.05775434794274e-22,7.80516344109141e-21,"Down in tumour"
"ENSG00000104974.11","LILRA1","ENSG00000104974",28.9104057136769,-1.56181019637883,-1.59585853697768,0.165138513888013,-9.6637574082803,4.29804001880026e-22,8.25131969855611e-21,"Down in tumour"
"ENSG00000220517.2","ASS1P1","ENSG00000220517",42.6706495824203,-1.74634814901995,-1.78843783734105,0.185099225262149,-9.662049286312,4.37032640938184e-22,8.38196420745104e-21,"Down in tumour"
"ENSG00000137077.7","CCL21","ENSG00000137077",292.200579881857,-2.79471050769821,-2.92431147249407,0.302704963064972,-9.66059969048609,4.43261499047349e-22,8.49319927458294e-21,"Down in tumour"
"ENSG00000148600.14","CDHR1","ENSG00000148600",22.2198489471833,-2.08874975847188,-2.14591160120693,0.222156807943893,-9.6594456009149,4.48283325731574e-22,8.58111399052712e-21,"Down in tumour"
"ENSG00000127884.4","ECHS1","ENSG00000127884",3002.83841957565,-1.33038265808828,-1.35634258715866,0.140444154629954,-9.65752252724498,4.56776623787644e-22,8.73524610109066e-21,"Down in tumour"
"ENSG00000072682.18","P4HA2","ENSG00000072682",241.278400018696,1.26895758059396,1.29062875356787,0.133687364768156,9.65408178855278,4.72371924387645e-22,9.02476592606627e-21,"Up in tumour"
"ENSG00000271590.1","RP11-181E10.3","ENSG00000271590",16.939773681941,1.45433914591559,1.46645462247903,0.151938268410875,9.65164759225375,4.83722138770949e-22,9.23270230732245e-21,"Up in tumour"
"ENSG00000270550.1","IGHV3-30","ENSG00000270550",1822.7637825407,-3.0410382923763,-3.1887537510015,0.330699078596179,-9.64246336741484,5.29029374811859e-22,1.00683446304338e-20,"Down in tumour"
"ENSG00000160957.12","RECQL4","ENSG00000160957",175.27393996166,1.52230078177882,1.55354201487974,0.161129650175777,9.6415651196721,5.33679852717857e-22,1.01436342002118e-20,"Up in tumour"
"ENSG00000197903.7","HIST1H2BK","ENSG00000197903",273.959716075896,1.03232545616445,1.04695790853522,0.108588677808228,9.64150157886804,5.34010348942592e-22,1.01436342002118e-20,"Up in tumour"
"ENSG00000206432.4","TMEM200C","ENSG00000206432",29.3325710060871,-1.97215967344053,-2.02636826360976,0.210199986411063,-9.64019217226324,5.40866265365665e-22,1.02541819831251e-20,"Down in tumour"
"ENSG00000169894.17","MUC3A","ENSG00000169894",1706.44612505738,-2.69526319589787,-2.81482398513421,0.292163205125103,-9.63442328040217,5.72123563999676e-22,1.08364035428187e-20,"Down in tumour"
"ENSG00000156110.13","ADK","ENSG00000156110",498.856253701559,-1.00786048559894,-1.02213753523524,0.106112173190332,-9.63261334212656,5.82293778966139e-22,1.10079663486884e-20,"Down in tumour"
"ENSG00000116128.10","BCL9","ENSG00000116128",285.026542375267,1.05272178807053,1.06796926089489,0.110936738193146,9.62683127599721,6.15997511392571e-22,1.16340064341538e-20,"Up in tumour"
"ENSG00000280670.2","CCDC163","ENSG00000280670",13.3322462172336,1.23610897585561,1.24506407239104,0.129335361818305,9.62663307920493,6.17186394973117e-22,1.16446016950577e-20,"Up in tumour"
"ENSG00000141504.11","SAT2","ENSG00000141504",1193.59235450828,-1.15808560285219,-1.1778012408089,0.122349362259254,-9.62654172494326,6.17735147769947e-22,1.16446016950577e-20,"Down in tumour"
"ENSG00000229867.1","STEAP3-AS1","ENSG00000229867",89.516873982418,-1.58285531261581,-1.6212311922456,0.168446488366547,-9.62460665085356,6.29472969932337e-22,1.18545751606763e-20,"Down in tumour"
"ENSG00000055955.15","ITIH4","ENSG00000055955",38316.5386669647,-2.17899104601007,-2.24523787558392,0.233347866239362,-9.62184875211509,6.46584251683972e-22,1.21652491383848e-20,"Down in tumour"
"ENSG00000120053.10","GOT1","ENSG00000120053",2568.11408528535,-1.63688844819746,-1.6757204490385,0.174178364956311,-9.62071523325423,6.53749865608353e-22,1.22825931051212e-20,"Down in tumour"
"ENSG00000107902.13","LHPP","ENSG00000107902",271.143630904496,-1.03686959801731,-1.05210355886899,0.109401224701089,-9.61692670025953,6.7827432126087e-22,1.2713147387042e-20,"Down in tumour"
"ENSG00000273154.3","RP4-583P15.15","ENSG00000273154",270.891442508818,-1.4767026170885,-1.50657399908493,0.156682037724004,-9.6154863759097,6.87834990670263e-22,1.28801494515956e-20,"Down in tumour"
"ENSG00000182836.9","PLCXD3","ENSG00000182836",112.874593427357,-2.62190346320852,-2.74226416610047,0.285328313596215,-9.61090798013552,7.19120158601931e-22,1.34405526904703e-20,"Down in tumour"
"ENSG00000198106.8","RP11-231C14.7","ENSG00000198106",277.261271603911,-1.66789109011199,-1.7064913315746,0.177642757112886,-9.60630964813381,7.5195821230801e-22,1.40278123432728e-20,"Down in tumour"
"ENSG00000185187.12","SIGIRR","ENSG00000185187",360.889252327591,-1.26252045966227,-1.28544660497852,0.133840869442802,-9.60429060517924,7.66841507473891e-22,1.42785455855416e-20,"Down in tumour"
"ENSG00000184270.4","HIST2H2AB","ENSG00000184270",49.2127809015396,1.36258827500612,1.38652844117724,0.14437004526513,9.60398979324924,7.69083738657771e-22,1.43068368789974e-20,"Up in tumour"
"ENSG00000213719.8","CLIC1","ENSG00000213719",872.283712911088,1.10120219932721,1.11804382578264,0.116439050201248,9.60196621193888,7.8433689983776e-22,1.45768828718204e-20,"Up in tumour"
"ENSG00000266378.1","RP11-214O1.3","ENSG00000266378",57.5783663585324,-1.64781774129463,-1.68632106234619,0.175659756225091,-9.59992828514083,8.00000669164804e-22,1.48540461958527e-20,"Down in tumour"
"ENSG00000164266.10","SPINK1","ENSG00000164266",567.897392824801,3.60410733696368,3.81861060531373,0.397792014006388,9.59951550272302,8.03210863156083e-22,1.48996744277867e-20,"Up in tumour"
"ENSG00000225032.5","RP11-228B15.4","ENSG00000225032",168.560228812748,-1.26253325235759,-1.28481109772762,0.133854688539548,-9.59855132267563,8.10758999348746e-22,1.50256113053462e-20,"Down in tumour"
"ENSG00000248144.5","ADH1C","ENSG00000248144",5808.49324652393,-2.65175863892894,-2.75430372383844,0.287113733882546,-9.59307549169761,8.54977176719127e-22,1.58302743300296e-20,"Down in tumour"
"ENSG00000184012.11","TMPRSS2","ENSG00000184012",647.050552944414,-1.76262320980767,-1.80615524508523,0.188325041287876,-9.59062710266086,8.75512427285345e-22,1.61953434329522e-20,"Down in tumour"
"ENSG00000275379.1","HIST1H3I","ENSG00000275379",38.5764205770584,1.78900274130698,1.81607489179347,0.189405728940769,9.58827856976488,8.95668477223137e-22,1.65527228475047e-20,"Up in tumour"
"ENSG00000073111.13","MCM2","ENSG00000073111",251.87887472688,1.5963290119823,1.63204922046969,0.170309534703799,9.58284116804227,9.4411351324307e-22,1.74317525817351e-20,"Up in tumour"
"ENSG00000230338.1","MTND4P19","ENSG00000230338",62.6520378419803,-2.29930110554432,-2.37316166994747,0.247897885706721,-9.57314203459997,1.03705092068909e-21,1.90765324100364e-20,"Down in tumour"
"ENSG00000283597.2","FAM169B","ENSG00000283597",22.2581064273997,-3.583173790106,-3.71143379191783,0.387755295665947,-9.57158763117252,1.05276429633202e-21,1.93475986233051e-20,"Down in tumour"
"ENSG00000272505.1","RP11-981G7.6","ENSG00000272505",90.6134729915545,-1.43086864681281,-1.45987732743631,0.152562595020147,-9.56903838220323,1.07904601003982e-21,1.98122056370299e-20,"Down in tumour"
"ENSG00000104341.16","LAPTM4B","ENSG00000104341",380.348845711434,1.69368424889124,1.73057392292193,0.180857721802399,9.56870354041461,1.08254597569182e-21,1.98580467996926e-20,"Up in tumour"
"ENSG00000097046.12","CDC7","ENSG00000097046",69.6192329878177,1.31787616403112,1.34170624267803,0.140259322147988,9.56589709782281,1.11232562681739e-21,2.03854269737005e-20,"Up in tumour"
"ENSG00000180739.13","S1PR5","ENSG00000180739",13.6939161367588,-1.41112513008012,-1.44021384334231,0.150580094480029,-9.56443710780986,1.12813688738259e-21,2.06560716114373e-20,"Down in tumour"
"ENSG00000228751.1","AC004022.8","ENSG00000228751",87.9706951223535,-1.69570118928423,-1.73549915181331,0.181455767329066,-9.564309679207,1.12952740686752e-21,2.06624177117641e-20,"Down in tumour"
"ENSG00000163016.9","ALMS1P1","ENSG00000163016",43.1713877231938,-1.6711802113994,-1.71121010627946,0.178922869939578,-9.56395404822947,1.13341708051155e-21,2.07144268463204e-20,"Down in tumour"
"ENSG00000254959.6","INMT-MINDY4","ENSG00000254959",34.5679471141498,-2.52952304441975,-2.61599245861496,0.273566429957261,-9.5625492463518,1.14891193939563e-21,2.09782417125994e-20,"Down in tumour"
"ENSG00000099889.13","ARVCF","ENSG00000099889",354.134456748736,-1.06600033663416,-1.08282064080345,0.113274050949247,-9.55930004912257,1.18555790232254e-21,2.16274171066083e-20,"Down in tumour"
"ENSG00000251165.5","F11-AS1","ENSG00000251165",103.602383688061,-2.04422808056426,-2.10734204084546,0.22046850869969,-9.55847188006324,1.19508185322342e-21,2.17810820633989e-20,"Down in tumour"
"ENSG00000283849.1","RP11-331G2.7","ENSG00000283849",27.9244181844571,-1.94645022044932,-2.00074284221827,0.209329693166582,-9.55785494142057,1.20222581458727e-21,2.18911274591773e-20,"Down in tumour"
"ENSG00000131401.11","NAPSB","ENSG00000131401",106.05926279571,-1.75657373194871,-1.80132919196237,0.18847096098255,-9.55759541189556,1.20524369812749e-21,2.19259085634535e-20,"Down in tumour"
"ENSG00000131620.17","ANO1","ENSG00000131620",1259.41564573307,-1.82347571518406,-1.87228346969338,0.195932824570009,-9.5557417385385,1.22701778687633e-21,2.22873725847257e-20,"Down in tumour"
"ENSG00000164104.11","HMGB2","ENSG00000164104",327.146454793418,1.10781056936809,1.12473958000483,0.117703372400655,9.55571244106998,1.22736503396913e-21,2.22873725847257e-20,"Up in tumour"
"ENSG00000160870.12","CYP3A7","ENSG00000160870",2893.04535746382,-2.82649387296453,-2.98432465155983,0.312399149729302,-9.55292181219374,1.26089045514181e-21,2.28542168302398e-20,"Down in tumour"
"ENSG00000260314.2","MRC1","ENSG00000260314",878.716590701487,-1.47502047395171,-1.50717492237041,0.157803439583956,-9.55096369473339,1.28495376736856e-21,2.32477969995666e-20,"Down in tumour"
"ENSG00000240291.1","RP11-499P20.2","ENSG00000240291",225.643181264365,-1.42266215423939,-1.44496087923019,0.151289312629885,-9.55097788543164,1.28477775385366e-21,2.32477969995666e-20,"Down in tumour"
"ENSG00000282301.1","CYP3A7-CYP3A51P","ENSG00000282301",220.992195992454,-3.52524502650441,-3.73914459010827,0.391592955732449,-9.54854916405339,1.31525227665924e-21,2.37525440802156e-20,"Down in tumour"
"ENSG00000173175.14","ADCY5","ENSG00000173175",201.498068039256,-1.58227419321748,-1.61962569592261,0.169715177873271,-9.54319888308402,1.38493111988818e-21,2.49653384844688e-20,"Down in tumour"
"ENSG00000162407.8","PLPP3","ENSG00000162407",1744.74113788378,-1.06372048513321,-1.0806091572213,0.113275383588995,-9.53966451477352,1.43295112124638e-21,2.57840014025723e-20,"Down in tumour"
"ENSG00000142627.12","EPHA2","ENSG00000142627",702.97494505933,-1.53974014056393,-1.57432116999218,0.16511447820773,-9.53472516208745,1.50283106215604e-21,2.69923187053127e-20,"Down in tumour"
"ENSG00000112183.14","RBM24","ENSG00000112183",44.0718670923015,2.22603166166962,2.28093895268466,0.239264722368983,9.53311850615029,1.52628005302685e-21,2.73886319941617e-20,"Up in tumour"
"ENSG00000180089.5","TMEM86B","ENSG00000180089",174.18052716129,-1.12666380628881,-1.14526293692628,0.120179105688201,-9.52963437669116,1.57838140128858e-21,2.82723104757509e-20,"Down in tumour"
"ENSG00000103067.13","ESRP2","ENSG00000103067",1084.97738639868,-1.53396947043311,-1.56747018073619,0.164518379498047,-9.52762959080081,1.60915429302687e-21,2.87974601463661e-20,"Down in tumour"
"ENSG00000111181.12","SLC6A12","ENSG00000111181",923.084283168781,-1.83152164632541,-1.88040688488878,0.197376946030643,-9.52698338232898,1.619199339274e-21,2.8951050155601e-20,"Down in tumour"
"ENSG00000128266.8","GNAZ","ENSG00000128266",78.6469103384176,2.11122399375468,2.16239683132165,0.227081401428176,9.52256247196713,1.68960436480838e-21,3.01826165998667e-20,"Up in tumour"
"ENSG00000173166.17","RAPH1","ENSG00000173166",4067.81733048618,-1.1763502331969,-1.19663297450466,0.125687334371202,-9.52071249256151,1.71995728472857e-21,3.06971276254577e-20,"Down in tumour"
"ENSG00000006634.7","DBF4","ENSG00000006634",111.45982030164,1.08151300678686,1.09719056362024,0.115303197411625,9.51569937564993,1.80494656854207e-21,3.21559922872666e-20,"Up in tumour"
"ENSG00000121410.11","A1BG","ENSG00000121410",10517.6940407574,-2.45191779972241,-2.54405320659796,0.267409438091899,-9.51370013246751,1.83998773327771e-21,3.27213631669053e-20,"Down in tumour"
"ENSG00000170959.14","DCDC1","ENSG00000170959",175.471753568128,-2.59263096304301,-2.69651526821888,0.283567953348812,-9.50923839021383,1.9206350379929e-21,3.41248916579833e-20,"Down in tumour"
"ENSG00000114790.12","ARHGEF26","ENSG00000114790",1444.82355962287,-1.55781941592099,-1.59287166859767,0.167550979399568,-9.50678816862695,1.96640088742188e-21,3.49067020311582e-20,"Down in tumour"
"ENSG00000113810.15","SMC4","ENSG00000113810",833.774899164145,1.06153825701067,1.07731586696521,0.113322293542182,9.50665428037955,1.96893253838672e-21,3.49203241328749e-20,"Up in tumour"
"ENSG00000116717.11","GADD45A","ENSG00000116717",738.218425937932,-1.25291570728633,-1.2783300893652,0.134468978343909,-9.5065055532424,1.97174855370788e-21,3.49389607193733e-20,"Down in tumour"
"ENSG00000119711.12","ALDH6A1","ENSG00000119711",4693.63976580935,-1.68051520877571,-1.72257912362717,0.1812641289067,-9.50314402533452,2.0364695801254e-21,3.60213068806274e-20,"Down in tumour"
"ENSG00000147041.11","SYTL5","ENSG00000147041",85.3570127684192,-2.0194923606262,-2.07913335970341,0.218823601880498,-9.50141274449383,2.07061816015141e-21,3.65430536464639e-20,"Down in tumour"
"ENSG00000163879.10","DNALI1","ENSG00000163879",187.95371700959,-1.34515618044527,-1.37146936756275,0.144370441952099,-9.4996548394428,2.10587144511192e-21,3.71162186225291e-20,"Down in tumour"
"ENSG00000114115.9","RBP1","ENSG00000114115",266.135823436046,-1.59097199652865,-1.62978988178455,0.171579964295746,-9.49871908689373,2.12487865105073e-21,3.73950987817693e-20,"Down in tumour"
"ENSG00000182871.14","COL18A1","ENSG00000182871",20980.8680513797,-1.27907600270704,-1.30342270277296,0.137221312407013,-9.49868996229146,2.12547295152278e-21,3.73950987817693e-20,"Down in tumour"
"ENSG00000273036.2","FAM95C","ENSG00000273036",33.1946976577139,-3.04019663715399,-3.19165381537813,0.336072536109686,-9.49691948150279,2.16191091287959e-21,3.79686803004665e-20,"Down in tumour"
"ENSG00000171408.13","PDE7B","ENSG00000171408",201.756292884146,-1.5237186215428,-1.55689303569142,0.163935878110484,-9.49696340810863,2.16099943493559e-21,3.79686803004665e-20,"Down in tumour"
"ENSG00000198515.13","CNGA1","ENSG00000198515",120.860834062254,-1.91069010100193,-1.96610194744633,0.207122105315941,-9.49247761095932,2.25607079654308e-21,3.9552178278102e-20,"Down in tumour"
"ENSG00000165995.18","CACNB2","ENSG00000165995",331.451954548197,-1.28119077487315,-1.30540484001067,0.137570374765303,-9.48899675702496,2.33268420204294e-21,4.08591313372e-20,"Down in tumour"
"ENSG00000025039.14","RRAGD","ENSG00000025039",296.267757716968,1.45251244550488,1.47979318622782,0.156018133940777,9.48475121994175,2.42961930738114e-21,4.24443556495983e-20,"Up in tumour"
"ENSG00000136872.17","ALDOB","ENSG00000136872",40489.9339924836,-2.7367814805043,-2.85666069921916,0.301194218005988,-9.48444733810383,2.4367084744681e-21,4.25306621121226e-20,"Down in tumour"
"ENSG00000157765.11","SLC34A2","ENSG00000157765",60.6343202341481,-3.73379771420976,-3.8727860878066,0.408371680815416,-9.48348347778088,2.45932973568076e-21,4.28876770557967e-20,"Down in tumour"
"ENSG00000091536.16","MYO15A","ENSG00000091536",71.0540869935764,-1.82827296142348,-1.87537496427704,0.197826668268219,-9.479889545197,2.54552376626314e-21,4.43517182268013e-20,"Down in tumour"
"ENSG00000149124.10","GLYAT","ENSG00000149124",1191.13921532634,-3.21748112078516,-3.43050188848836,0.361881203686103,-9.47963545369432,2.55172957959112e-21,4.44207419251074e-20,"Down in tumour"
"ENSG00000163534.14","FCRL1","ENSG00000163534",48.6941775106675,-2.65197272114003,-2.7667231023704,0.291961888282721,-9.47631596248359,2.63419146114539e-21,4.57757257159356e-20,"Down in tumour"
"ENSG00000175445.14","LPL","ENSG00000175445",66.9620240240358,2.29792896995648,2.34782875515454,0.247777011602433,9.47557136140503,2.65304756814653e-21,4.60629565932669e-20,"Up in tumour"
"ENSG00000196866.2","HIST1H2AD","ENSG00000196866",43.0114496244129,2.14961292274394,2.21026232010712,0.233428729426521,9.46868162088366,2.8339783184988e-21,4.91612032060006e-20,"Up in tumour"
"ENSG00000149476.15","TKFC","ENSG00000149476",1652.93882315664,-1.53800945123136,-1.57354114715425,0.166187097993634,-9.46849163473886,2.83913671222574e-21,4.9207559496571e-20,"Down in tumour"
"ENSG00000134339.8","SAA2","ENSG00000134339",1988.57742154299,-2.86128479110647,-3.0155164278383,0.318488569910907,-9.46820926315143,2.84682066726139e-21,4.92975690875806e-20,"Down in tumour"
"ENSG00000136573.12","BLK","ENSG00000136573",56.5038049900758,-2.32303586155067,-2.4005579584624,0.253616558284906,-9.46530453175571,2.92706888883761e-21,5.06428973048626e-20,"Down in tumour"
"ENSG00000244734.3","HBB","ENSG00000244734",402.23312201493,-1.91090250018456,-1.96251485843651,0.207359179891975,-9.46432590762994,2.95460581618442e-21,5.10746837726971e-20,"Down in tumour"
"ENSG00000257017.8","HP","ENSG00000257017",114317.981667421,-2.6450713537232,-2.74884461522534,0.290458925226915,-9.46379806741303,2.96956462457054e-21,5.12884752304753e-20,"Down in tumour"
"ENSG00000263917.1","RP11-53I6.2","ENSG00000263917",24.4525212065292,-1.56485655830992,-1.59069587000803,0.168126179423804,-9.46132170171005,3.04075021968134e-21,5.2472161375896e-20,"Down in tumour"
"ENSG00000031691.6","CENPQ","ENSG00000031691",35.669305711387,1.21951430176432,1.24010699245126,0.131078499413875,9.46079637771618,3.05606682363925e-21,5.26905319166303e-20,"Up in tumour"
"ENSG00000086205.16","FOLH1","ENSG00000086205",246.38585889709,-1.57401050152808,-1.61104316307224,0.17030511818266,-9.45974601505706,3.08692092256783e-21,5.31761756487251e-20,"Down in tumour"
"ENSG00000151726.13","ACSL1","ENSG00000151726",11206.781986174,-1.64157754053491,-1.68127709001137,0.177758970039238,-9.45818424600601,3.13336797967815e-21,5.38824955879841e-20,"Down in tumour"
"ENSG00000172824.14","CES4A","ENSG00000172824",294.016686243298,-1.95820012749195,-2.02077653769616,0.213880971914225,-9.44813612735298,3.44917582974148e-21,5.92103531639837e-20,"Down in tumour"
"ENSG00000284196.1","RP11-470M1.2","ENSG00000284196",99.9643608984674,-1.81682751446016,-1.86677905285274,0.197654574911719,-9.44465390536252,3.56580756049058e-21,6.11594705760745e-20,"Down in tumour"
"ENSG00000115602.16","IL1RL1","ENSG00000115602",48.8411500385407,-2.26639954396771,-2.34461317316154,0.248254592856365,-9.44438991514683,3.57480693936872e-21,6.12607391782902e-20,"Down in tumour"
"ENSG00000119888.10","EPCAM","ENSG00000119888",96.7693686329155,-2.94125425702783,-3.05651891957608,0.323705211611128,-9.44229135009394,3.64715035426992e-21,6.24464074066302e-20,"Down in tumour"
"ENSG00000100479.12","POLE2","ENSG00000100479",30.8146130507835,1.3663238096867,1.39129307174481,0.147358069210877,9.44158049298137,3.67198244125128e-21,6.27629952156188e-20,"Up in tumour"
"ENSG00000106617.13","PRKAG2","ENSG00000106617",850.748140680251,-1.33512221236742,-1.36144807985674,0.144233931099615,-9.43916642552337,3.75756697098775e-21,6.41704254156691e-20,"Down in tumour"
"ENSG00000147257.13","GPC3","ENSG00000147257",1817.78136037319,2.773942858519,2.8789589694168,0.305007018099643,9.43899254303806,3.76380715315998e-21,6.42215818814616e-20,"Up in tumour"
"ENSG00000242732.4","RGAG4","ENSG00000242732",167.682221695526,-1.42643702935385,-1.4570454632559,0.154477138338217,-9.43211066006285,4.01918510112414e-21,6.85200092218348e-20,"Down in tumour"
"ENSG00000265190.6","ANXA8","ENSG00000265190",27.3648142877613,-3.29365396430574,-3.40064662766063,0.360618956586923,-9.43002736141783,4.09982009205314e-21,6.98345430998347e-20,"Down in tumour"
"ENSG00000255353.1","RP11-382M14.1","ENSG00000255353",17.7183114639173,-1.9535456396592,-1.99571713395765,0.211673890214631,-9.42826312652001,4.16935536135246e-21,7.09579111498274e-20,"Down in tumour"
"ENSG00000203668.2","CHML","ENSG00000203668",501.690560034455,1.05564066908476,1.07053155148202,0.113634479784907,9.42083383061529,4.47519828232273e-21,7.60975941598057e-20,"Up in tumour"
"ENSG00000217165.1","ANKRD18EP","ENSG00000217165",41.1923038390303,1.04318969124371,1.05512678336125,0.112082819560724,9.41381370933132,4.78454498099451e-21,8.10791941856372e-20,"Up in tumour"
"ENSG00000215908.10","CROCCP2","ENSG00000215908",1342.52790016409,-1.06278491221582,-1.07962223550936,0.114693818875722,-9.41308124615852,4.81801528624227e-21,8.15765411125691e-20,"Down in tumour"
"ENSG00000204899.5","MZT1","ENSG00000204899",52.8223098192278,1.17562027963024,1.19471001177492,0.126944639159119,9.41126793292476,4.90187522706627e-21,8.28546681206854e-20,"Up in tumour"
"ENSG00000258311.5","RP11-644F5.10","ENSG00000258311",147.440648027724,-1.13844274383073,-1.1577050178229,0.123068220062194,-9.40701845885021,5.10409778193445e-21,8.61256670058214e-20,"Down in tumour"
"ENSG00000254990.5","RP11-108O10.2","ENSG00000254990",74.631589485107,-1.96176051990656,-2.02262206597995,0.215145988208828,-9.40116096432495,5.39643000363121e-21,9.09034374994661e-20,"Down in tumour"
"ENSG00000149131.15","SERPING1","ENSG00000149131",13068.1720954052,-1.53298546078335,-1.56857382974273,0.166848794505432,-9.40116969015117,5.39598243584421e-21,9.09034374994661e-20,"Down in tumour"
"ENSG00000186160.4","CYP4Z1","ENSG00000186160",25.1197752780575,-2.12863147486213,-2.19107168151383,0.233071671577494,-9.40084938973513,5.4124354693071e-21,9.10955231666628e-20,"Down in tumour"
"ENSG00000138646.8","HERC5","ENSG00000138646",223.525114738615,-1.28155014251859,-1.3058925407407,0.138946134806161,-9.39855248627467,5.53188427018484e-21,9.30268354798372e-20,"Down in tumour"
"ENSG00000236532.5","LINC01695","ENSG00000236532",12.7477856251372,-2.08944734139133,-2.14721901287306,0.228498005599963,-9.39710177003581,5.60866727193414e-21,9.42379892303841e-20,"Down in tumour"
"ENSG00000116774.11","OLFML3","ENSG00000116774",183.301828524231,-1.95003015414029,-2.00815689622428,0.213743152447767,-9.39518704214407,5.71162511392996e-21,9.58865105004374e-20,"Down in tumour"
"ENSG00000125637.15","PSD4","ENSG00000125637",2402.29950740574,-1.04634161179697,-1.06299385374359,0.113148623853333,-9.39466886598182,5.7398081695421e-21,9.62779856777515e-20,"Down in tumour"
"ENSG00000101353.14","MROH8","ENSG00000101353",43.3946912392468,-1.14233527751764,-1.16138671640775,0.123634715190149,-9.39369427609024,5.79318820658784e-21,9.70910873607055e-20,"Down in tumour"
"ENSG00000182004.12","SNRPE","ENSG00000182004",205.597795182562,1.01396103125274,1.02868086593414,0.109513101997596,9.39322188094641,5.81923851481925e-21,9.74451674482382e-20,"Up in tumour"
"ENSG00000166851.14","PLK1","ENSG00000166851",88.5202577267624,1.50686719312964,1.5393008576588,0.163885354594856,9.3925467682218,5.85666893271491e-21,9.79890517203942e-20,"Up in tumour"
"ENSG00000181036.13","FCRL6","ENSG00000181036",66.5267583677696,-1.79246115357525,-1.83805153466784,0.195703276556099,-9.39203250458076,5.88534104719562e-21,9.83856041783301e-20,"Down in tumour"
"ENSG00000161643.12","SIGLEC16","ENSG00000161643",31.3733909099393,-1.22022361977172,-1.24140992813155,0.132314960238802,-9.38223407157474,6.45894023455265e-21,1.07701604096462e-19,"Down in tumour"
"ENSG00000261451.1","RP11-981G7.1","ENSG00000261451",112.714000637443,-1.23343149655312,-1.25909345167119,0.134203275769316,-9.38198746978024,6.47406773263607e-21,1.07862982013523e-19,"Down in tumour"
"ENSG00000167723.14","TRPV3","ENSG00000167723",137.927571924396,-2.16592373463282,-2.23814964728434,0.238565195045607,-9.38171071792964,6.49108648212616e-21,1.08055571691104e-19,"Down in tumour"
"ENSG00000188833.9","ENTPD8","ENSG00000188833",103.648488662483,-1.62763138370659,-1.66752635056746,0.17777539266681,-9.37996156584376,6.5996781279823e-21,1.09770948896768e-19,"Down in tumour"
"ENSG00000142178.7","SIK1","ENSG00000142178",437.451464441117,-1.52556055009867,-1.5674185300866,0.167146288789813,-9.37752516933018,6.75393568290609e-21,1.12242358498539e-19,"Down in tumour"
"ENSG00000186732.13","MPPED1","ENSG00000186732",137.691229926399,-2.55892411453556,-2.66835675288669,0.284556452154356,-9.37724916333741,6.77163397498032e-21,1.12442073210391e-19,"Down in tumour"
"ENSG00000197747.8","S100A10","ENSG00000197747",383.685025344065,1.33762945180683,1.36262945581066,0.145320973754792,9.37668817241684,6.80774779012002e-21,1.12946984082016e-19,"Up in tumour"
"ENSG00000160013.8","PTGIR","ENSG00000160013",76.5049258353129,-1.90573866036479,-1.96139528756513,0.209196574260541,-9.37584802474985,6.86218885943068e-21,1.13754861050847e-19,"Down in tumour"
"ENSG00000164045.11","CDC25A","ENSG00000164045",41.1263859813912,1.83885288659379,1.88147039327553,0.20068502718365,9.37524049342139,6.90182456326416e-21,1.14316161992207e-19,"Up in tumour"
"ENSG00000173432.10","SAA1","ENSG00000173432",2816.61890890546,-2.79053213770248,-2.93973808760865,0.313679003837862,-9.37180382378468,7.13033511575147e-21,1.17903695025956e-19,"Down in tumour"
"ENSG00000280138.1","RP11-463O12.5","ENSG00000280138",1167.27326485679,-1.268940502996,-1.29311265566562,0.138024380062573,-9.36872641687934,7.34129815907086e-21,1.21290746629791e-19,"Down in tumour"
"ENSG00000104147.8","OIP5","ENSG00000104147",17.6932631704114,1.86633435529455,1.88715550911368,0.201466414570188,9.36709730572102,7.45546414862277e-21,1.23074230103161e-19,"Up in tumour"
"ENSG00000186715.10","MST1L","ENSG00000186715",906.729427503538,-1.69563842201465,-1.7396552919464,0.185740317155642,-9.36606181461748,7.52894089328677e-21,1.24183605917354e-19,"Down in tumour"
"ENSG00000109819.8","PPARGC1A","ENSG00000109819",3891.51661644658,-2.19472978974979,-2.27197333226154,0.242621078404768,-9.36428667780948,7.65657149255759e-21,1.26078635234769e-19,"Down in tumour"
"ENSG00000261208.1","RP11-452D12.1","ENSG00000261208",19.678911403379,-2.07279855364077,-2.12928254590533,0.227387354525626,-9.36412031507833,7.66864190724826e-21,1.26172426658491e-19,"Down in tumour"
"ENSG00000138696.10","BMPR1B","ENSG00000138696",18.5575171822049,-2.54940804268375,-2.63366800843664,0.281326910385734,-9.361592905654,7.85434916453054e-21,1.29120542370061e-19,"Down in tumour"
"ENSG00000134291.11","TMEM106C","ENSG00000134291",259.739425538602,1.26070128608191,1.2838281523249,0.137164363337176,9.35977918090141,7.99035101308363e-21,1.31247317512004e-19,"Up in tumour"
"ENSG00000157423.17","HYDIN","ENSG00000157423",304.139378526403,-2.48299376922788,-2.59367028228332,0.277111297917265,-9.35966992965296,7.99861716215637e-21,1.31274153806435e-19,"Down in tumour"
"ENSG00000249138.1","SLED1","ENSG00000249138",124.927634320248,-1.59349924033585,-1.63469302285025,0.174749293547937,-9.35450432823539,8.39926130078956e-21,1.37621340170967e-19,"Down in tumour"
"ENSG00000110723.11","EXPH5","ENSG00000110723",651.559793929657,-2.06578777191017,-2.14265582451659,0.229073922019446,-9.35355629146954,8.47491719305579e-21,1.38746100911624e-19,"Down in tumour"
"ENSG00000106688.11","SLC1A1","ENSG00000106688",630.373472704965,-1.81811701828003,-1.86978996484838,0.199983950162898,-9.34970013006212,8.78965700472492e-21,1.43779901731008e-19,"Down in tumour"
"ENSG00000135454.13","B4GALNT1","ENSG00000135454",45.5751139317999,1.84733702399171,1.8762927995829,0.200797453620127,9.34420614283542,9.25813634898478e-21,1.51193310854336e-19,"Up in tumour"
"ENSG00000198300.12","PEG3","ENSG00000198300",359.917055535861,-2.15920526872553,-2.24281951701404,0.240046550813819,-9.34326908431012,9.34046942509663e-21,1.52412128055184e-19,"Down in tumour"
"ENSG00000213512.1","GBP7","ENSG00000213512",618.457283754905,-2.4100521453434,-2.5154312041773,0.269464896797498,-9.33491239145569,1.01074805567979e-20,1.64250708260017e-19,"Down in tumour"
"ENSG00000214313.8","AZGP1P1","ENSG00000214313",347.894884870446,-2.2972152965689,-2.37685289597485,0.254653443935963,-9.33367662042125,1.02260702066662e-20,1.66041515669028e-19,"Down in tumour"
"ENSG00000196083.9","IL1RAP","ENSG00000196083",1141.74602971522,-1.36963509202962,-1.398454041839,0.149940822092491,-9.3267065120956,1.09211754210712e-20,1.77182643532182e-19,"Down in tumour"
"ENSG00000243069.7","ARHGEF26-AS1","ENSG00000243069",17.8595320090326,-1.64771932983496,-1.68474731580176,0.180661489518944,-9.32543687250567,1.10527307930455e-20,1.79170106950654e-19,"Down in tumour"
"ENSG00000250644.3","RP11-295K3.1","ENSG00000250644",564.491883606415,-1.56918062498595,-1.60863371925463,0.172589906663626,-9.32055501014799,1.15733302941811e-20,1.87455750010414e-19,"Down in tumour"
"ENSG00000110169.10","HPX","ENSG00000110169",20386.3115996932,-2.47745167741653,-2.56964153504429,0.275764407201201,-9.31824944750555,1.18275529311701e-20,1.91260420887786e-19,"Down in tumour"
"ENSG00000068831.18","RASGRP2","ENSG00000068831",221.756732236888,-1.60147335485462,-1.64200730381032,0.176230441403305,-9.31738745437613,1.19240121133277e-20,1.92662834089058e-19,"Down in tumour"
"ENSG00000188001.9","TPRG1","ENSG00000188001",503.326666615092,-1.73359223086497,-1.78323465085618,0.191413568958612,-9.3161350083899,1.20655517386027e-20,1.94790754944669e-19,"Down in tumour"
"ENSG00000132837.14","DMGDH","ENSG00000132837",1742.0686578571,-2.12751077897392,-2.19868273518505,0.236019643992784,-9.31567685633946,1.21177417183741e-20,1.95473889023455e-19,"Down in tumour"
"ENSG00000166819.11","PLIN1","ENSG00000166819",260.330315362738,-2.08698991943006,-2.15539125777266,0.231436934681746,-9.31308246342179,1.24175184510197e-20,2.00146533144163e-19,"Down in tumour"
"ENSG00000156222.11","SLC28A1","ENSG00000156222",522.367562289141,-2.46944942912705,-2.57395864069878,0.276398051844013,-9.31250645048473,1.24850639431451e-20,2.0107149766206e-19,"Down in tumour"
"ENSG00000115604.10","IL18R1","ENSG00000115604",130.413680248684,-1.41201102250836,-1.44349965188634,0.155094360602236,-9.30723493930527,1.31203438448629e-20,2.11130866440139e-19,"Down in tumour"
"ENSG00000089847.12","ANKRD24","ENSG00000089847",223.406863107348,-1.56588013986897,-1.60463882212742,0.172446583814845,-9.30513546067291,1.33821642723905e-20,2.15169112464197e-19,"Down in tumour"
"ENSG00000240303.7","ACAD11","ENSG00000240303",1826.2744756671,-1.06469696984023,-1.08229003284332,0.116402059655389,-9.29785981491622,1.43301008824465e-20,2.30223771725863e-19,"Down in tumour"
"ENSG00000136040.8","PLXNC1","ENSG00000136040",593.942410748132,1.31336438265369,1.3378357438535,0.143939018693143,9.29446202982371,1.4795249293508e-20,2.36927483225246e-19,"Up in tumour"
"ENSG00000159335.15","PTMS","ENSG00000159335",1869.24549377363,-1.14542406459663,-1.16580407241279,0.125429336310003,-9.29450881834745,1.47887437892116e-20,2.36927483225246e-19,"Down in tumour"
"ENSG00000186301.8","MST1P2","ENSG00000186301",1713.59618267801,-1.89861577017389,-1.95460514505299,0.210370964557515,-9.29123060857859,1.52514616685876e-20,2.44035716092444e-19,"Down in tumour"
"ENSG00000181544.13","FANCB","ENSG00000181544",25.9507195199839,1.57483934353235,1.60956593220343,0.173239803417331,9.29097066870958,1.52887587603214e-20,2.44434896722974e-19,"Up in tumour"
"ENSG00000108823.15","SGCA","ENSG00000108823",22.9662171654412,-2.22135885823702,-2.2946914322915,0.247108801496252,-9.28615823636012,1.59957835564169e-20,2.55532319557837e-19,"Down in tumour"
"ENSG00000277075.2","HIST1H2AE","ENSG00000277075",102.768823013606,1.43353069754474,1.46340478202699,0.157664493491385,9.28176502915005,1.66693939155635e-20,2.65864072337429e-19,"Up in tumour"
"ENSG00000100197.20","CYP2D6","ENSG00000100197",4525.59015099145,-2.01288802191334,-2.07911354322894,0.224171537256102,-9.27465443953165,1.78195720080323e-20,2.83751237936431e-19,"Down in tumour"
"ENSG00000146733.13","PSPH","ENSG00000146733",144.8013211993,1.12806776155847,1.14466299344937,0.123581225680747,9.26243437985014,1.99823416740585e-20,3.17934476490867e-19,"Up in tumour"
"ENSG00000272462.2","U91328.19","ENSG00000272462",74.4896395016956,1.05430938419949,1.07054921567656,0.115629745613009,9.25842403268347,2.0747173264673e-20,3.2983839391781e-19,"Up in tumour"
"ENSG00000269113.3","TRABD2B","ENSG00000269113",166.398867656636,-1.54921706292712,-1.58747159431279,0.171565577463576,-9.25285606694509,2.18572654834101e-20,3.47207749368488e-19,"Down in tumour"
"ENSG00000170537.12","TMC7","ENSG00000170537",38.1192352570669,1.41653753955456,1.44510850340135,0.156234191823669,9.24963022839678,2.25270629095956e-20,3.57560670545009e-19,"Up in tumour"
"ENSG00000280234.1","RP11-145P16.2","ENSG00000280234",38.7592582290331,-2.27699276772332,-2.35928355009539,0.255117320316341,-9.24783761122108,2.29080037243388e-20,3.63315799451793e-19,"Down in tumour"
"ENSG00000223117.1","RN7SKP296","ENSG00000223117",23.6612643003849,-1.44523458550656,-1.47555436002967,0.159560553881013,-9.24761367480599,2.29560367046112e-20,3.63786096472673e-19,"Down in tumour"
"ENSG00000160963.13","COL26A1","ENSG00000160963",96.8508359125919,-2.19989936655497,-2.27970591349009,0.246594920415213,-9.24473995511162,2.35813414214214e-20,3.73097914271937e-19,"Down in tumour"
"ENSG00000153044.9","CENPH","ENSG00000153044",27.9559362125357,1.3355726950839,1.36081180404143,0.147251665909868,9.24140175686958,2.43288805072109e-20,3.84617836964237e-19,"Up in tumour"
"ENSG00000084734.8","GCKR","ENSG00000084734",1646.07431356297,-1.95051588832288,-2.00864443597154,0.217356796386461,-9.24123132731569,2.43676679573958e-20,3.84923584900826e-19,"Down in tumour"
"ENSG00000196689.11","TRPV1","ENSG00000196689",688.568554357399,-1.21691953685317,-1.23991419420427,0.134240093537063,-9.23654149467599,2.54593323176727e-20,4.01847340162436e-19,"Down in tumour"
"ENSG00000182326.14","C1S","ENSG00000182326",21101.8674434815,-1.43398043331847,-1.46609428497991,0.158733320828131,-9.23620999882773,2.55382999084639e-20,4.02772565807351e-19,"Down in tumour"
"ENSG00000172935.8","MRGPRF","ENSG00000172935",68.4635934530972,-1.91172334072292,-1.97564885502317,0.213987859559872,-9.23252776623247,2.64319176777584e-20,4.1620282147643e-19,"Down in tumour"
"ENSG00000183542.5","KLRC4","ENSG00000183542",30.599436891331,-2.14159456402091,-2.21517722003879,0.239998074548672,-9.22997913297653,2.70684629262141e-20,4.25887191334306e-19,"Down in tumour"
"ENSG00000144230.16","GPR17","ENSG00000144230",161.629586625541,-1.60858960839752,-1.65608714611301,0.179438993221696,-9.22924898529119,2.72536008670463e-20,4.28459509103611e-19,"Down in tumour"
"ENSG00000139344.7","AMDHD1","ENSG00000139344",1116.77801381436,-1.95800545577391,-2.01799166125127,0.218657598170559,-9.22900314526084,2.73162179173526e-20,4.29103096220763e-19,"Down in tumour"
"ENSG00000186352.8","ANKRD37","ENSG00000186352",104.81835988604,-1.21207141988807,-1.23529018289662,0.133981284411051,-9.21987118071493,2.97457358366009e-20,4.66157838015709e-19,"Down in tumour"
"ENSG00000164197.11","RNF180","ENSG00000164197",138.309939428214,-1.44749548679171,-1.48007086221792,0.16060543227482,-9.21557161083629,3.09624161811011e-20,4.8407512122633e-19,"Down in tumour"
"ENSG00000163931.15","TKT","ENSG00000163931",1541.06069524348,1.15674087598155,1.17708702317335,0.127727497160893,9.21561174639335,3.09508343453812e-20,4.8407512122633e-19,"Up in tumour"
"ENSG00000167601.11","AXL","ENSG00000167601",589.975182158355,-1.46519437413749,-1.49957542725172,0.162771189352367,-9.21278165514562,3.17780969091151e-20,4.96044063187789e-19,"Down in tumour"
"ENSG00000241684.5","ADAMTS9-AS2","ENSG00000241684",81.8397748031125,-1.59100967047856,-1.63058686350739,0.177011834953584,-9.21173922599558,3.20882859422026e-20,5.0049128735541e-19,"Down in tumour"
"ENSG00000214629.3","RPSAP6","ENSG00000214629",29.6066988265763,-1.08689188934919,-1.10460880902532,0.119934722740089,-9.21008348365567,3.25871385295717e-20,5.07871836941585e-19,"Down in tumour"
"ENSG00000019505.7","SYT13","ENSG00000019505",45.3486508065511,-3.35253605260861,-3.53977392593827,0.384621445824942,-9.20326717181905,3.47228198553056e-20,5.407307422471e-19,"Down in tumour"
"ENSG00000258232.2","RP11-161H23.5","ENSG00000258232",116.930407341689,1.30497303345165,1.3289037197221,0.144403558534082,9.20270755937403,3.49041823332757e-20,5.43127736574313e-19,"Up in tumour"
"ENSG00000187758.7","ADH1A","ENSG00000187758",6988.99598461949,-2.77877475524613,-2.91008145084406,0.31634828175543,-9.19897979118425,3.6136425601705e-20,5.61419365725705e-19,"Down in tumour"
"ENSG00000253649.3","PRSS51","ENSG00000253649",41.9560142298744,-1.48593206927783,-1.52032919047835,0.165298180363812,-9.1974950185912,3.6639118390821e-20,5.68782800242761e-19,"Down in tumour"
"ENSG00000272574.1","RP11-359K18.4","ENSG00000272574",27.4188927710715,-1.44630163859028,-1.47321858751661,0.160241792273237,-9.19372260268121,3.79476358559059e-20,5.88634448664535e-19,"Down in tumour"
"ENSG00000186871.6","ERCC6L","ENSG00000186871",57.742150645792,1.20774876934148,1.22945926114417,0.133744472408918,9.19259868464062,3.83463399476077e-20,5.94353254959279e-19,"Up in tumour"
"ENSG00000101695.8","RNF125","ENSG00000101695",308.993409000595,-1.41050483396995,-1.44214059402314,0.156892365319698,-9.19191058841204,3.85924793402966e-20,5.9770026884389e-19,"Down in tumour"
"ENSG00000279218.1","RP11-263G22.1","ENSG00000279218",47.737041240482,-2.68813902778683,-2.8228698932228,0.307143610456616,-9.19071664563094,3.90232770578798e-20,6.03899705087268e-19,"Down in tumour"
"ENSG00000239672.7","NME1","ENSG00000239672",268.22150036297,1.20466001149918,1.2267903953238,0.133531263972557,9.18728961912565,4.02863970509426e-20,6.21988031848133e-19,"Up in tumour"
"ENSG00000160856.20","FCRL3","ENSG00000160856",110.820817402622,-2.20699652855892,-2.2969810546432,0.250057478101425,-9.18581228637175,4.08432951341104e-20,6.3009457567377e-19,"Down in tumour"
"ENSG00000253007.2","SNORA76","ENSG00000253007",235.658378664993,-1.33236693114066,-1.36087905687984,0.148190759621159,-9.18329226706744,4.18108614407e-20,6.44518987925059e-19,"Down in tumour"
"ENSG00000254602.1","AP000662.4","ENSG00000254602",19.1368832052543,-1.65830377535402,-1.69837623429827,0.185043340018525,-9.17826188247703,4.38105485567688e-20,6.74818823022666e-19,"Down in tumour"
"ENSG00000275894.1","RP3-453C12.14","ENSG00000275894",134.042675514275,-1.62684934724292,-1.6685459982244,0.181854662904178,-9.17516203092124,4.50895845888994e-20,6.93979897175806e-19,"Down in tumour"
"ENSG00000187664.8","HAPLN4","ENSG00000187664",68.2939560319995,-2.31029939395101,-2.40657100334803,0.262400193116995,-9.17137664710109,4.67016271861481e-20,7.1823256169031e-19,"Down in tumour"
"ENSG00000183914.14","DNAH2","ENSG00000183914",78.7532953083958,-1.78917622269158,-1.84229542570292,0.200891606425885,-9.17059432437065,4.70418233504159e-20,7.22902802464893e-19,"Down in tumour"
"ENSG00000281207.1","SLFNL1-AS1","ENSG00000281207",379.874143104642,-1.16904500259538,-1.1907156539812,0.129926849693418,-9.16450800424146,4.977349833797e-20,7.63695234576311e-19,"Down in tumour"
"ENSG00000166780.10","C16orf45","ENSG00000166780",249.297289459195,-1.29608718275312,-1.32308287065616,0.144401366222471,-9.16253706781249,5.06912668285384e-20,7.76572944533483e-19,"Down in tumour"
"ENSG00000179954.15","SSC5D","ENSG00000179954",93.8954828224255,-2.00542207954968,-2.07154201396076,0.22621931044283,-9.15722892933261,5.32470292434663e-20,8.15095475495691e-19,"Down in tumour"
"ENSG00000169738.7","DCXR","ENSG00000169738",3586.92123494101,-1.78556705433178,-1.8396342798192,0.200911220630915,-9.15645365172862,5.36308180237891e-20,8.20335997793553e-19,"Down in tumour"
"ENSG00000255071.3","SAA2-SAA4","ENSG00000255071",49.0585447783724,-3.70240674159594,-4.08289157118895,0.446043242289424,-9.15357791372991,5.50784385651594e-20,8.41828211984711e-19,"Down in tumour"
"ENSG00000257046.5","RP11-545J16.1","ENSG00000257046",54.7370029900026,-3.06180369314702,-3.19698760354569,0.349318079338468,-9.1520817061633,5.5846822999807e-20,8.52913709595046e-19,"Down in tumour"
"ENSG00000152782.16","PANK1","ENSG00000152782",829.894198317768,-1.46702951404525,-1.50118845240805,0.164030423553582,-9.15189036208078,5.59458497036574e-20,8.53767311630294e-19,"Down in tumour"
"ENSG00000124839.12","RAB17","ENSG00000124839",1187.86727562225,-1.65718820270342,-1.69933338054523,0.185691196677377,-9.15139441692368,5.62033259083579e-20,8.57035770188081e-19,"Down in tumour"
"ENSG00000212123.3","PRR22","ENSG00000212123",45.7604195941037,-1.2742968269797,-1.29938632039576,0.142124579313486,-9.14258692389644,6.09759256607791e-20,9.28381920464463e-19,"Down in tumour"
"ENSG00000170006.11","TMEM154","ENSG00000170006",204.527929996109,-1.98760312732389,-2.06486043520212,0.225915194311285,-9.13998034305288,6.24636829355816e-20,9.50302595191365e-19,"Down in tumour"
"ENSG00000279108.1","CTC-490E21.11","ENSG00000279108",173.015308323464,-1.59380073707657,-1.64018606106525,0.179467757220967,-9.1391684303816,6.29343850260793e-20,9.56728327819653e-19,"Down in tumour"
"ENSG00000135114.12","OASL","ENSG00000135114",336.718533953453,-1.58869171646417,-1.62900283752939,0.178250656026519,-9.13883221437928,6.31303294526581e-20,9.58970537879096e-19,"Down in tumour"
"ENSG00000198947.15","DMD","ENSG00000198947",1558.21182183639,-1.13663144002235,-1.15847674173382,0.126790518220414,-9.13693514305159,6.42472829864815e-20,9.74441741112206e-19,"Down in tumour"
"ENSG00000176720.4","BOK","ENSG00000176720",1307.42718614761,-1.53564443357136,-1.57465415274571,0.172358646822335,-9.13591619438066,6.48552578566174e-20,9.82759140183688e-19,"Down in tumour"
"ENSG00000108242.12","CYP2C18","ENSG00000108242",1425.04282919826,-2.05561222888908,-2.12104652155919,0.232270155348288,-9.13180825310374,6.73645500380508e-20,1.01937808784644e-18,"Down in tumour"
"ENSG00000248709.1","CTC-505O3.2","ENSG00000248709",71.6633549291326,-2.87079537800692,-2.96037514093629,0.324415194575924,-9.12526660413084,7.15599076889766e-20,1.07956193055481e-18,"Down in tumour"
"ENSG00000150672.16","DLG2","ENSG00000150672",150.725881833101,-1.39105821997953,-1.42635667164069,0.156454329272909,-9.11676064362938,7.740329401865e-20,1.16682665537787e-18,"Down in tumour"
"ENSG00000010327.10","STAB1","ENSG00000010327",3460.45517938102,-1.3542924916655,-1.38415767857735,0.151944243905671,-9.10964208316214,8.26541942558355e-20,1.24408704707662e-18,"Down in tumour"
"ENSG00000092621.11","PHGDH","ENSG00000092621",806.890873655923,-1.84134430789253,-1.89620239095171,0.208230443523191,-9.10626879945402,8.52639057629214e-20,1.28141874469666e-18,"Down in tumour"
"ENSG00000145826.8","LECT2","ENSG00000145826",619.772479225123,-2.61270108599633,-2.73846882654958,0.300833976783174,-9.10292399758866,8.79319565533845e-20,1.31951267328365e-18,"Down in tumour"
"ENSG00000146285.13","SCML4","ENSG00000146285",170.182768283444,-1.75936783358464,-1.81070816676493,0.198924478060653,-9.10249047486673,8.82837505114956e-20,1.32378808626821e-18,"Down in tumour"
"ENSG00000144852.17","NR1I2","ENSG00000144852",1720.9011904062,-2.33224258790761,-2.43260007622926,0.267356438893971,-9.0987151321012,9.1406751506487e-20,1.36957897999084e-18,"Down in tumour"
"ENSG00000140538.16","NTRK3","ENSG00000140538",39.2393047712789,-2.27428691679206,-2.36278685866765,0.259723966713895,-9.09730006268708,9.26052321314052e-20,1.3864866562609e-18,"Down in tumour"
"ENSG00000254235.5","RP11-115J16.1","ENSG00000254235",266.916888156873,-2.4763334059146,-2.61817331808884,0.287841371531744,-9.09588953164121,9.38153223383274e-20,1.40248238296262e-18,"Down in tumour"
"ENSG00000197057.9","DTHD1","ENSG00000197057",137.064113061847,-1.99569643533336,-2.06545989950191,0.227203313862492,-9.09080006091796,9.83129161006037e-20,1.46308838224004e-18,"Down in tumour"
"ENSG00000090512.11","FETUB","ENSG00000090512",727.598540531434,-2.67976308693183,-2.8280476631379,0.311448642984269,-9.08030176673699,1.08274238742679e-19,1.60891291849388e-18,"Down in tumour"
"ENSG00000250303.3","RP11-356J5.12","ENSG00000250303",109.040290332489,-1.23675986035145,-1.26253967757225,0.139113030894677,-9.0756392082933,1.13012187523264e-19,1.67679927110043e-18,"Down in tumour"
"ENSG00000179869.14","ABCA13","ENSG00000179869",57.4733088256271,-2.53646828623975,-2.70633926994971,0.298267539565767,-9.07352933507192,1.15222963155766e-19,1.70832068145474e-18,"Down in tumour"
"ENSG00000128917.6","DLL4","ENSG00000128917",131.047167448739,1.05948153497824,1.07688298819886,0.118693842713106,9.07277887027203,1.16019578786164e-19,1.71884395427736e-18,"Up in tumour"
"ENSG00000227959.1","RP11-276H7.2","ENSG00000227959",20.5619021397097,-1.8047265498828,-1.85910510053033,0.205036228612006,-9.06720296757092,1.22111309202404e-19,1.80638949405319e-18,"Down in tumour"
"ENSG00000264924.1","RP11-799B12.2","ENSG00000264924",166.740352763456,-1.61055440709654,-1.65257607155844,0.182388065292005,-9.06076869071803,1.29534434834353e-19,1.91333960348982e-18,"Down in tumour"
"ENSG00000269976.1","RP11-130L8.2","ENSG00000269976",41.8181898308935,-1.83081316765726,-1.88430224524892,0.207965660426076,-9.06064126831515,1.29685855312081e-19,1.91414775107533e-18,"Down in tumour"
"ENSG00000108176.14","DNAJC12","ENSG00000108176",128.452826135083,-1.69461082749178,-1.74443762993635,0.192561780299135,-9.05910626307281,1.31523759239906e-19,1.93982844011584e-18,"Down in tumour"
"ENSG00000147113.16","CXorf36","ENSG00000147113",101.371704316288,1.47713812465503,1.51069415628528,0.166775834964464,9.05823170729247,1.32582374622918e-19,1.95398580857143e-18,"Up in tumour"
"ENSG00000122679.8","RAMP3","ENSG00000122679",158.98722770021,-1.76605250215918,-1.81558185416395,0.20045687477977,-9.05721919569295,1.3381850097693e-19,1.97073630196159e-18,"Down in tumour"
"ENSG00000154330.12","PGM5","ENSG00000154330",101.778798010169,-1.72019779522219,-1.76739252780787,0.195203814989955,-9.05408804586537,1.37713690967566e-19,2.02659262849148e-18,"Down in tumour"
"ENSG00000213312.3","RPL7AP34","ENSG00000213312",142.251947249351,-1.89680137722436,-1.95808178327092,0.216349376819663,-9.05055430274278,1.42244410659254e-19,2.09171145629912e-18,"Down in tumour"
"ENSG00000079557.4","AFM","ENSG00000079557",4944.61491260073,-2.57164482322788,-2.68561918161045,0.296738822356468,-9.05044766398734,1.42383400847122e-19,2.09220093019085e-18,"Down in tumour"
"ENSG00000123975.4","CKS2","ENSG00000123975",70.4854802860626,1.40447324384,1.43334147333098,0.158419376655176,9.04776614827151,1.45922877422228e-19,2.14261981663069e-18,"Up in tumour"
"ENSG00000164171.10","ITGA2","ENSG00000164171",236.839878775083,1.6222043710479,1.66245474107756,0.183792067363435,9.04530192693343,1.49252129237265e-19,2.18825732888384e-18,"Up in tumour"
"ENSG00000172482.4","AGXT","ENSG00000172482",17998.5842845294,-2.4053450551681,-2.49412518698307,0.275791531705015,-9.04351620792612,1.5171149748437e-19,2.22266888949529e-18,"Down in tumour"
"ENSG00000197417.7","SHPK","ENSG00000197417",694.837525406838,-1.11443013069093,-1.1346252058488,0.125492665699195,-9.041366676906,1.5472508712134e-19,2.26514323179932e-18,"Down in tumour"
"ENSG00000152990.13","ADGRA3","ENSG00000152990",1764.61712249189,-1.41944407851947,-1.45572115390419,0.161026983848903,-9.04023114082629,1.56340882063791e-19,2.28710648831383e-18,"Down in tumour"
"ENSG00000221886.3","ZBED8","ENSG00000221886",43.1650494625163,1.07772753161605,1.09557969280688,0.121235755660871,9.03677043818254,1.61368789961869e-19,2.35543691719416e-18,"Up in tumour"
"ENSG00000103150.5","MLYCD","ENSG00000103150",1298.27679436001,-1.03932561379252,-1.0571460844996,0.117000113477096,-9.03542785628619,1.63362100867032e-19,2.38277528552776e-18,"Down in tumour"
"ENSG00000134243.11","SORT1","ENSG00000134243",593.009617353688,1.51305638463523,1.54895810263989,0.171452710304825,9.03431680890902,1.65030039627048e-19,2.40533105621367e-18,"Up in tumour"
"ENSG00000120254.15","MTHFD1L","ENSG00000120254",213.290758948993,1.20053126129297,1.22308658219677,0.135387137853714,9.03399393462558,1.65517896496692e-19,2.41066646457618e-18,"Up in tumour"
"ENSG00000146678.9","IGFBP1","ENSG00000146678",7959.29528382184,-2.41068052956335,-2.53103983596553,0.280185202992878,-9.0334529051838,1.66338578404118e-19,2.4190591347191e-18,"Down in tumour"
"ENSG00000168306.12","ACOX2","ENSG00000168306",1663.1518623206,-1.76862002061321,-1.82280098439376,0.201874006377681,-9.02939916387018,1.72616930945678e-19,2.50852196344185e-18,"Down in tumour"
"ENSG00000188783.5","PRELP","ENSG00000188783",260.207297418935,-2.03870661023988,-2.11311328950991,0.234102156367061,-9.02645803141021,1.77318125572527e-19,2.57117777249598e-18,"Down in tumour"
"ENSG00000226777.7","FAM30A","ENSG00000226777",211.833543885425,-2.78841335239107,-2.95196864002062,0.327119778063244,-9.02412155418464,1.81142806460576e-19,2.62471417882443e-18,"Down in tumour"
"ENSG00000238097.1","LINC02037","ENSG00000238097",47.2475859850144,-2.41173716977535,-2.50646548527555,0.277820525246915,-9.02188736072652,1.8487625601802e-19,2.67685130604585e-18,"Down in tumour"
"ENSG00000123200.16","ZC3H13","ENSG00000123200",3822.73799731693,-1.17604993590123,-1.1985222221027,0.132855147704822,-9.02127047997855,1.8592042249439e-19,2.69000213628031e-18,"Down in tumour"
"ENSG00000167106.11","FAM102A","ENSG00000167106",1777.28356650172,-1.20050286178838,-1.22471167351535,0.135884340539518,-9.01289779714666,2.00682271207543e-19,2.89723135959948e-18,"Down in tumour"
"ENSG00000183814.15","LIN9","ENSG00000183814",52.8412751505283,1.29750591501137,1.3237782494543,0.147028355125458,9.00355749967228,2.18519487256281e-19,3.14785750455864e-18,"Up in tumour"
"ENSG00000213588.5","ZBTB9","ENSG00000213588",66.4057393441827,1.00507458062376,1.02095806385152,0.113399767005863,9.00317602767852,2.19280364247061e-19,3.15652090875788e-18,"Up in tumour"
"ENSG00000198185.11","ZNF334","ENSG00000198185",114.785030537677,-1.7955233243322,-1.85826382310898,0.206438004402813,-9.00155874149525,2.22535354659191e-19,3.20104816480331e-18,"Down in tumour"
"ENSG00000180509.11","KCNE1","ENSG00000180509",114.769690021804,-1.80304129757455,-1.8605583095375,0.206739062934027,-8.99954891510379,2.26646976361412e-19,3.25545979907215e-18,"Down in tumour"
"ENSG00000188257.10","PLA2G2A","ENSG00000188257",1644.18843961407,-3.08870928772813,-3.31859829846398,0.368843787029269,-8.99730025329296,2.31336213723789e-19,3.32040440771207e-18,"Down in tumour"
"ENSG00000093010.13","COMT","ENSG00000093010",772.39071363572,-1.08719702973436,-1.10687179833347,0.123060992259584,-8.99449759025705,2.37315121015085e-19,3.4012876106094e-18,"Down in tumour"
"ENSG00000197299.10","BLM","ENSG00000197299",72.3699252440689,1.36497518612877,1.39504967721101,0.155107934091856,8.99405749537514,2.38267741937673e-19,3.41000247011739e-18,"Up in tumour"
"ENSG00000168016.13","TRANK1","ENSG00000168016",1647.88935399691,-1.05651666344935,-1.07509675600764,0.119555783119833,-8.9924278688388,2.41828213723431e-19,3.458457972708e-18,"Down in tumour"
"ENSG00000187824.8","TMEM220","ENSG00000187824",410.018332411238,-1.50384231140214,-1.54108275376172,0.171452165749098,-8.98841228997322,2.5082753233877e-19,3.57863588073773e-18,"Down in tumour"
"ENSG00000205832.7","C16orf96","ENSG00000205832",21.1667111950018,-1.46398715364427,-1.49879747853271,0.166748778519332,-8.98835656753521,2.50954711386044e-19,3.57863588073773e-18,"Down in tumour"
"ENSG00000248844.6","RP11-626H12.3","ENSG00000248844",64.9579970803012,-2.30309382575381,-2.39733340486669,0.266756660867558,-8.98696736220186,2.54146063923986e-19,3.6215356682847e-18,"Down in tumour"
"ENSG00000250510.7","GPR162","ENSG00000250510",60.482064311279,-1.56171622278507,-1.60387631748009,0.17852762662193,-8.98391104966985,2.61309011927398e-19,3.71025055457604e-18,"Down in tumour"
"ENSG00000251349.3","MSANTD3-TMEFF1","ENSG00000251349",15.8034734970195,1.36289231244658,1.38319477454862,0.153963027182397,8.98394114393433,2.61237518117389e-19,3.71025055457604e-18,"Up in tumour"
"ENSG00000231440.1","RP11-467I20.6","ENSG00000231440",22.2525267189008,-2.90510317929924,-3.03332597390948,0.33765139934721,-8.98360255510233,2.62043006569483e-19,3.7180051821002e-18,"Down in tumour"
"ENSG00000182902.13","SLC25A18","ENSG00000182902",1381.91399810662,-2.08783650053874,-2.17425885311045,0.242071129903146,-8.98190070819424,2.66128941527413e-19,3.7732737390058e-18,"Down in tumour"
"ENSG00000131183.10","SLC34A1","ENSG00000131183",15.4265702621384,-2.03451780391532,-2.08847358179897,0.232550412497107,-8.98073479798686,2.689644254495e-19,3.80802065301999e-18,"Down in tumour"
"ENSG00000124003.12","MOGAT1","ENSG00000124003",46.9070919205159,-2.10395814530541,-2.1864065299458,0.243483661104268,-8.97968479704065,2.71543552635131e-19,3.84178808956908e-18,"Down in tumour"
"ENSG00000151468.10","CCDC3","ENSG00000151468",192.008463682249,-1.69172407402434,-1.74046358941073,0.193980970867537,-8.97234188295324,2.90275811529621e-19,4.10387795543271e-18,"Down in tumour"
"ENSG00000141485.16","SLC13A5","ENSG00000141485",4916.26285644563,-2.48309546237264,-2.61288402503374,0.291261276842675,-8.97092827909661,2.94025869491737e-19,4.15392864728762e-18,"Down in tumour"
"ENSG00000218991.1","CCNG1P1","ENSG00000218991",52.281858618096,-2.57441811616745,-2.60629227176255,0.290545274184966,-8.97034818092873,2.95578589712495e-19,4.17080558072251e-18,"Down in tumour"
"ENSG00000227999.1","MTND5P1","ENSG00000227999",55.7875882452955,-2.1107116286384,-2.18904364475107,0.244031709528343,-8.97032459011982,2.95641905206572e-19,4.17080558072251e-18,"Down in tumour"
"ENSG00000177694.15","NAALADL2","ENSG00000177694",181.288933741198,-1.67329268322042,-1.72460354906813,0.192271411282937,-8.96963067759609,2.97510306546129e-19,4.1941748557461e-18,"Down in tumour"
"ENSG00000182718.16","ANXA2","ENSG00000182718",1968.5794030476,1.26268319409345,1.28870006031435,0.143728396099228,8.96621749973927,3.06871674454551e-19,4.32306836475369e-18,"Up in tumour"
"ENSG00000127329.15","PTPRB","ENSG00000127329",1108.42230960347,-1.21487853858884,-1.23967492232458,0.138304922645641,-8.96334634090232,3.14971365083907e-19,4.4340172326499e-18,"Down in tumour"
"ENSG00000248015.6","AC005329.7","ENSG00000248015",161.061464185663,-1.60206134454868,-1.64411154182354,0.183432308175007,-8.96304232433769,3.15841280943176e-19,4.44310339282749e-18,"Down in tumour"
"ENSG00000132854.18","KANK4","ENSG00000132854",85.6103567537748,-2.59677564723331,-2.74979104006019,0.307051444018089,-8.95547340235988,3.3828093015038e-19,4.75201877250991e-18,"Down in tumour"
"ENSG00000171084.15","FAM86JP","ENSG00000171084",14.1977200705793,1.37164544437507,1.3978963455322,0.156097152790925,8.95529688106827,3.38822634519021e-19,4.75625276952836e-18,"Up in tumour"
"ENSG00000213366.12","GSTM2","ENSG00000213366",340.492373505172,-1.33194440387413,-1.36255162363309,0.152255612486337,-8.94910605515679,3.58372719702088e-19,5.0200079554589e-18,"Down in tumour"
"ENSG00000101981.10","F9","ENSG00000101981",3095.87503838785,-2.75180721598086,-2.88668969846687,0.322594897503126,-8.94834270724601,3.60859196683445e-19,5.05126313999677e-18,"Down in tumour"
"ENSG00000076344.15","RGS11","ENSG00000076344",49.1884097608014,-1.85160398121485,-1.9192521523559,0.214503971189782,-8.94739683237774,3.63963879527789e-19,5.09112160246893e-18,"Down in tumour"
"ENSG00000224747.1","MTCYBP21","ENSG00000224747",32.758876615117,-2.23321958397311,-2.31048895876762,0.258255648656857,-8.94651857871872,3.66870226474302e-19,5.12815140720752e-18,"Down in tumour"
"ENSG00000228501.2","RPL15P18","ENSG00000228501",12.9713827541219,-1.41831347357256,-1.44437524892152,0.161540855041554,-8.94123810691717,3.84834188450786e-19,5.37545736909415e-18,"Down in tumour"
"ENSG00000182372.9","CLN8","ENSG00000182372",746.692622455674,-1.02369107690617,-1.04097925420834,0.116464965693502,-8.93813214995368,3.95803580063715e-19,5.52478156572716e-18,"Down in tumour"
"ENSG00000101577.9","LPIN2","ENSG00000101577",5054.39741892326,-1.15267768007214,-1.17563439371416,0.131554739311039,-8.93646553420302,4.01816372228525e-19,5.60475789677181e-18,"Down in tumour"
"ENSG00000143257.11","NR1I3","ENSG00000143257",1166.64810661365,-2.06141467122505,-2.14842154524001,0.240912791840162,-8.91783922650906,4.75474006313325e-19,6.60888834758401e-18,"Down in tumour"
"ENSG00000230870.2","FBXW11P1","ENSG00000230870",76.8699216031482,-1.74335096286222,-1.79652144914794,0.201534907523146,-8.91419492150072,4.9137321283242e-19,6.8250877204155e-18,"Down in tumour"
"ENSG00000146263.11","MMS22L","ENSG00000146263",183.457303664528,1.08866784722654,1.10831980870807,0.124443541265208,8.90620595846008,5.28087787599206e-19,7.31963696075006e-18,"Up in tumour"
"ENSG00000147119.3","CHST7","ENSG00000147119",98.0540775232976,-1.31109897855015,-1.34070723157444,0.150784467547996,-8.89154734155679,6.02637470805839e-19,8.31799404439328e-18,"Down in tumour"
"ENSG00000263606.1","RP11-737O24.3","ENSG00000263606",340.467033653868,-1.53840699491439,-1.57924385645084,0.177648809324728,-8.88969570048796,6.12764907704017e-19,8.44599987338831e-18,"Down in tumour"
"ENSG00000164309.14","CMYA5","ENSG00000164309",684.332542584285,-1.66325036667871,-1.7117736312289,0.192579531758868,-8.88865818498428,6.1851283533093e-19,8.51336894972539e-18,"Down in tumour"
"ENSG00000181631.6","P2RY13","ENSG00000181631",69.758639082155,-1.55468431088363,-1.59588060032261,0.179545358603242,-8.88845366283833,6.19652174291135e-19,8.52312403456876e-18,"Down in tumour"
"ENSG00000158125.9","XDH","ENSG00000158125",2493.10008388325,-2.17965088646014,-2.27186323479937,0.255661030272654,-8.88623202517998,6.32162690075676e-19,8.68313402128234e-18,"Down in tumour"
"ENSG00000211659.2","IGLV3-25","ENSG00000211659",271.826115707478,-2.9540410329059,-3.14627407774396,0.35409373711461,-8.88542707188746,6.36756859661366e-19,8.74017234623954e-18,"Down in tumour"
"ENSG00000274576.2","IGHV2-70","ENSG00000274576",126.169506707113,-3.06704519805027,-3.30004694385221,0.371448771990943,-8.88425859147188,6.43484556069131e-19,8.82639627046176e-18,"Down in tumour"
"ENSG00000264006.6","AKR1C8P","ENSG00000264006",417.504045650966,-2.1942814383919,-2.28960579159425,0.257796967725828,-8.88143026581011,6.60061098898391e-19,9.0349857057371e-18,"Down in tumour"
"ENSG00000130164.13","LDLR","ENSG00000130164",4108.07220860384,-1.24996256817421,-1.27692739921639,0.143794561001082,-8.8802204362012,6.67279945165418e-19,9.12118228912922e-18,"Down in tumour"
"ENSG00000090530.9","P3H2","ENSG00000090530",78.8583649267902,-1.53067610883664,-1.57559824558944,0.177471242609201,-8.87804819769574,6.80437560725619e-19,9.29461741852462e-18,"Down in tumour"
"ENSG00000183044.11","ABAT","ENSG00000183044",5320.0832954449,-1.72098174861319,-1.77268632188558,0.199674510973399,-8.8778798718167,6.81467772399352e-19,9.29585914479695e-18,"Down in tumour"
"ENSG00000246548.3","RP11-7F17.5","ENSG00000246548",14.5721931094871,-1.7225373009134,-1.76395745183183,0.198807513675319,-8.87269006699927,7.13998400314058e-19,9.71283184702141e-18,"Down in tumour"
"ENSG00000272430.1","RP11-38L15.8","ENSG00000272430",62.9504005087931,-1.70618524971778,-1.75372042172667,0.19765304449602,-8.87272152168635,7.13796689658427e-19,9.71283184702141e-18,"Down in tumour"
"ENSG00000003989.17","SLC7A2","ENSG00000003989",7852.68022100769,-1.87712099938059,-1.93923742470964,0.218600338755133,-8.87115470979162,7.23912992041148e-19,9.84094083205387e-18,"Down in tumour"
"ENSG00000185633.10","NDUFA4L2","ENSG00000185633",84.9862137600575,1.5409251038819,1.57751203266757,0.177843104043462,8.87024572109386,7.29846758835472e-19,9.91479539988367e-18,"Up in tumour"
"ENSG00000169692.12","AGPAT2","ENSG00000169692",799.269064638701,-1.28730723216339,-1.31657586917566,0.148476315695593,-8.86724500811908,7.49778175286044e-19,1.01785729927549e-17,"Down in tumour"
"ENSG00000279693.1","RP11-71L14.3","ENSG00000279693",13.0224760967872,-2.03457823832672,-2.10649083104241,0.237679555515847,-8.86273464484816,7.80752588188412e-19,1.058454519042e-17,"Down in tumour"
"ENSG00000113368.11","LMNB1","ENSG00000113368",250.323754811924,1.1777202762949,1.20102592038275,0.135576626944143,8.85865025154795,8.09890264818229e-19,1.09645403635754e-17,"Up in tumour"
"ENSG00000163749.17","CCDC158","ENSG00000163749",130.684790055445,-1.66966100142059,-1.72436866664387,0.194710641373664,-8.85605765806442,8.28940152245263e-19,1.12147726817433e-17,"Down in tumour"
"ENSG00000215559.8","ANKRD20A11P","ENSG00000215559",22.9540911854911,-2.18807140135881,-2.2717714712909,0.256565529654524,-8.85454672866591,8.40245593925747e-19,1.13599597271669e-17,"Down in tumour"
"ENSG00000274114.2","CTC-281F24.3","ENSG00000274114",115.793068409717,-1.80837482171764,-1.86757656233308,0.210966331515704,-8.85248631340995,8.55908326332671e-19,1.15559300839717e-17,"Down in tumour"
"ENSG00000183549.10","ACSM5","ENSG00000183549",2328.16669691497,-2.05026540895939,-2.12579439965829,0.240185263745413,-8.85064456706862,8.70152672988915e-19,1.17402398476275e-17,"Down in tumour"
"ENSG00000123358.19","NR4A1","ENSG00000123358",1573.08889375198,-1.644266321734,-1.69172627300391,0.191265494108118,-8.84491100128925,9.16012887497069e-19,1.23253861877835e-17,"Down in tumour"
"ENSG00000250436.1","RP11-622A1.2","ENSG00000250436",590.855760612852,-2.38184135043375,-2.48469562708246,0.281003016000903,-8.8422382878427,9.38198661729842e-19,1.26153302388714e-17,"Down in tumour"
"ENSG00000189152.10","GRAPL","ENSG00000189152",53.6426854464791,-1.54685669025443,-1.58386663131793,0.179137436947123,-8.84162829562787,9.43336026542356e-19,1.26757976736951e-17,"Down in tumour"
"ENSG00000134253.9","TRIM45","ENSG00000134253",72.3944072434513,1.16406589663786,1.18636432014109,0.134243657157811,8.83739571208531,9.79756251073318e-19,1.31562520200096e-17,"Up in tumour"
"ENSG00000243290.3","IGKV1-12","ENSG00000243290",339.735040573152,-2.94921245428523,-3.13309592780764,0.354600086889718,-8.83557574756616,9.9584029851791e-19,1.33631640871627e-17,"Down in tumour"
"ENSG00000139354.10","GAS2L3","ENSG00000139354",154.334052775397,1.1963153954969,1.21957192962863,0.138042342901792,8.83476695622498,1.00307147464283e-18,1.34510797409252e-17,"Up in tumour"
"ENSG00000144649.8","FAM198A","ENSG00000144649",109.454069233063,-1.81098862401687,-1.87089465962441,0.211858045860721,-8.83088792792119,1.03848001281235e-18,1.39164758927521e-17,"Down in tumour"
"ENSG00000168995.13","SIGLEC7","ENSG00000168995",48.7894745067651,-1.47447588193642,-1.51154728189064,0.171371653607946,-8.82028766174289,1.14166046715712e-18,1.52372795862717e-17,"Down in tumour"
"ENSG00000243678.11","NME2","ENSG00000243678",883.54022696878,1.00770300176827,1.02473279594875,0.116205154048929,8.81830762443876,1.16202639070817e-18,1.5498644441568e-17,"Up in tumour"
"ENSG00000104972.15","LILRB1","ENSG00000104972",220.814350230552,-1.51431911639508,-1.55485567993175,0.176364499696949,-8.81614884289918,1.18463978325855e-18,1.57896129495195e-17,"Down in tumour"
"ENSG00000163116.9","STPG2","ENSG00000163116",10.6347279014986,-1.44251366265102,-1.47946772350837,0.167908487035121,-8.81115510974088,1.2386283973073e-18,1.64980968155474e-17,"Down in tumour"
"ENSG00000258461.5","RP11-164J13.1","ENSG00000258461",588.606536463667,-1.30628147843233,-1.3381157720088,0.151869043658324,-8.81098438348832,1.24051649820339e-18,1.6512133859408e-17,"Down in tumour"
"ENSG00000120440.13","TTLL2","ENSG00000120440",22.1458850803923,-2.45599369595235,-2.56976924853575,0.291920916319034,-8.80296376477287,1.33249592475899e-18,1.77042752815014e-17,"Down in tumour"
"ENSG00000137265.14","IRF4","ENSG00000137265",212.969751509913,-2.0384348667327,-2.12242667377119,0.241216937687295,-8.79882936132218,1.38250715910169e-18,1.83527593562037e-17,"Down in tumour"
"ENSG00000175643.8","RMI2","ENSG00000175643",33.8131138816785,1.58446199244361,1.6248268239806,0.184681949198411,8.79797311558037,1.39309400859008e-18,1.84809046327235e-17,"Up in tumour"
"ENSG00000274225.1","KB-68A7.1","ENSG00000274225",59.945051039153,-2.15463999804454,-2.24017486930228,0.25464634285443,-8.79720024325221,1.40271873181254e-18,1.85961231471973e-17,"Down in tumour"
"ENSG00000197238.4","HIST1H4J","ENSG00000197238",413.463291529679,1.0335013368016,1.05168937635237,0.119555751398155,8.79664394270706,1.40968706161397e-18,1.86759946522927e-17,"Up in tumour"
"ENSG00000139209.15","SLC38A4","ENSG00000139209",6547.39044620184,-2.13779808134731,-2.21859500103599,0.252235083191594,-8.795743133602,1.42104333837019e-18,1.88138533754924e-17,"Down in tumour"
"ENSG00000263400.6","TMEM220-AS1","ENSG00000263400",49.4317102516183,-1.40905257473478,-1.44296967648748,0.164081940560433,-8.79420167483948,1.44068606848796e-18,1.90611626695068e-17,"Down in tumour"
"ENSG00000133246.11","PRAM1","ENSG00000133246",64.2378414967308,-1.73196549279589,-1.78591768610662,0.203109067065615,-8.79289985379962,1.45748377353596e-18,1.92705252702721e-17,"Down in tumour"
"ENSG00000272405.1","RP11-284F21.10","ENSG00000272405",107.031079427764,2.37506755828092,2.40715817684848,0.273789343021704,8.79200830200925,1.46909911474767e-18,1.94111340308415e-17,"Up in tumour"
"ENSG00000237949.1","LINC00844","ENSG00000237949",95.730052986849,-3.00576488105519,-3.24853297632039,0.369533489322994,-8.7909027738511,1.48362921185121e-18,1.95769819934473e-17,"Down in tumour"
"ENSG00000088881.20","EBF4","ENSG00000088881",111.300292927586,-1.51462973520866,-1.55690168819582,0.177152916673382,-8.78846206673692,1.51621214156229e-18,1.99935955482627e-17,"Down in tumour"
"ENSG00000270093.1","AP000473.8","ENSG00000270093",11.2349571659666,-1.6859441196253,-1.72762087384153,0.196686195330319,-8.7836407173372,1.58266670347983e-18,2.084213044709e-17,"Down in tumour"
"ENSG00000153086.13","ACMSD","ENSG00000153086",920.922166467009,-1.86881158448996,-1.93206807380836,0.220072320199479,-8.77924162410379,1.64580614338967e-18,2.16592027899679e-17,"Down in tumour"
"ENSG00000172955.17","ADH6","ENSG00000172955",2784.53544494566,-1.97791602139251,-2.04541379205634,0.233079703705261,-8.77559804453352,1.69998005772387e-18,2.23424337865396e-17,"Down in tumour"
"ENSG00000136160.14","EDNRB","ENSG00000136160",559.9932300291,-1.22374897881136,-1.25038261855895,0.142495443483658,-8.77489544921733,1.71062718317143e-18,2.24674478012688e-17,"Down in tumour"
"ENSG00000267385.1","CTB-50L17.14","ENSG00000267385",389.999584867126,-1.74559685186516,-1.79846046658807,0.204967356322288,-8.7743750949307,1.71855504779154e-18,2.25566048149455e-17,"Down in tumour"
"ENSG00000182327.7","GLTPD2","ENSG00000182327",142.48788741248,-1.8981764999013,-1.96837636000266,0.224380219392368,-8.77250394590535,1.7473639253862e-18,2.29043537583901e-17,"Down in tumour"
"ENSG00000131187.9","F12","ENSG00000131187",3925.66041866718,-2.18616570736659,-2.27252018719157,0.259154337532186,-8.76898379873474,1.80285977764457e-18,2.3616150614771e-17,"Down in tumour"
"ENSG00000093134.14","VNN3","ENSG00000093134",424.336080901796,-2.2238015279531,-2.34094003824948,0.267139447683993,-8.76298898775386,1.90140242482752e-18,2.48740635787251e-17,"Down in tumour"
"ENSG00000126353.3","CCR7","ENSG00000126353",94.2762626889041,-1.70162219630735,-1.75392195488035,0.200165580816247,-8.76235538461762,1.91212334703777e-18,2.49977922113068e-17,"Down in tumour"
"ENSG00000167315.17","ACAA2","ENSG00000167315",3519.26959106957,-1.40631693896517,-1.4415971300136,0.164546516710268,-8.76103097674169,1.93472623391433e-18,2.5259918435268e-17,"Down in tumour"
"ENSG00000134853.11","PDGFRA","ENSG00000134853",768.322212808483,-2.19912606143054,-2.31813534051355,0.264912245987175,-8.75057825988828,2.12262238602275e-18,2.7640174267466e-17,"Down in tumour"
"ENSG00000274092.1","CTD-3203P2.3","ENSG00000274092",68.2478377895199,-1.5030076369483,-1.54326046023144,0.176396981922446,-8.74879175035969,2.15649206730604e-18,2.80627531151798e-17,"Down in tumour"
"ENSG00000225893.1","RP11-6J24.3","ENSG00000225893",15.2624300689837,-1.66750837060374,-1.69913150584755,0.194248183365869,-8.74721954360427,2.18673997180764e-18,2.84003571272891e-17,"Down in tumour"
"ENSG00000120693.13","SMAD9","ENSG00000120693",75.1068661911488,-1.15950549155411,-1.18312966454495,0.13526285332932,-8.74689270131262,2.19308053591021e-18,2.84640282277185e-17,"Down in tumour"
"ENSG00000184731.5","FAM110C","ENSG00000184731",339.76082537204,-1.9416437001306,-2.01178583885115,0.23004940504842,-8.74501648212353,2.22983093980979e-18,2.89220470456456e-17,"Down in tumour"
"ENSG00000131042.14","LILRB2","ENSG00000131042",257.151431624192,-1.35756823088274,-1.390617803195,0.159021903576468,-8.74481924765977,2.23372940964105e-18,2.89536386411429e-17,"Down in tumour"
"ENSG00000147576.15","ADHFE1","ENSG00000147576",785.359981234912,-1.38233511072263,-1.4173761426752,0.162213424066079,-8.73772408686611,2.37853560793472e-18,3.07902912281568e-17,"Down in tumour"
"ENSG00000184612.8","RPL7P26","ENSG00000184612",14.5117793794839,1.41790045422738,1.44238159011906,0.165086565677526,8.73712275859292,2.39122597415678e-18,3.09343370630621e-17,"Up in tumour"
"ENSG00000128928.8","IVD","ENSG00000128928",1941.85235610459,-1.09083079663625,-1.11222812279388,0.127343650136824,-8.73406818163961,2.45672901698197e-18,3.17609650118381e-17,"Down in tumour"
"ENSG00000227954.6","TARID","ENSG00000227954",13.8086016933642,-1.81431707866677,-1.8735607705135,0.214583291122398,-8.73115870631709,2.52076664497386e-18,3.25675810730859e-17,"Down in tumour"
"ENSG00000277224.2","HIST1H2BF","ENSG00000277224",118.617677919701,1.37734546538097,1.41001798416641,0.161662628063755,8.721978610977,2.73381976264146e-18,3.5297126263511e-17,"Up in tumour"
"ENSG00000235731.1","AC124997.1","ENSG00000235731",12.8323047428564,-1.62714274410606,-1.66543234129542,0.190964470111988,-8.72116336781787,2.75357805526675e-18,3.55290550507789e-17,"Down in tumour"
"ENSG00000262585.1","LINC01979","ENSG00000262585",21.7395715039365,-2.2123018881582,-2.28903988604619,0.262538290701347,-8.71888012956598,2.80966828802249e-18,3.61820197949442e-17,"Down in tumour"
"ENSG00000104635.13","SLC39A14","ENSG00000104635",6824.32390367821,-1.17647770148494,-1.20212791294989,0.137910880308829,-8.71670103372497,2.86425163775728e-18,3.68369932853345e-17,"Down in tumour"
"ENSG00000131018.22","SYNE1","ENSG00000131018",4422.23438569155,-1.19125864212036,-1.21718630563993,0.13965879602665,-8.71542889004762,2.8965997148697e-18,3.72046710943647e-17,"Down in tumour"
"ENSG00000197766.7","CFD","ENSG00000197766",78.67175087522,-1.63225266559995,-1.67809719063948,0.192569622752976,-8.71423626763869,2.92725318616387e-18,3.75740092825821e-17,"Down in tumour"
"ENSG00000271992.1","RP11-42O15.3","ENSG00000271992",30.3660690479172,-1.92287938620876,-1.99587467413461,0.229048936359316,-8.71374783859993,2.93989931608877e-18,3.77118776172035e-17,"Down in tumour"
"ENSG00000137168.7","PPIL1","ENSG00000137168",124.957473433497,1.00883094778347,1.02631538591043,0.117946432813054,8.7015381595911,3.27415650972107e-18,4.18910018079568e-17,"Up in tumour"
"ENSG00000129151.8","BBOX1","ENSG00000129151",125.547397117068,-2.10829970227558,-2.18851782719246,0.251513891902254,-8.70137951681405,3.27873764641413e-18,4.19225156559915e-17,"Down in tumour"
"ENSG00000172782.11","FADS6","ENSG00000172782",48.3389320022657,-2.45725207101622,-2.58547315131847,0.297228383456305,-8.69860785586298,3.35980383135753e-18,4.29036111187482e-17,"Down in tumour"
"ENSG00000138376.10","BARD1","ENSG00000138376",126.303205836671,1.06059486742961,1.08001763598888,0.124167668867192,8.6980584063638,3.37610771301423e-18,4.3084010292515e-17,"Up in tumour"
"ENSG00000279602.1","CTD-3014M21.1","ENSG00000279602",160.46616275552,-1.18812903517181,-1.21370985030134,0.139595472490127,-8.69447861489334,3.48426015297806e-18,4.44355420153961e-17,"Down in tumour"
"ENSG00000135378.3","PRRG4","ENSG00000135378",330.548644774942,-1.15804083130528,-1.18203857475372,0.135992124343218,-8.69196345348998,3.56228684553083e-18,4.53510138498052e-17,"Down in tumour"
"ENSG00000280083.1","RP11-317J9.1","ENSG00000280083",22.5530575446477,-1.72634139183256,-1.78383081381505,0.205355938900265,-8.68653141159654,3.73673656309561e-18,4.75023935731222e-17,"Down in tumour"
"ENSG00000074966.10","TXK","ENSG00000074966",54.6126375520178,-1.38885366577654,-1.42405498911077,0.163973563420518,-8.68466208457463,3.79869936335517e-18,4.82590863279133e-17,"Down in tumour"
"ENSG00000274021.1","RP11-823E8.3","ENSG00000274021",72.9964557703984,-1.5554883594712,-1.60462463902931,0.184777185309559,-8.68410586697194,3.81733141066358e-18,4.84646828808623e-17,"Down in tumour"
"ENSG00000185304.14","RGPD2","ENSG00000185304",468.374874233138,-1.56645665006506,-1.61211182367833,0.185660705877371,-8.68310726311215,3.85100907400894e-18,4.88296108916457e-17,"Down in tumour"
"ENSG00000140090.17","SLC24A4","ENSG00000140090",35.1850185419829,-1.53412546492563,-1.5809629491289,0.18219850210148,-8.67714570039846,4.05825065871834e-18,5.13586670639464e-17,"Down in tumour"
"ENSG00000211938.2","IGHV3-7","ENSG00000211938",419.023885004241,-2.64600286796642,-2.83385460795496,0.326707931352289,-8.67396942653103,4.1731240746292e-18,5.27786867790005e-17,"Down in tumour"
"ENSG00000162148.10","PPP1R32","ENSG00000162148",37.5983763077302,-1.08076434299382,-1.10114565196245,0.12701070247234,-8.66970759572211,4.33231491390325e-18,5.46523321165628e-17,"Down in tumour"
"ENSG00000236973.2","GAPDHP51","ENSG00000236973",20.8853690927137,-1.29550293329545,-1.32288171952864,0.152618256311251,-8.66791268294106,4.40114026068859e-18,5.54498849012153e-17,"Down in tumour"
"ENSG00000275850.1","RP11-543P15.3","ENSG00000275850",60.9833956837954,-1.28062639338468,-1.31382366642983,0.151656561564674,-8.6631508249615,4.58900607543079e-18,5.77800236965659e-17,"Down in tumour"
"ENSG00000272909.1","CTD-2555O16.4","ENSG00000272909",177.657385033588,-1.24615764537349,-1.27437696747505,0.147168634179973,-8.65929737389977,4.7468100810202e-18,5.971631989475e-17,"Down in tumour"
"ENSG00000082684.14","SEMA5B","ENSG00000082684",43.3432471722294,1.11029911834776,1.13242608433398,0.130793253316815,8.65813836430045,4.79531245476863e-18,6.02243778028144e-17,"Up in tumour"
"ENSG00000135144.7","DTX1","ENSG00000135144",302.879563702264,-1.93345927788846,-2.01078932040667,0.232296699894679,-8.65612521106991,4.88072471712052e-18,6.12200567124674e-17,"Down in tumour"
"ENSG00000139187.9","KLRG1","ENSG00000139187",48.0315530648674,-1.44872933723072,-1.48721480924949,0.171843301701385,-8.65448227847634,4.95154107297054e-18,6.20683042794844e-17,"Down in tumour"
"ENSG00000251139.2","RP11-701P16.2","ENSG00000251139",60.8237582136439,-1.64330475870677,-1.69023635300117,0.195332320422258,-8.65313200266762,5.01050145902913e-18,6.27676299864326e-17,"Down in tumour"
"ENSG00000227191.8","TRGC2","ENSG00000227191",55.0710916677277,-1.75640977138309,-1.81400885121415,0.209683984549343,-8.65115595314945,5.09803782250962e-18,6.38238220246255e-17,"Down in tumour"
"ENSG00000154016.13","GRAP","ENSG00000154016",101.44727020454,-1.27292390112066,-1.3026898738914,0.150593321321489,-8.65038278231736,5.13269765937326e-18,6.42171205891118e-17,"Down in tumour"
"ENSG00000231991.4","ANXA2P2","ENSG00000231991",31.0655484530751,1.38171147116972,1.41424651380339,0.163513283650134,8.64912306959363,5.18966716068784e-18,6.48479053734182e-17,"Up in tumour"
"ENSG00000260920.2","RP1-228H13.5","ENSG00000260920",18.557093492675,1.16521079989156,1.18243341258462,0.13674578036724,8.64694624879183,5.28958703633068e-18,6.59715162004368e-17,"Up in tumour"
"ENSG00000121933.18","TMIGD3","ENSG00000121933",23.2903557625614,-1.61254240326965,-1.65734144038257,0.191718373895457,-8.64466668847455,5.3962585475545e-18,6.72595374255329e-17,"Down in tumour"
"ENSG00000034053.14","APBA2","ENSG00000034053",117.616306265143,-1.93192008175351,-2.00489047323761,0.232138792595017,-8.63660248606224,5.79094500956641e-18,7.20023775384252e-17,"Down in tumour"
"ENSG00000119535.17","CSF3R","ENSG00000119535",280.830768833677,-1.46458119910775,-1.5053702337029,0.17430135968541,-8.6365948975951,5.79132951251315e-18,7.20023775384252e-17,"Down in tumour"
"ENSG00000278965.1","RP11-39H3.2","ENSG00000278965",23.388948586591,-2.29973492437503,-2.39660956998697,0.277515025014047,-8.63596329555728,5.82342089248047e-18,7.23105205300288e-17,"Down in tumour"
"ENSG00000281398.2","SNHG4","ENSG00000281398",25.2332358703706,1.50107408043234,1.53418328522074,0.177702019716934,8.63346003418856,5.95234593740696e-18,7.3772563017593e-17,"Up in tumour"
"ENSG00000005249.12","PRKAR2B","ENSG00000005249",51.2598369108354,-1.88547663096624,-1.95261250503947,0.22627817933193,-8.62925674408563,6.17519354941471e-18,7.64866119671873e-17,"Down in tumour"
"ENSG00000274070.1","GATSL2","ENSG00000274070",53.8316266234174,1.20937187538013,1.23160996859725,0.142751034694383,8.62767804964789,6.26100233003766e-18,7.75009500427989e-17,"Up in tumour"
"ENSG00000137872.16","SEMA6D","ENSG00000137872",140.336161130994,-1.49526057230114,-1.53638494584801,0.178078604237091,-8.62756619432222,6.2671266005045e-18,7.7528273002366e-17,"Down in tumour"
"ENSG00000270385.1","GS1-21A4.2","ENSG00000270385",18.4471945631559,-2.22184731610541,-2.29445983484322,0.266010270860952,-8.62545580445868,6.38378857354362e-18,7.89221281924728e-17,"Down in tumour"
"ENSG00000205740.2","RP11-363N22.3","ENSG00000205740",28.8546741055489,1.04550822551564,1.0640377266955,0.123416876759311,8.62149289979684,6.60867840251847e-18,8.16514179906667e-17,"Up in tumour"
"ENSG00000211662.2","IGLV3-21","ENSG00000211662",712.223971769265,-2.86513982219538,-3.07726935989628,0.356980551044701,-8.62027175119395,6.67954014824695e-18,8.24754448872438e-17,"Down in tumour"
"ENSG00000214851.4","LINC00612","ENSG00000214851",41.8329213016711,-1.5023302481245,-1.54938832138167,0.179818264378046,-8.61641239137016,6.90846117636761e-18,8.50367985471668e-17,"Down in tumour"
"ENSG00000103313.12","MEFV","ENSG00000103313",64.5896934872119,-1.47180415893498,-1.51197801840085,0.175482755847006,-8.61610595926053,6.9269657970874e-18,8.52115811197955e-17,"Down in tumour"
"ENSG00000215386.11","MIR99AHG","ENSG00000215386",187.692807206596,-1.30989811250594,-1.34171014712511,0.155724140110599,-8.61594192250599,6.93689163616912e-18,8.52652034605916e-17,"Down in tumour"
"ENSG00000225778.5","PROSER2-AS1","ENSG00000225778",92.4206810154607,-1.26726011200604,-1.29635577370583,0.150462254266627,-8.61582049281687,6.94424836954851e-18,8.52652034605916e-17,"Down in tumour"
"ENSG00000282988.1","HIST1H3D","ENSG00000282988",168.274549779304,1.37259775746592,1.40643187969086,0.163280799345614,8.61357786909093,7.08150894926472e-18,8.68428169967761e-17,"Up in tumour"
"ENSG00000105928.13","DFNA5","ENSG00000105928",196.180318344176,1.0093873993458,1.02717623274496,0.119302872188147,8.60981981326528,7.31755021951172e-18,8.96819018543625e-17,"Up in tumour"
"ENSG00000120332.15","TNN","ENSG00000120332",51.539932042944,-1.66527291905574,-1.72085778150622,0.199899834111756,-8.60860034803306,7.39580016821393e-18,9.05288019353484e-17,"Down in tumour"
"ENSG00000124635.8","HIST1H2BJ","ENSG00000124635",74.8382254875648,1.583531725918,1.62679625445356,0.189034758558804,8.60580491575314,7.57830603160267e-18,9.27054457870901e-17,"Up in tumour"
"ENSG00000223723.1","BX842568.2","ENSG00000223723",39.4787326951025,-1.72400992589529,-1.79213117300367,0.208284836537736,-8.60423256341551,7.68290638119921e-18,9.39269709716343e-17,"Down in tumour"
"ENSG00000198840.2","MT-ND3","ENSG00000198840",11424.2588115814,-1.31552328449669,-1.34720053522908,0.156581024497558,-8.60385566866749,7.70819018095036e-18,9.41779063281176e-17,"Down in tumour"
"ENSG00000261716.1","RP11-196G18.22","ENSG00000261716",223.147695097446,1.13911950196256,1.16186279200592,0.135116848693229,8.59894826768664,8.04499382977831e-18,9.8232302820976e-17,"Up in tumour"
"ENSG00000211970.3","IGHV4-61","ENSG00000211970",349.511583515593,-2.68661124693639,-2.83343962217089,0.329563926393316,-8.59754176732724,8.1441744115188e-18,9.93207912059098e-17,"Down in tumour"
"ENSG00000226450.2","CYP2D8P","ENSG00000226450",37.5761419748702,-1.64763679997605,-1.69703775990651,0.197395937415369,-8.59712607121963,8.17371794214861e-18,9.96197039587115e-17,"Down in tumour"
"ENSG00000229456.1","RLIMP1","ENSG00000229456",211.030806074544,-1.50604197702238,-1.55139408035752,0.180513115017637,-8.59435659401226,8.3732625190533e-18,1.01988913870537e-16,"Down in tumour"
"ENSG00000160097.16","FNDC5","ENSG00000160097",264.396987929577,-1.86683213061462,-1.93970486182894,0.225766390627336,-8.59164580006389,8.57323292776515e-18,1.04296250362173e-16,"Down in tumour"
"ENSG00000184845.3","DRD1","ENSG00000184845",29.1047348240187,-2.38556930832937,-2.49548637456376,0.290487916384736,-8.59067187930327,8.64622222091084e-18,1.05119580109637e-16,"Down in tumour"
"ENSG00000183598.3","HIST2H3D","ENSG00000183598",38.0286819054285,1.67977231562033,1.72040235956637,0.200330539237927,8.58781874251877,8.86359559977646e-18,1.07696223269721e-16,"Up in tumour"
"ENSG00000185432.11","METTL7A","ENSG00000185432",6164.19776866056,-1.17516576258638,-1.20123315050112,0.139999814643948,-8.58024814930033,9.46686883604057e-18,1.14744479407073e-16,"Down in tumour"
"ENSG00000176020.8","AMIGO3","ENSG00000176020",61.1476249708276,-2.66715692387451,-2.81620416656357,0.328235111315406,-8.57983826068332,9.50066341175576e-18,1.15083617447296e-16,"Down in tumour"
"ENSG00000248356.1","RP11-557J10.4","ENSG00000248356",10.6195255896065,-1.34735513747176,-1.38225748933276,0.161190405889415,-8.57530869598439,9.88213822051341e-18,1.19631291619952e-16,"Down in tumour"
"ENSG00000224373.3","IGHV4-59","ENSG00000224373",765.569511667998,-2.7223544890277,-2.91220874927769,0.339876441357841,-8.56843368620408,1.04902071590309e-17,1.26682532213972e-16,"Down in tumour"
"ENSG00000127241.16","MASP1","ENSG00000127241",3288.34720891504,-1.80881414789852,-1.87075829418939,0.218394935590765,-8.56594173820437,1.07196080615574e-17,1.29216322997811e-16,"Down in tumour"
"ENSG00000167711.13","SERPINF2","ENSG00000167711",8922.77104842446,-1.89556115817175,-1.96392299450904,0.229301795130711,-8.56479554985398,1.08267780486022e-17,1.30428738841134e-16,"Down in tumour"
"ENSG00000118137.9","APOA1","ENSG00000118137",54199.5432964246,-2.51304680347781,-2.64899322818496,0.309430161377825,-8.56087595465671,1.12013174241589e-17,1.34694821249318e-16,"Down in tumour"
"ENSG00000239351.1","NPM1P29","ENSG00000239351",30.9977514538753,-1.01482010681861,-1.0338304643145,0.120800049281908,-8.55819571647588,1.14647614067353e-17,1.37611899650402e-16,"Down in tumour"
"ENSG00000095203.14","EPB41L4B","ENSG00000095203",770.291978095865,-1.47456552451609,-1.51681294992051,0.177267854841928,-8.55661592606889,1.16228954141495e-17,1.39340986633714e-16,"Down in tumour"
"ENSG00000230445.4","LRRC37A6P","ENSG00000230445",23.5315587981654,1.68884788364785,1.72379497706277,0.201484267063261,8.55548178618601,1.17377460801612e-17,1.40632692593602e-16,"Up in tumour"
"ENSG00000211454.13","AKR7L","ENSG00000211454",393.451300037155,-1.70771603409687,-1.76615677821375,0.206506719118547,-8.55253904450377,1.20409971151749e-17,1.44091569468353e-16,"Down in tumour"
"ENSG00000177602.5","GSG2","ENSG00000177602",30.8470343746236,1.72197398429374,1.76235289648469,0.206118250162379,8.55020307564378,1.2287213300202e-17,1.46949131631963e-16,"Up in tumour"
"ENSG00000120054.11","CPN1","ENSG00000120054",468.078453609235,-1.96286793200427,-2.03190731392361,0.237683228154581,-8.54880392571126,1.24370589868479e-17,1.48651394037851e-16,"Down in tumour"
"ENSG00000196616.13","ADH1B","ENSG00000196616",37122.6192839135,-2.45772366513381,-2.57760341108435,0.301539510883419,-8.54814483028363,1.25082700068657e-17,1.49412304312549e-16,"Down in tumour"
"ENSG00000197272.2","IL27","ENSG00000197272",53.8137534833239,-1.7717966421367,-1.83141495026294,0.214277391574355,-8.54693505837007,1.26400267024225e-17,1.50895083547074e-16,"Down in tumour"
"ENSG00000151631.8","AKR1C6P","ENSG00000151631",55.9399029100257,-2.30235606965762,-2.41829839729509,0.283052848538003,-8.54362854776362,1.30071677202345e-17,1.54811106847025e-16,"Down in tumour"
"ENSG00000234456.7","MAGI2-AS3","ENSG00000234456",422.092222874655,-1.69608411615775,-1.75388126522965,0.205343420445484,-8.54120994685233,1.32823637838516e-17,1.57991482195778e-16,"Down in tumour"
"ENSG00000280432.1","AP000962.1","ENSG00000280432",34.2943395939467,-1.42117195236946,-1.46311326386033,0.171348963037585,-8.53879263651801,1.35631524458057e-17,1.61234520336235e-16,"Down in tumour"
"ENSG00000173894.10","CBX2","ENSG00000173894",67.262428330287,1.60363055022576,1.6469753807321,0.192921018124878,8.53704483181825,1.37698138778015e-17,1.63396838179451e-16,"Up in tumour"
"ENSG00000125166.12","GOT2","ENSG00000125166",2487.75206293432,-1.16451305311704,-1.19042152141175,0.139463872320614,-8.53569818192837,1.39311591223753e-17,1.65212362198427e-16,"Down in tumour"
"ENSG00000160862.12","AZGP1","ENSG00000160862",9625.15022006895,-2.0529191278007,-2.13231626544238,0.24990471950858,-8.53251699141748,1.43197511264423e-17,1.69719062302798e-16,"Down in tumour"
"ENSG00000125775.14","SDCBP2","ENSG00000125775",79.0392514544037,-1.54260334133625,-1.58771881001713,0.18608417779379,-8.53226119942645,1.43514575082456e-17,1.69891386639178e-16,"Down in tumour"
"ENSG00000150722.10","PPP1R1C","ENSG00000150722",41.3457918653146,-1.7819008507315,-1.84484641119767,0.216249170781212,-8.53111438315839,1.44944633687225e-17,1.71379279245594e-16,"Down in tumour"
"ENSG00000114200.9","BCHE","ENSG00000114200",477.946457516446,-2.11025213821807,-2.20060489752511,0.257954967438946,-8.53096538273082,1.45131463598016e-17,1.71497734865405e-16,"Down in tumour"
"ENSG00000211689.7","TRGC1","ENSG00000211689",28.882490255074,-1.7110964011929,-1.76707264397606,0.207194438400303,-8.52857179767563,1.48165528975091e-17,1.74874198867262e-16,"Down in tumour"
"ENSG00000156802.12","ATAD2","ENSG00000156802",940.967163848809,1.13704156583444,1.16029792235379,0.136053736960268,8.52823265481224,1.48600452259243e-17,1.75283000689344e-16,"Up in tumour"
"ENSG00000265511.1","RP11-524F11.1","ENSG00000265511",16.3783602992454,-1.50340506878518,-1.54862613330475,0.181680315742952,-8.52390710007243,1.54259369905643e-17,1.8163329616552e-16,"Down in tumour"
"ENSG00000117480.15","FAAH","ENSG00000117480",473.171803671429,-1.19678575332768,-1.22381744638666,0.143657319380984,-8.51900516910702,1.60929662397853e-17,1.89037436667105e-16,"Down in tumour"
"ENSG00000272625.1","RP11-737O24.5","ENSG00000272625",46.4867644754919,-1.33557875842539,-1.36866364711382,0.160669254122335,-8.51851621886356,1.61610408700461e-17,1.89724485136906e-16,"Down in tumour"
"ENSG00000158373.8","HIST1H2BD","ENSG00000158373",489.778559822697,1.00245648931271,1.0216666004461,0.120015269004855,8.51280515319068,1.69775227257379e-17,1.98955658561593e-16,"Up in tumour"
"ENSG00000110436.11","SLC1A2","ENSG00000110436",3319.97871502247,-2.3048644445439,-2.43322399217098,0.28586859310019,-8.51168701599266,1.71420771605157e-17,2.00765167596501e-16,"Down in tumour"
"ENSG00000151006.7","PRSS53","ENSG00000151006",210.889609356229,-1.00824182774707,-1.02780290662126,0.120756955668129,-8.51133502773888,1.71942036512283e-17,2.01256577687026e-16,"Down in tumour"
"ENSG00000172345.13","STARD5","ENSG00000172345",372.097019810846,-1.03724912877143,-1.05756916809939,0.124304304131265,-8.50790465777117,1.77104729464749e-17,2.07176945052942e-16,"Down in tumour"
"ENSG00000117594.9","HSD11B1","ENSG00000117594",2604.49699601226,-2.25499027634892,-2.39287178550637,0.28128336598225,-8.50697934856685,1.78523315521106e-17,2.08713052812123e-16,"Down in tumour"
"ENSG00000136122.15","BORA","ENSG00000136122",41.5666326818702,1.01359275441218,1.03179682268349,0.121336740384017,8.50358118586318,1.83829872131189e-17,2.14790121552103e-16,"Up in tumour"
"ENSG00000258796.1","CTD-2560C21.1","ENSG00000258796",23.8085675622224,-1.56462923036443,-1.60783574587089,0.189131389790031,-8.50115756911567,1.87709371108958e-17,2.19193603679033e-16,"Down in tumour"
"ENSG00000211675.2","IGLC1","ENSG00000211675",834.426558711421,-2.67601499044475,-2.85021319288863,0.335437722202399,-8.49699662332206,1.94559093890889e-17,2.2692446348747e-16,"Down in tumour"
"ENSG00000169764.15","UGP2","ENSG00000169764",3581.65460471558,-1.09699751329394,-1.12003667867172,0.13183989202171,-8.4954307948559,1.97200123296496e-17,2.29869378115875e-16,"Down in tumour"
"ENSG00000145777.14","TSLP","ENSG00000145777",24.0991666679324,-1.84387233207655,-1.90771901868468,0.224575513052568,-8.49477751493827,1.98312417266044e-17,2.30893980879224e-16,"Down in tumour"
"ENSG00000176894.9","PXMP2","ENSG00000176894",528.855066993716,-1.35174087662252,-1.38705765338496,0.163283432822733,-8.49478498465185,1.98299664189376e-17,2.30893980879224e-16,"Down in tumour"
"ENSG00000117305.14","HMGCL","ENSG00000117305",1233.50294822642,-1.09824893155631,-1.12149123961468,0.132053171463506,-8.49272476522551,2.01847931044056e-17,2.34734200890423e-16,"Down in tumour"
"ENSG00000099365.10","STX1B","ENSG00000099365",130.728458144415,-1.15596300947551,-1.18145921589483,0.139126821657466,-8.49195864477963,2.03183319430532e-17,2.36148411126748e-16,"Down in tumour"
"ENSG00000170153.10","RNF150","ENSG00000170153",99.5994662534808,-2.07858540987037,-2.17409542023475,0.2560358339342,-8.49137164446082,2.04212386646085e-17,2.37205150756218e-16,"Down in tumour"
"ENSG00000162894.11","FCMR","ENSG00000162894",113.770993365257,-1.78405043632902,-1.84847460490081,0.217700170975094,-8.49091939901271,2.05008721417671e-17,2.37990476423458e-16,"Down in tumour"
"ENSG00000188610.12","FAM72B","ENSG00000188610",24.9615230581659,1.58854134277472,1.63059601554472,0.192246485968177,8.48179880809177,2.21738753852579e-17,2.56959903688765e-16,"Up in tumour"
"ENSG00000203506.5","RBMS3-AS2","ENSG00000203506",27.106196669224,-1.42216545613099,-1.46029472194514,0.172233257228549,-8.47858738459182,2.27944510973667e-17,2.6384243892993e-16,"Down in tumour"
"ENSG00000244968.6","LIFR-AS1","ENSG00000244968",16.7278183210471,-1.98044130333698,-2.04609504822105,0.241443097207909,-8.47444003113965,2.36212976970085e-17,2.73093659647716e-16,"Down in tumour"
"ENSG00000239951.1","IGKV3-20","ENSG00000239951",1155.39236772718,-2.66197400235489,-2.83329318061916,0.334371681453094,-8.47348426250211,2.38160028498026e-17,2.75183972216078e-16,"Down in tumour"
"ENSG00000165490.12","DDIAS","ENSG00000165490",30.6359269951772,1.45926632287997,1.49422095495829,0.176350792043191,8.47300393520393,2.39144500815369e-17,2.76142368230222e-16,"Up in tumour"
"ENSG00000274012.1","RN7SL2","ENSG00000274012",2486450.28577495,-1.3037758818465,-1.33686513865096,0.157780484165158,-8.47294356919067,2.39268509834199e-17,2.76142368230222e-16,"Down in tumour"
"ENSG00000131153.8","GINS2","ENSG00000131153",41.6322058106107,1.11036130494535,1.13320132246791,0.133753533926472,8.47230939775289,2.40575119319216e-17,2.77488539433872e-16,"Up in tumour"
"ENSG00000211965.4","IGHV3-49","ENSG00000211965",93.574204670431,-2.75765548336873,-2.91395163999597,0.343946611760354,-8.4721045079702,2.40998764862227e-17,2.77815291375542e-16,"Down in tumour"
"ENSG00000144331.18","ZNF385B","ENSG00000144331",229.026572291043,-1.73031659790353,-1.78653759264564,0.210989617048323,-8.46741947608001,2.5088925248919e-17,2.8871226596038e-16,"Down in tumour"
"ENSG00000117228.9","GBP1","ENSG00000117228",2132.15996954814,-1.22462285123323,-1.25432086461438,0.148161170210075,-8.46592169079051,2.5413488062422e-17,2.92277262765554e-16,"Down in tumour"
"ENSG00000015520.14","NPC1L1","ENSG00000015520",634.276194900319,-2.36146041806343,-2.52157441082949,0.297876119042902,-8.46517813825255,2.55761474583379e-17,2.93977169943601e-16,"Down in tumour"
"ENSG00000185267.9","CDNF","ENSG00000185267",40.0555045938648,-1.18670313035944,-1.21380166097506,0.143405510545624,-8.46412147174001,2.58090720128682e-17,2.96310302987646e-16,"Down in tumour"
"ENSG00000009724.16","MASP2","ENSG00000009724",1412.72940965643,-1.82722414734936,-1.90294726403529,0.224879057312035,-8.46209196525944,2.62623281672603e-17,3.0099030770966e-16,"Down in tumour"
"ENSG00000172965.14","MIR4435-2HG","ENSG00000172965",239.322508279217,1.02940985603261,1.04901360473676,0.123999626321587,8.45981262892033,2.67807467734901e-17,3.0675423662482e-16,"Up in tumour"
"ENSG00000140092.14","FBLN5","ENSG00000140092",328.359561624783,-1.74563890810381,-1.80679094458317,0.213593843751174,-8.45900290407244,2.69673326479527e-17,3.08534343988976e-16,"Down in tumour"
"ENSG00000185436.11","IFNLR1","ENSG00000185436",288.199359003111,-1.28480063131667,-1.31705328226538,0.155700314603261,-8.45889930037299,2.69912985299888e-17,3.08630139690392e-16,"Down in tumour"
"ENSG00000248441.6","LINC01197","ENSG00000248441",29.3777499181404,-1.460785029285,-1.50011971109545,0.177424096139117,-8.45499424113858,2.79101125586865e-17,3.18951996463096e-16,"Down in tumour"
"ENSG00000187951.10","ARHGAP11B","ENSG00000187951",115.208693209871,1.21038051212812,1.24201767244748,0.146925073558499,8.45340854604341,2.82919557231007e-17,3.23109575131092e-16,"Up in tumour"
"ENSG00000137204.14","SLC22A7","ENSG00000137204",2965.32325988469,-2.50604990797941,-2.64293286930238,0.313056034738802,-8.44236358997999,3.10984245164049e-17,3.53550325360828e-16,"Down in tumour"
"ENSG00000135917.13","SLC19A3","ENSG00000135917",375.630021337052,-1.56799030858111,-1.62176746565994,0.192170502565294,-8.43921124215675,3.19486238408707e-17,3.63007526798137e-16,"Down in tumour"
"ENSG00000274536.6","RP6-159A1.4","ENSG00000274536",15.0408428369731,-1.50367196194466,-1.55038036135436,0.183720904764476,-8.43878035187069,3.20666037154443e-17,3.64139005932179e-16,"Down in tumour"
"ENSG00000229896.2","RP11-456H18.2","ENSG00000229896",18.4487748583233,-1.67701615096269,-1.73119153941797,0.205155985907121,-8.43841592904687,3.21667198582488e-17,3.65066448482981e-16,"Down in tumour"
"ENSG00000150907.7","FOXO1","ENSG00000150907",1280.44662603208,-1.0508044047821,-1.0720125049561,0.127078262197101,-8.43584485986582,3.28818730987496e-17,3.72328898308667e-16,"Down in tumour"
"ENSG00000240864.3","IGKV1-16","ENSG00000240864",192.267555799826,-2.88783552307205,-3.0882783321784,0.366252586457404,-8.43209972126046,3.39517465337136e-17,3.83784648282007e-16,"Down in tumour"
"ENSG00000104267.9","CA2","ENSG00000104267",653.821856071592,-1.3840705596391,-1.42198396719314,0.168638872582766,-8.43212448835153,3.39445597512586e-17,3.83784648282007e-16,"Down in tumour"
"ENSG00000266850.1","RP11-370A5.1","ENSG00000266850",14.1749921304116,-1.43894528207468,-1.47481748722273,0.1749966294384,-8.4276908187073,3.52553084600231e-17,3.98292420290661e-16,"Down in tumour"
"ENSG00000187800.13","PEAR1","ENSG00000187800",161.634651237559,-1.10175559964955,-1.12529881405941,0.13358711133532,-8.42370796711651,3.64752759577313e-17,4.11604981203749e-16,"Down in tumour"
"ENSG00000178568.14","ERBB4","ENSG00000178568",21.8341415098971,-2.65506993641471,-2.78673614976761,0.330842385851031,-8.42315334717239,3.66484292032762e-17,4.13323281607092e-16,"Down in tumour"
"ENSG00000162461.7","SLC25A34","ENSG00000162461",82.0828467613631,-1.20628037963766,-1.23460542718769,0.146746894264504,-8.41316222312939,3.99102398960946e-17,4.48851290232253e-16,"Down in tumour"
"ENSG00000158104.11","HPD","ENSG00000158104",10686.3983740584,-2.60315792954137,-2.79023351286005,0.331716199346761,-8.41150814568229,4.0477206309792e-17,4.54690887905626e-16,"Down in tumour"
"ENSG00000211950.2","IGHV1-24","ENSG00000211950",356.834553527484,-2.85520425991319,-3.05528263948775,0.363423427883629,-8.40695014429855,4.20809845051097e-17,4.72438415376992e-16,"Down in tumour"
"ENSG00000260413.1","RP11-231C14.6","ENSG00000260413",43.9962734936502,-2.09977046142138,-2.20290056933928,0.262047413112338,-8.40649614959148,4.22441188634331e-17,4.74001045727852e-16,"Down in tumour"
"ENSG00000136689.18","IL1RN","ENSG00000136689",514.459159308982,-1.31799558680694,-1.35361129398086,0.161035714334592,-8.40565895319585,4.25465869769197e-17,4.77124417016528e-16,"Down in tumour"
"ENSG00000130600.17","H19","ENSG00000130600",16409.5225498351,-2.31632046309374,-2.5075534716071,0.2983351135437,-8.4051570122663,4.27289549612832e-17,4.78627167826077e-16,"Down in tumour"
"ENSG00000187889.12","C1orf168","ENSG00000187889",675.185328306646,-1.8195325631869,-1.8845022257405,0.224211471743901,-8.40502143393012,4.27783461613278e-17,4.78909392291381e-16,"Down in tumour"
"ENSG00000272894.5","RP5-1159O4.1","ENSG00000272894",20.3503568734989,-1.02990369013765,-1.04940672881066,0.124895832840727,-8.40225574338342,4.3798268836919e-17,4.89496970688389e-16,"Down in tumour"
"ENSG00000171236.9","LRG1","ENSG00000171236",3298.97193566181,-1.7085214434106,-1.76725786724144,0.210370552833723,-8.40069032208268,4.43861517824764e-17,4.95787303741848e-16,"Down in tumour"
"ENSG00000224650.2","IGHV3-74","ENSG00000224650",278.159893102497,-2.65687286235379,-2.86363026169584,0.340904931606932,-8.40008458721167,4.461571393168e-17,4.9807040375056e-16,"Down in tumour"
"ENSG00000197540.7","GZMM","ENSG00000197540",16.5955730824305,-1.73546889306055,-1.79046977172153,0.213315256852244,-8.39353826886242,4.71726018902369e-17,5.25133469748852e-16,"Down in tumour"
"ENSG00000047457.13","CP","ENSG00000047457",25515.2191780634,-1.76809423143398,-1.8405362919986,0.219293133590664,-8.39304114024005,4.73725741219074e-17,5.27063158850429e-16,"Down in tumour"
"ENSG00000085265.10","FCN1","ENSG00000085265",109.277964081289,-1.47407010079364,-1.51815446717755,0.18089719245739,-8.39236058091474,4.76476886597019e-17,5.29826236877236e-16,"Down in tumour"
"ENSG00000254709.7","IGLL5","ENSG00000254709",530.367944776442,-2.69047908967917,-2.86427601169566,0.341356894676822,-8.39085442937193,4.82621625095482e-17,5.36357654436545e-16,"Down in tumour"
"ENSG00000165238.16","WNK2","ENSG00000165238",281.047179089865,-2.44663935450903,-2.62243265545297,0.312557029367368,-8.39025332676381,4.8509574406243e-17,5.38804717296728e-16,"Down in tumour"
"ENSG00000092068.19","SLC7A8","ENSG00000092068",207.016060862698,-1.35371504391829,-1.39036435399936,0.165720158466429,-8.3898323949588,4.86835729253385e-17,5.40131142887457e-16,"Down in tumour"
"ENSG00000148803.11","FUOM","ENSG00000148803",527.082206891236,-1.11879636854384,-1.14410397717351,0.136367082379048,-8.3898838137003,4.86622852502451e-17,5.40131142887457e-16,"Down in tumour"
"ENSG00000168237.17","GLYCTK","ENSG00000168237",2977.54808346891,-1.23473251269254,-1.26690832183733,0.151072227607878,-8.38611002100073,5.02493092641993e-17,5.56878263306997e-16,"Down in tumour"
"ENSG00000131910.4","NR0B2","ENSG00000131910",444.897314178753,-1.88342783644191,-1.95698769782741,0.233518807002147,-8.38042863849258,5.2735298070411e-17,5.82797182974676e-16,"Down in tumour"
"ENSG00000284428.1","RP11-15H20.6","ENSG00000284428",480.550105956977,-1.17657467805114,-1.20433755576046,0.143769489971731,-8.37686463238664,5.43563044355815e-17,5.99706986451206e-16,"Down in tumour"
"ENSG00000184925.11","LCN12","ENSG00000184925",167.129653026207,-1.47301261555772,-1.51647984065049,0.181118926788818,-8.37284025218795,5.62458302269297e-17,6.19862871760367e-16,"Down in tumour"
"ENSG00000134871.17","COL4A2","ENSG00000134871",3335.99141722867,1.14789709707423,1.17332997850754,0.140141263786376,8.37248035879069,5.64179297597266e-17,6.21413513485959e-16,"Up in tumour"
"ENSG00000161132.6","XXbac-B444P24.10","ENSG00000161132",32.2422081004927,-2.72787923654524,-2.89256825101899,0.345619329135641,-8.36923171586789,5.79951080580419e-17,6.38075138295066e-16,"Down in tumour"
"ENSG00000206680.1","SNORD21","ENSG00000206680",69.3415282139675,-1.43420605608178,-1.47527056813019,0.17632578266325,-8.3667319994132,5.92382228205507e-17,6.51028397716358e-16,"Down in tumour"
"ENSG00000211899.9","IGHM","ENSG00000211899",1044.00034320247,-2.3102109867504,-2.4602476780156,0.294087955245653,-8.36568663942915,5.97658424276402e-17,6.56462441270967e-16,"Down in tumour"
"ENSG00000033122.18","LRRC7","ENSG00000033122",47.6242884282458,-1.59735299279184,-1.65954671167183,0.198415944578972,-8.36397858646541,6.06379305600472e-17,6.65671968704944e-16,"Down in tumour"
"ENSG00000206172.8","HBA1","ENSG00000206172",146.178382014028,-1.83216791922018,-1.89770379556669,0.226891995213155,-8.36390809549666,6.06741898473434e-17,6.65700798031302e-16,"Down in tumour"
"ENSG00000213160.9","KLHL23","ENSG00000213160",185.036080972801,1.07686927072808,1.09839368795796,0.131329451911629,8.36365089452335,6.08066708538945e-17,6.66784729202845e-16,"Up in tumour"
"ENSG00000129595.12","EPB41L4A","ENSG00000129595",188.292790803187,-1.25846944195428,-1.29016363826775,0.154276056320159,-8.3626952168803,6.13014327103775e-17,6.71837905668052e-16,"Down in tumour"
"ENSG00000150637.8","CD226","ENSG00000150637",170.705521063293,-1.47619206420819,-1.52158338744995,0.181955855065587,-8.36237661547897,6.14672559923688e-17,6.73282455925267e-16,"Down in tumour"
"ENSG00000148057.15","IDNK","ENSG00000148057",123.389383708908,-1.10928675652288,-1.13449886507499,0.135734374979347,-8.35822808516713,6.36672637382277e-17,6.96224392912012e-16,"Down in tumour"
"ENSG00000202252.1","SNORD14C","ENSG00000202252",49.1926072301151,-1.32709541976064,-1.36167926082104,0.16293220205297,-8.35733663243776,6.41500513142649e-17,7.00729561624308e-16,"Down in tumour"
"ENSG00000227258.5","SMIM2-AS1","ENSG00000227258",37.4689830259009,-1.55618340242811,-1.60865940413009,0.192487988553841,-8.35719369408926,6.42277981618143e-17,7.01191841708102e-16,"Down in tumour"
"ENSG00000163536.12","SERPINI1","ENSG00000163536",46.7943820157254,1.39476086508335,1.42782061097798,0.170934220218248,8.35304135798527,6.65273428226378e-17,7.25201380827872e-16,"Up in tumour"
"ENSG00000115607.9","IL18RAP","ENSG00000115607",42.1452707755043,-1.56869959977967,-1.61823728512327,0.193767626623129,-8.3514326584114,6.74398923399767e-17,7.34638298891117e-16,"Down in tumour"
"ENSG00000008311.14","AASS","ENSG00000008311",2665.53648884406,-1.64907377746464,-1.70813790998682,0.204578281306333,-8.34955645867939,6.85197872694086e-17,7.45581170656077e-16,"Down in tumour"
"ENSG00000175544.13","CABP4","ENSG00000175544",36.8582223535431,-1.43327694149546,-1.47282187238311,0.176447991151514,-8.34705945231427,6.99834947525826e-17,7.60671780141608e-16,"Down in tumour"
"ENSG00000167642.12","SPINT2","ENSG00000167642",179.773503410504,-1.74029704901041,-1.80563937152506,0.216425161711067,-8.34301962511935,7.24171423079944e-17,7.86691820912257e-16,"Down in tumour"
"ENSG00000149557.12","FEZ1","ENSG00000149557",63.8404109970248,-1.35291378262393,-1.39238555594503,0.16691375738975,-8.34194603081013,7.30778066679687e-17,7.9343336663692e-16,"Down in tumour"
"ENSG00000184313.19","MROH7","ENSG00000184313",88.744414447758,-1.57948696922243,-1.63100738754769,0.195575695983637,-8.33951979229646,7.45928305925529e-17,8.09438539428947e-16,"Down in tumour"
"ENSG00000117877.10","CD3EAP","ENSG00000117877",101.806095326997,1.07869866379433,1.10059618071551,0.132017490806949,8.33674518420385,7.63633798903718e-17,8.28197467490482e-16,"Up in tumour"
"ENSG00000235568.6","NFAM1","ENSG00000235568",214.157342352365,-1.4304956975698,-1.47238618038224,0.176627162138512,-8.33612544387473,7.67644795130892e-17,8.32091644579723e-16,"Down in tumour"
"ENSG00000146966.12","DENND2A","ENSG00000146966",137.868748554342,-1.199899234429,-1.22824007854976,0.147402373861397,-8.33256647348623,7.91084146047236e-17,8.56092318354999e-16,"Down in tumour"
"ENSG00000241351.3","IGKV3-11","ENSG00000241351",512.135554942141,-2.61877401958594,-2.7870263151769,0.334534809287393,-8.33105027579541,8.01282914515353e-17,8.65709209989213e-16,"Down in tumour"
"ENSG00000214548.14","MEG3","ENSG00000214548",1715.43816737471,-1.65881644925511,-1.71881697044208,0.206407496769885,-8.32729914048769,8.27075655786251e-17,8.93088295416108e-16,"Down in tumour"
"ENSG00000263264.1","CTB-133G6.1","ENSG00000263264",46.2596768849126,-1.86304328558085,-1.93821491053032,0.232873523099969,-8.32303683445487,8.57377881578126e-17,9.24800022347458e-16,"Down in tumour"
"ENSG00000053747.15","LAMA3","ENSG00000053747",658.603570579496,1.48168442098876,1.52515649118335,0.183280171492554,8.32144840744711,8.6894840076339e-17,9.36259972580826e-16,"Up in tumour"
"ENSG00000243055.1","GK-AS1","ENSG00000243055",44.4678116609379,-1.33339476447684,-1.373352207135,0.165065812611664,-8.32002814759691,8.79424254624385e-17,9.47031788453779e-16,"Down in tumour"
"ENSG00000100003.17","SEC14L2","ENSG00000100003",2130.41542922444,-1.4835228514698,-1.53123449371217,0.184078538532731,-8.31837598189047,8.9176743078371e-17,9.59280041168585e-16,"Down in tumour"
"ENSG00000162881.6","OXER1","ENSG00000162881",347.943004175615,-1.37066454864184,-1.40994540207762,0.169508188977549,-8.31786010211202,8.95656405224343e-17,9.62940099326748e-16,"Down in tumour"
"ENSG00000162804.13","SNED1","ENSG00000162804",1048.85805050951,-1.09441968115611,-1.11842265824089,0.134579704274367,-8.31048533113704,9.53114470269528e-17,1.02360253445712e-15,"Down in tumour"
"ENSG00000177335.10","C8orf31","ENSG00000177335",17.9710941881576,-1.81942877400682,-1.88701144775098,0.227086653772878,-8.30965367801087,9.59817801962368e-17,1.03024261140136e-15,"Down in tumour"
"ENSG00000237940.3","LINC01238","ENSG00000237940",67.4034392724576,-1.41846578475914,-1.45923972766621,0.175628121299915,-8.30869064057407,9.6763822605988e-17,1.03807389747443e-15,"Down in tumour"
"ENSG00000182919.14","C11orf54","ENSG00000182919",1333.34637497352,-1.11083043117054,-1.13460973588554,0.136569437790606,-8.30793297710704,9.73835027357236e-17,1.04302579526416e-15,"Down in tumour"
"ENSG00000225354.1","RPL7AP52","ENSG00000225354",31.5534860702735,-1.91620581638517,-1.991444026124,0.23970726967473,-8.30781656654083,9.74790591477245e-17,1.04348459584149e-15,"Down in tumour"
"ENSG00000124568.10","SLC17A1","ENSG00000124568",292.682445724791,-1.93135324314936,-2.01125220770401,0.242259418274639,-8.30205992414273,1.02321571434636e-16,1.09473019643554e-15,"Down in tumour"
"ENSG00000225968.7","ELFN1","ENSG00000225968",253.437333167068,-1.79620863173443,-1.87460711848886,0.225812364252921,-8.30161415071677,1.02706303560829e-16,1.09825276411642e-15,"Down in tumour"
"ENSG00000280191.3","LINC01669","ENSG00000280191",45.4732422409603,-1.90425543593986,-1.98141722045764,0.238681295611639,-8.30151862289885,1.02788935834207e-16,1.09854287633178e-15,"Down in tumour"
"ENSG00000134294.13","SLC38A2","ENSG00000134294",6371.24955960144,-1.0095347978771,-1.02996016238651,0.124094700500442,-8.2997916771058,1.04294111978897e-16,1.11402771635095e-15,"Down in tumour"
"ENSG00000089692.8","LAG3","ENSG00000089692",100.823200633469,-1.50259697078797,-1.55087906834298,0.186870979893903,-8.29919696050985,1.04817471187389e-16,1.11841089337574e-15,"Down in tumour"
"ENSG00000168621.14","GDNF","ENSG00000168621",35.748657992893,-2.38711863889654,-2.5121073379659,0.302710815109944,-8.29870362264231,1.05253580107327e-16,1.12245911156483e-15,"Down in tumour"
"ENSG00000118946.11","PCDH17","ENSG00000118946",166.412875079865,1.10060197029893,1.12352289819749,0.135454806885955,8.29444834057041,1.09090272972949e-16,1.1614974572101e-15,"Up in tumour"
"ENSG00000244457.2","ENO1P1","ENSG00000244457",23.3774675379752,1.0614006788984,1.08062188651492,0.130314434675707,8.29241894195448,1.10968288020827e-16,1.18022317291576e-15,"Up in tumour"
"ENSG00000166035.10","LIPC","ENSG00000166035",776.078723581853,-1.60844804996477,-1.66231272398703,0.20049843191948,-8.29090137051352,1.12393454723666e-16,1.19473880201156e-15,"Down in tumour"
"ENSG00000243696.4","RP5-966M1.6","ENSG00000243696",4405.73861386347,-1.56437256667545,-1.61636171949368,0.19499869535995,-8.28908991678134,1.1411825300576e-16,1.21242221242244e-15,"Down in tumour"
"ENSG00000125257.13","ABCC4","ENSG00000125257",239.941238603185,1.15264982105509,1.17549356778166,0.141847333788789,8.28703322356398,1.16108212206058e-16,1.23224120332146e-15,"Up in tumour"
"ENSG00000133488.14","SEC14L4","ENSG00000133488",395.697273917111,-2.04960401772484,-2.13695483020832,0.257906434844296,-8.28577554297336,1.17341902508829e-16,1.2440001480221e-15,"Down in tumour"
"ENSG00000197658.9","SLC22A24","ENSG00000197658",12.1660079372992,-1.69785983475534,-1.74944272409387,0.211161901350707,-8.28484074496145,1.18267234387533e-16,1.25313884916084e-15,"Down in tumour"
"ENSG00000211668.2","IGLV2-11","ENSG00000211668",138.156131159592,-2.67357589668653,-2.87971176999557,0.34769955875263,-8.28218413715139,1.20936399669026e-16,1.28073523737241e-15,"Down in tumour"
"ENSG00000140287.10","HDC","ENSG00000140287",25.9057839698958,-1.70547454247408,-1.77240345138149,0.214003791633355,-8.28211237685956,1.21009317008654e-16,1.28082214521512e-15,"Down in tumour"
"ENSG00000182492.15","BGN","ENSG00000182492",2162.93657137126,-1.68890000441655,-1.75437085131228,0.211835188770556,-8.28177254918909,1.21355213137606e-16,1.28379675768714e-15,"Down in tumour"
"ENSG00000270422.1","AL133247.3","ENSG00000270422",15.5002630482515,-2.31689844313987,-2.34043236468391,0.282721433727158,-8.27822756071107,1.2502214340219e-16,1.32188209634591e-15,"Down in tumour"
"ENSG00000167895.14","TMC8","ENSG00000167895",500.012599417296,-1.59088129029355,-1.64610756690394,0.198862662303875,-8.27761002409079,1.25672001949207e-16,1.32804374510446e-15,"Down in tumour"
"ENSG00000283342.1","NBPF13P","ENSG00000283342",88.7928808141487,-2.22803362373265,-2.34193531676497,0.28295772539778,-8.27662617612823,1.26714231106764e-16,1.33834299695634e-15,"Down in tumour"
"ENSG00000241651.4","RP11-214O14.1","ENSG00000241651",17.0156719450894,-1.15206544804823,-1.17292455434786,0.141763266793022,-8.27382565936748,1.29727812057383e-16,1.36944137816095e-15,"Down in tumour"
"ENSG00000163683.11","SMIM14","ENSG00000163683",2734.71572021394,-1.05280364072124,-1.075345227231,0.129980039044532,-8.27315667186856,1.30458088857133e-16,1.37641628611367e-15,"Down in tumour"
"ENSG00000153291.15","SLC25A27","ENSG00000153291",438.166127622423,-1.24421292749049,-1.27585610082733,0.154219921709313,-8.2729655590941,1.3066745377139e-16,1.37789073654615e-15,"Down in tumour"
"ENSG00000121361.3","KCNJ8","ENSG00000121361",447.036216679222,-1.50556785121026,-1.55375334151508,0.187885367143667,-8.2696878694497,1.34310175790847e-16,1.41554915305018e-15,"Down in tumour"
"ENSG00000203942.4","C10orf62","ENSG00000203942",33.133694764968,-1.74224385459065,-1.80406748570796,0.218196885095203,-8.26807167719565,1.36143038276045e-16,1.4341027975507e-15,"Down in tumour"
"ENSG00000182230.11","FAM153B","ENSG00000182230",38.5200443343075,-2.07926451948845,-2.1780063640508,0.263484477332428,-8.26616575709277,1.38336177996116e-16,1.45518608885625e-15,"Down in tumour"
"ENSG00000240002.1","YBX1P3","ENSG00000240002",12.0265340876429,-1.03046815308126,-1.05259433259398,0.127338059450019,-8.26614083126604,1.38365089639138e-16,1.45518608885625e-15,"Down in tumour"
"ENSG00000152154.10","TMEM178A","ENSG00000152154",64.0668992075783,-1.49374822581181,-1.54559635175461,0.186989159454828,-8.26570030188297,1.38877046992446e-16,1.45979468461046e-15,"Down in tumour"
"ENSG00000176890.15","TYMS","ENSG00000176890",151.09630425108,1.19546868016469,1.22328533731258,0.148045417622796,8.26290578226054,1.42168452818762e-16,1.49280646506194e-15,"Up in tumour"
"ENSG00000283563.1","RP11-9J18.1","ENSG00000283563",39.909421303782,-1.40063361178286,-1.43864309557392,0.174118274750289,-8.26244745209622,1.42715569996421e-16,1.4977567746231e-15,"Down in tumour"
"ENSG00000224570.1","RP11-430H12.2","ENSG00000224570",307.912846630854,-1.95436967082912,-2.04303198926039,0.247628682739745,-8.2503850792099,1.57884941613626e-16,1.65432326593886e-15,"Down in tumour"
"ENSG00000180113.15","TDRD6","ENSG00000180113",155.337434316294,-1.15766405212318,-1.18489912237944,0.143770999113906,-8.2415725680579,1.69961797389075e-16,1.77616359858604e-15,"Down in tumour"
"ENSG00000050555.17","LAMC3","ENSG00000050555",308.167166348347,-1.73040357046837,-1.79842586289687,0.218235076411713,-8.24077363028496,1.71100679958346e-16,1.78712177225094e-15,"Down in tumour"
"ENSG00000172568.4","FNDC9","ENSG00000172568",61.4160487216106,-1.53801528186861,-1.59075170094575,0.193067150023295,-8.23937008835431,1.73119669990125e-16,1.80725613297181e-15,"Down in tumour"
"ENSG00000231749.3","ABCA9-AS1","ENSG00000231749",18.781557932063,-1.71998683257,-1.77154508657679,0.215011603692847,-8.23929990823897,1.73221238085359e-16,1.80736318683369e-15,"Down in tumour"
"ENSG00000138615.5","CILP","ENSG00000138615",72.3576588944171,-1.57146975840266,-1.62217833898784,0.196944427061408,-8.23673136220322,1.76979259554049e-16,1.84462900703175e-15,"Down in tumour"
"ENSG00000118785.13","SPP1","ENSG00000118785",3111.55646227824,2.2727528542517,2.38199831162338,0.289232585757365,8.23558073647215,1.78688691983763e-16,1.86050196223456e-15,"Up in tumour"
"ENSG00000167676.4","PLIN4","ENSG00000167676",2124.54336211451,-1.56653779054953,-1.61924689086499,0.196616017173795,-8.23557975662629,1.78690154610615e-16,1.86050196223456e-15,"Down in tumour"
"ENSG00000211896.7","IGHG1","ENSG00000211896",31633.572119257,-2.59036632306651,-2.78405498600908,0.338128131944241,-8.23372775876626,1.81475852181538e-16,1.88752051614775e-15,"Down in tumour"
"ENSG00000237413.5","MGC27382","ENSG00000237413",56.8263379275544,-1.65699654462992,-1.71521767499697,0.208682721367221,-8.21926062569736,2.04761622788813e-16,2.12413354290303e-15,"Down in tumour"
"ENSG00000072163.19","LIMS2","ENSG00000072163",510.112632439501,-1.244524232618,-1.27805912211902,0.155529600395609,-8.21746547839201,2.07849041682048e-16,2.1539037078601e-15,"Down in tumour"
"ENSG00000163629.12","PTPN13","ENSG00000163629",203.55679275012,-1.77342883650683,-1.8451194903532,0.224571466845245,-8.21617953639985,2.10088860737847e-16,2.17597531166102e-15,"Down in tumour"
"ENSG00000103154.9","NECAB2","ENSG00000103154",211.029084431474,-1.96852464645119,-2.05901519023644,0.250607412921688,-8.21609850335859,2.10230796113333e-16,2.17630656248494e-15,"Down in tumour"
"ENSG00000105852.10","PON3","ENSG00000105852",1718.25135682391,-1.70349622285759,-1.76530078836546,0.214894328876331,-8.21473883278402,2.12626508572021e-16,2.19995634300367e-15,"Down in tumour"
"ENSG00000272196.2","HIST2H2AA4","ENSG00000272196",656.006461995864,1.18219045149322,1.20992732766524,0.147289573002813,8.21461630309798,2.1284372074834e-16,2.20105316863735e-15,"Up in tumour"
"ENSG00000205959.3","RP11-689P11.2","ENSG00000205959",31.7944081651063,-1.12096089337372,-1.14596755355504,0.139552311450848,-8.21174183100986,2.18002612416803e-16,2.25204890791533e-15,"Down in tumour"
"ENSG00000134343.12","ANO3","ENSG00000134343",25.6524561847005,-2.02088227727619,-2.11741493287926,0.257947051568246,-8.20871927012139,2.23560243329945e-16,2.30825659688555e-15,"Down in tumour"
"ENSG00000236754.5","AC004019.13","ENSG00000236754",60.4896170130895,-1.56315561311201,-1.6229214565644,0.197737416301247,-8.2074575814823,2.25921237184406e-16,2.33141764733626e-15,"Down in tumour"
"ENSG00000124203.6","ZNF831","ENSG00000124203",256.058076321999,-1.82079537688406,-1.89993907557301,0.231621609061279,-8.20277124950959,2.34907927491233e-16,2.41751537313234e-15,"Down in tumour"
"ENSG00000092529.23","CAPN3","ENSG00000092529",441.587179446364,-1.2021968037616,-1.23384398770413,0.150418781466853,-8.20272558833371,2.34997199914446e-16,2.41751537313234e-15,"Down in tumour"
"ENSG00000281100.1","RP11-640L9.2","ENSG00000281100",21.4119526692903,-1.30288180292156,-1.33832913489909,0.163204701077818,-8.20030995468056,2.39768009001406e-16,2.46275464564859e-15,"Down in tumour"
"ENSG00000140284.10","SLC27A2","ENSG00000140284",1549.07555511101,-1.94137857806102,-2.0325685989939,0.24791976427578,-8.19849359300338,2.43418037020228e-16,2.49894875868328e-15,"Down in tumour"
"ENSG00000152672.7","CLEC4F","ENSG00000152672",21.7564176808041,-1.80271471567993,-1.87475222220476,0.228730039589771,-8.19635333237006,2.47789289499306e-16,2.54250565425597e-15,"Down in tumour"
"ENSG00000277157.1","HIST1H4D","ENSG00000277157",61.1436526078851,1.15459000218331,1.1804025759736,0.144023425678428,8.19590681455645,2.48710962776001e-16,2.55064045918414e-15,"Up in tumour"
"ENSG00000243466.1","IGKV1-5","ENSG00000243466",944.215107362419,-2.61411130432298,-2.79846853355451,0.341775564255419,-8.1880298834446,2.65536900405036e-16,2.72037881455325e-15,"Down in tumour"
"ENSG00000111913.17","FAM65B","ENSG00000111913",252.161700289867,-1.4264877642336,-1.47086726026961,0.179778139288239,-8.18156905001313,2.80171476923358e-16,2.86733921548295e-15,"Down in tumour"
"ENSG00000225683.5","PACRG-AS3","ENSG00000225683",19.4918112602836,-1.61411806362596,-1.671421154269,0.20430575758385,-8.18097920506728,2.81546495502101e-16,2.87843480654601e-15,"Down in tumour"
"ENSG00000187045.16","TMPRSS6","ENSG00000187045",1500.93648595541,-1.89195228760511,-1.97748317887764,0.241724918187177,-8.1807171296523,2.82159565530365e-16,2.8832133611474e-15,"Down in tumour"
"ENSG00000163564.14","PYHIN1","ENSG00000163564",143.702047537988,-1.81798595320451,-1.8978507363137,0.232101974902298,-8.17679701826144,2.9148843340302e-16,2.97240111403708e-15,"Down in tumour"
"ENSG00000107518.16","ATRNL1","ENSG00000107518",196.063697968533,-2.29624779306036,-2.51695767199348,0.307915095663952,-8.17419381978078,2.97850681778551e-16,3.03415262194692e-15,"Down in tumour"
"ENSG00000085831.15","TTC39A","ENSG00000085831",85.1712835241755,1.64271636894335,1.69290784422606,0.207147629600318,8.1724702691141,3.02138171164165e-16,3.07624527873061e-15,"Up in tumour"
"ENSG00000154914.16","USP43","ENSG00000154914",128.743408547324,-1.79369590606321,-1.86675819697754,0.228534394287938,-8.16839059518346,3.12530635763869e-16,3.17878667711935e-15,"Down in tumour"
"ENSG00000263731.1","RP11-498C9.15","ENSG00000263731",45.9610158514467,1.02836956458509,1.04154736344648,0.12753261560686,8.16690976257568,3.16389376230803e-16,3.21473045366339e-15,"Up in tumour"
"ENSG00000237037.9","NDUFA6-AS1","ENSG00000237037",670.106749238645,-1.27063899826564,-1.30498978274223,0.159805284434168,-8.16612408884277,3.18455705456421e-16,3.23406556085117e-15,"Down in tumour"
"ENSG00000248394.1","FOSL1P1","ENSG00000248394",34.5453631437592,-1.22642720468738,-1.25624599886766,0.153838072457229,-8.16602794615049,3.18709473280758e-16,3.23498287417746e-15,"Down in tumour"
"ENSG00000203900.2","RP11-261N11.8","ENSG00000203900",48.2393296014496,-3.10648598247939,-3.12750785805311,0.383020210131593,-8.16538599093399,3.20409024602829e-16,3.25056679854628e-15,"Down in tumour"
"ENSG00000246985.7","SOCS2-AS1","ENSG00000246985",82.7746112974186,-1.70650140029574,-1.76643125703989,0.216355255113116,-8.16449434572949,3.2278444935139e-16,3.27298801537503e-15,"Down in tumour"
"ENSG00000259513.1","CYCSP38","ENSG00000259513",19.4287513170196,-1.25160655937996,-1.2786774387914,0.15663337539412,-8.16350561030813,3.25438830109496e-16,3.29821339700832e-15,"Down in tumour"
"ENSG00000265907.1","RP11-737O24.2","ENSG00000265907",51.7704240120568,-1.4011772677329,-1.44738645676869,0.1773897900365,-8.15935605127485,3.36815418362124e-16,3.40827585666744e-15,"Down in tumour"
"ENSG00000162062.14","C16orf59","ENSG00000162062",38.4202302216468,1.42976051459569,1.47137866872364,0.180340377870681,8.15889755858635,3.38096237177794e-16,3.41948841208998e-15,"Up in tumour"
"ENSG00000163631.16","ALB","ENSG00000163631",660329.411781685,-2.13548239977205,-2.23237683998342,0.273628406449121,-8.15842502959762,3.39421290118981e-16,3.43113666768386e-15,"Down in tumour"
"ENSG00000165591.6","FAAH2","ENSG00000165591",162.647910841563,-1.28887848320268,-1.32605622631832,0.162594996104048,-8.15557832708301,3.47512920917065e-16,3.50934859373034e-15,"Down in tumour"
"ENSG00000243364.7","EFNA4","ENSG00000243364",45.3608936667601,1.09418208510027,1.12018636072648,0.137353588440998,8.15549395862834,3.47755613061517e-16,3.51000859221143e-15,"Up in tumour"
"ENSG00000278937.1","RP11-139H14.5","ENSG00000278937",26.3513103142435,-1.81445059142106,-1.8694463757931,0.229232509920587,-8.15524105390084,3.48484113685651e-16,3.51556883903164e-15,"Down in tumour"
"ENSG00000280067.1","CTD-2600H12.2","ENSG00000280067",214.836450149172,-1.03104778389132,-1.05315816687217,0.12915284523591,-8.15435513595133,3.51047912984284e-16,3.53962880371774e-15,"Down in tumour"
"ENSG00000131037.14","EPS8L1","ENSG00000131037",53.8241205119693,-1.79808701222894,-1.87006821418347,0.229347224453369,-8.15387331867925,3.52450061787426e-16,3.55195726729049e-15,"Down in tumour"
"ENSG00000155659.14","VSIG4","ENSG00000155659",256.846112704809,-1.44749550394196,-1.49363097011718,0.183205606726142,-8.15275796853683,3.55717083663546e-16,3.58305762694787e-15,"Down in tumour"
"ENSG00000211966.2","IGHV5-51","ENSG00000211966",175.585651037743,-2.55577028148017,-2.73367933053181,0.335395862829723,-8.15060539944606,3.62106881270352e-16,3.64556536163991e-15,"Down in tumour"
"ENSG00000158270.11","COLEC12","ENSG00000158270",62.1354223800033,1.78934286958356,1.85207029193354,0.227272408748571,8.14912070555148,3.66579910159756e-16,3.68872199379362e-15,"Up in tumour"
"ENSG00000170629.14","DPY19L2P2","ENSG00000170629",31.7893448554817,1.34273911773968,1.3712476269755,0.168308500089691,8.14722742015269,3.72363000240906e-16,3.74501060150826e-15,"Up in tumour"
"ENSG00000214890.3","CTD-2299I21.1","ENSG00000214890",18.4430251071445,-2.11229384597753,-2.19845055655889,0.26991347192526,-8.14501973865036,3.79220044622042e-16,3.81010271228633e-15,"Down in tumour"
"ENSG00000141753.6","IGFBP4","ENSG00000141753",6992.19438053307,-1.17436230617826,-1.20396117103402,0.147837017090054,-8.14384106722496,3.8293179447315e-16,3.84544343379353e-15,"Down in tumour"
"ENSG00000184678.10","HIST2H2BE","ENSG00000184678",538.154002491971,1.10944047453693,1.13434755603222,0.139319010241175,8.14208738684369,3.88520663042693e-16,3.89958898762882e-15,"Up in tumour"
"ENSG00000125384.6","PTGER2","ENSG00000125384",39.8016970129911,-1.46725791372707,-1.51500246019859,0.186116317505946,-8.14008401036729,3.95003717575484e-16,3.96265006688878e-15,"Down in tumour"
"ENSG00000257453.1","RP11-290L1.3","ENSG00000257453",78.111067549172,-3.67196204302064,-3.43948149591541,0.422715428611003,-8.13663581482506,4.0641288724607e-16,4.07297735557543e-15,"Down in tumour"
"ENSG00000125246.15","CLYBL","ENSG00000125246",340.101667547056,-1.09885889868093,-1.12460913693259,0.138285067989803,-8.13254209786058,4.20380135179575e-16,4.20443861324372e-15,"Down in tumour"
"ENSG00000132274.15","TRIM22","ENSG00000132274",1356.58469644165,-1.29156258112478,-1.32871025165677,0.163412337188286,-8.13102777011147,4.2566580720958e-16,4.25352598650509e-15,"Down in tumour"
"ENSG00000211663.2","IGLV3-19","ENSG00000211663",296.454800722231,-2.60081674509913,-2.79194953387553,0.343419279051506,-8.12985672087672,4.29798145163808e-16,4.29212648195119e-15,"Down in tumour"
"ENSG00000279611.1","CTD-2619J13.5","ENSG00000279611",157.888544015266,-1.7105124575561,-1.777186315732,0.218647781291618,-8.12807843387951,4.36148986005608e-16,4.35115770161744e-15,"Down in tumour"
"ENSG00000120156.20","TEK","ENSG00000120156",189.690699977882,-1.34112828498451,-1.37969582847699,0.169745706804093,-8.12801604502034,4.36373468069397e-16,4.35120405717762e-15,"Down in tumour"
"ENSG00000247317.3","RP11-273G15.2","ENSG00000247317",18.4431578319322,-1.9403441993767,-2.02545436437784,0.249210933693348,-8.1274699081628,4.3834339652323e-16,4.36864594530932e-15,"Down in tumour"
"ENSG00000109667.11","SLC2A9","ENSG00000109667",564.316303295182,-1.51307432290375,-1.56562541344251,0.192636384891267,-8.12736085307159,4.38737809241134e-16,4.37037617428775e-15,"Down in tumour"
"ENSG00000073605.18","GSDMB","ENSG00000073605",1653.56665444869,-1.08403381885399,-1.10879447553157,0.136435344869279,-8.12688586373222,4.40459756355564e-16,4.38532191023424e-15,"Down in tumour"
"ENSG00000110244.6","APOA4","ENSG00000110244",606.333139224283,-2.69291935364752,-2.92049194550296,0.359412151680292,-8.12574625495921,4.44618309597254e-16,4.42227648334595e-15,"Down in tumour"
"ENSG00000168356.11","SCN11A","ENSG00000168356",24.932559870435,-1.51794890670705,-1.58034917153214,0.194535756879234,-8.12369508250972,4.52200976885379e-16,4.49543643168875e-15,"Down in tumour"
"ENSG00000172602.9","RND1","ENSG00000172602",454.426958696096,-1.36616238738446,-1.40814161570018,0.173357988046025,-8.12273856873749,4.55780399941723e-16,4.52874571086673e-15,"Down in tumour"
"ENSG00000266258.1","LINC01909","ENSG00000266258",27.2262057025168,-1.38106322764091,-1.42019490209537,0.174849192460331,-8.12239897772232,4.57057906701612e-16,4.53916063589814e-15,"Down in tumour"
"ENSG00000181458.10","TMEM45A","ENSG00000181458",293.66293008857,-1.4129712757285,-1.45896090709449,0.179660473705857,-8.12065601854705,4.63670481821652e-16,4.60021546200298e-15,"Down in tumour"
"ENSG00000153902.13","LGI4","ENSG00000153902",82.5625686015956,-1.33227434165854,-1.37247948347848,0.169106858542728,-8.11604860563179,4.81607862316195e-16,4.76861651767106e-15,"Down in tumour"
"ENSG00000141505.11","ASGR1","ENSG00000141505",4937.58431001908,-1.670035759023,-1.72831159419972,0.213033674592792,-8.11285632425647,4.94435204472523e-16,4.88828971135097e-15,"Down in tumour"
"ENSG00000200959.1","SNORA74A","ENSG00000200959",394.096841482151,1.64147155929803,1.69569265871782,0.209012902074838,8.11286117691755,4.9441545209785e-16,4.88828971135097e-15,"Up in tumour"
"ENSG00000198727.2","MT-CYB","ENSG00000198727",44396.3650716842,-1.16780988538763,-1.19699507948749,0.147544761337698,-8.1127589257326,4.94831821973642e-16,4.88976847345197e-15,"Down in tumour"
"ENSG00000276076.4","CH507-152C13.3","ENSG00000276076",89.6790739694202,-2.37492072106876,-2.56632496962543,0.316385095332992,-8.11139654642832,5.00412554894725e-16,4.93998289228493e-15,"Down in tumour"
"ENSG00000171564.11","FGB","ENSG00000171564",67441.360335841,-2.02563526334298,-2.10960895969925,0.260103790070858,-8.11064290575905,5.03526300843297e-16,4.9657678488248e-15,"Down in tumour"
"ENSG00000172497.8","ACOT12","ENSG00000172497",706.403151686367,-2.06672540580091,-2.16848396825614,0.267435652749184,-8.10843261160047,5.12768894138988e-16,5.0543997617993e-15,"Down in tumour"
"ENSG00000236008.1","LINC01814","ENSG00000236008",71.0233667787985,-1.50362011327025,-1.55363377438012,0.191697698066905,-8.1046031853647,5.29179426558623e-16,5.21096934819643e-15,"Down in tumour"
"ENSG00000170381.12","SEMA3E","ENSG00000170381",30.5345766744424,-3.28157708217287,-3.56436207434593,0.440018713376093,-8.10047837965337,5.47434923308256e-16,5.38537745379737e-15,"Down in tumour"
"ENSG00000074706.13","IPCEF1","ENSG00000074706",110.13449404709,-1.33759872181919,-1.37739699723454,0.170054143430176,-8.09975558049307,5.50697166392173e-16,5.41208987805376e-15,"Down in tumour"
"ENSG00000055163.19","CYFIP2","ENSG00000055163",1184.2548158608,-1.25177244053892,-1.28701778325807,0.158894750438403,-8.09981311344198,5.50436800055717e-16,5.41208987805376e-15,"Down in tumour"
"ENSG00000186594.14","MIR22HG","ENSG00000186594",372.756406733525,-1.10474298301453,-1.13131869060406,0.139684874256066,-8.09907798986282,5.53772760795589e-16,5.43961501460402e-15,"Down in tumour"
"ENSG00000166292.11","TMEM100","ENSG00000166292",48.1481612459995,-1.72045450720048,-1.78367568569773,0.220265504130083,-8.09784397580628,5.59417513063221e-16,5.49233672423627e-15,"Down in tumour"
"ENSG00000213891.3","RPL3P6","ENSG00000213891",76.5198264043728,-1.19646413493328,-1.23050125911152,0.15199231581264,-8.09581229506597,5.68834796077017e-16,5.57926021741942e-15,"Down in tumour"
"ENSG00000123219.12","CENPK","ENSG00000123219",47.4785721809263,1.40069048276097,1.441760110741,0.178108103157003,8.09485972387279,5.73303795307684e-16,5.61762073057715e-15,"Up in tumour"
"ENSG00000181513.14","ACBD4","ENSG00000181513",638.395054568018,-1.08767148609165,-1.11330356845199,0.137532198146369,-8.09485766574568,5.73313488393162e-16,5.61762073057715e-15,"Down in tumour"
"ENSG00000211625.2","IGKV3D-20","ENSG00000211625",41.4383461522114,-2.75753657756149,-2.94607470154762,0.363977370292827,-8.0941150247265,5.76821640476363e-16,5.64919877780735e-15,"Down in tumour"
"ENSG00000172927.7","MYEOV","ENSG00000172927",63.6734157591534,-2.63659608480805,-2.84113980711054,0.351078544728932,-8.09260448912986,5.84022636728301e-16,5.71689418831022e-15,"Down in tumour"
"ENSG00000095585.16","BLNK","ENSG00000095585",380.594577575289,-1.11045728887565,-1.13643377599235,0.140470163615856,-8.09021465298609,5.95596747405231e-16,5.82443005009473e-15,"Down in tumour"
"ENSG00000138378.17","STAT4","ENSG00000138378",206.293000931452,-1.4397633504386,-1.48756352087163,0.183883451725809,-8.08970849149468,5.98076966999745e-16,5.84579625077825e-15,"Down in tumour"
"ENSG00000211937.3","IGHV2-5","ENSG00000211937",216.386461875308,-2.66274339331862,-2.85531747215106,0.353028546650782,-8.08806398020712,6.06205620467158e-16,5.91648315873099e-15,"Down in tumour"
"ENSG00000276043.4","UHRF1","ENSG00000276043",175.595110159508,1.49012517640386,1.53786414499712,0.190152321345622,8.08753810689425,6.08827858014833e-16,5.9391472615513e-15,"Up in tumour"
"ENSG00000128655.16","PDE11A","ENSG00000128655",272.796628798707,-1.68249807596826,-1.74686269253098,0.216114928276535,-8.0830265010464,6.31788874037878e-16,6.16009713489247e-15,"Down in tumour"
"ENSG00000187479.5","C11orf96","ENSG00000187479",224.530571875118,-1.57868960985837,-1.6359722172246,0.202398405846849,-8.08293034907848,6.32287394629667e-16,6.16192240369522e-15,"Down in tumour"
"ENSG00000253311.1","LINC01847","ENSG00000253311",82.2497453664886,-2.34571229500442,-2.47127691829976,0.305760480120176,-8.08239481220218,6.35071100499244e-16,6.18600506504997e-15,"Down in tumour"
"ENSG00000141293.15","SKAP1","ENSG00000141293",115.134923962082,-1.40567745630815,-1.45158629769666,0.17964306252466,-8.08039162379231,6.4559109556998e-16,6.28538345037709e-15,"Down in tumour"
"ENSG00000101194.17","SLC17A9","ENSG00000101194",2213.64128622038,-1.29648656247919,-1.33306990855306,0.165012836643485,-8.07858307068069,6.55236321253835e-16,6.37615167481669e-15,"Down in tumour"
"ENSG00000142675.17","CNKSR1","ENSG00000142675",44.2056724355772,-1.95313729253128,-2.04515294241224,0.253231772150946,-8.07620988883327,6.68108454728134e-16,6.49821653289138e-15,"Down in tumour"
"ENSG00000132541.10","RIDA","ENSG00000132541",2102.58305087098,-1.64752646587821,-1.71046133072654,0.211814841372895,-8.07526667933206,6.73293331887076e-16,6.54542972398865e-15,"Down in tumour"
"ENSG00000121440.14","PDZRN3","ENSG00000121440",64.0000847146549,-1.98418025403795,-2.08014965557626,0.257612601142521,-8.07472012762852,6.76315880058305e-16,6.57158577024744e-15,"Down in tumour"
"ENSG00000219607.3","PPP1R3G","ENSG00000219607",343.582250748319,-1.64653087367884,-1.70969876875615,0.211771892888928,-8.07330352216696,6.84212386388313e-16,6.64179291995286e-15,"Down in tumour"
"ENSG00000166401.14","SERPINB8","ENSG00000166401",182.932697484092,-1.24717662525753,-1.28089710247483,0.158700812522958,-8.07114394760606,6.96425505816234e-16,6.75703433167682e-15,"Down in tumour"
"ENSG00000181035.13","SLC25A42","ENSG00000181035",1028.0817626576,-1.24252988059574,-1.27631583210145,0.158155494125469,-8.07000628817175,7.02945478316561e-16,6.81695240192047e-15,"Down in tumour"
"ENSG00000215784.5","FAM72D","ENSG00000215784",30.0871173142032,1.66494796745584,1.70980203991091,0.211888063786833,8.06936459446355,7.06649541601844e-16,6.8495173246451e-15,"Up in tumour"
"ENSG00000115085.13","ZAP70","ENSG00000115085",324.964488321372,-1.65290490257348,-1.71895265592227,0.213150149898136,-8.06451535100373,7.35269670152928e-16,7.1095225116448e-15,"Down in tumour"
"ENSG00000164089.8","ETNPPL","ENSG00000164089",801.083713839053,-1.98150284541044,-2.09137869503559,0.259382746153926,-8.06290597985458,7.45018240233804e-16,7.19324196534033e-15,"Down in tumour"
"ENSG00000254979.5","RP11-872D17.8","ENSG00000254979",40.8636166149388,-1.54074770119363,-1.59159304963134,0.197413718153549,-8.06222112889541,7.49205165829931e-16,7.23014034484243e-15,"Down in tumour"
"ENSG00000113905.4","HRG","ENSG00000113905",17111.05266716,-2.49018650823904,-2.68797959590047,0.333489881149958,-8.06015338945706,7.6198773396943e-16,7.34991384915055e-15,"Down in tumour"
"ENSG00000137726.16","FXYD6","ENSG00000137726",159.52502347639,-1.2043333088005,-1.23553679711167,0.153311010935555,-8.05902191611687,7.69073106923957e-16,7.40742773982768e-15,"Down in tumour"
"ENSG00000234380.1","LINC01426","ENSG00000234380",21.9404678131637,1.86292293834657,1.89855205991339,0.235650323145927,8.05664950748958,7.84140719723928e-16,7.54521014365372e-15,"Up in tumour"
"ENSG00000166803.11","PCLAF","ENSG00000166803",33.6139922991997,1.30410771562304,1.33619538881285,0.165879901168286,8.05519764240319,7.93504858110369e-16,7.63160430348812e-15,"Up in tumour"
"ENSG00000140526.17","ABHD2","ENSG00000140526",7926.27125299796,-1.00537534445861,-1.02729977467545,0.127547457224854,-8.05425523195194,7.99642030057618e-16,7.68689397811094e-15,"Down in tumour"
"ENSG00000004776.12","HSPB6","ENSG00000004776",45.0637817950741,-1.49596336829138,-1.55808929845037,0.193463418314053,-8.05366364364083,8.03518443494936e-16,7.7204080349977e-15,"Down in tumour"
"ENSG00000165646.11","SLC18A2","ENSG00000165646",16.9884270458024,-1.4674602577744,-1.51599916583165,0.188283068845666,-8.05170202039938,8.16505032332533e-16,7.84137996358943e-15,"Down in tumour"
"ENSG00000254726.2","MEX3A","ENSG00000254726",77.5937037510054,1.48227811423633,1.52711932948238,0.189749442124945,8.04808336920858,8.41006548758685e-16,8.06494312964179e-15,"Up in tumour"
"ENSG00000167851.13","CD300A","ENSG00000167851",182.450016586192,-1.31092548082426,-1.34921515851055,0.167719687926103,-8.04446499509953,8.66230159544847e-16,8.29878680923095e-15,"Down in tumour"
"ENSG00000244575.3","IGKV1-27","ENSG00000244575",192.159444555236,-2.85037317003728,-3.08457461786182,0.383466392682476,-8.04392425704946,8.70063098707047e-16,8.33147504243279e-15,"Down in tumour"
"ENSG00000185522.8","LMNTD2","ENSG00000185522",209.766289865199,-1.1679201412154,-1.19785456022116,0.14897231751829,-8.04078623583266,8.92638584774613e-16,8.53938883926724e-15,"Down in tumour"
"ENSG00000130005.12","GAMT","ENSG00000130005",1305.33424562702,-1.4275958022723,-1.47344342697719,0.183286716888949,-8.03900823795066,9.05684924072857e-16,8.65582892427526e-15,"Down in tumour"
"ENSG00000208772.1","SNORD94","ENSG00000208772",2073.96887688389,-1.30189484149361,-1.33941721589684,0.166625424825548,-8.03849242874656,9.09504784731757e-16,8.68814102519096e-15,"Down in tumour"
"ENSG00000138792.9","ENPEP","ENSG00000138792",983.507665983358,-1.20893771536272,-1.24321396693648,0.154665731956367,-8.038069915107,9.12645560615861e-16,8.71393805174614e-15,"Down in tumour"
"ENSG00000245293.2","RP11-286E11.1","ENSG00000245293",53.3666311139363,-1.40904514030475,-1.45700319928511,0.181377923068386,-8.03296881250406,9.51418592658077e-16,9.07101551275593e-15,"Down in tumour"
"ENSG00000152495.10","CAMK4","ENSG00000152495",144.188056497075,-1.37029384779401,-1.41348298851762,0.176004394948589,-8.03095280052811,9.6718560434924e-16,9.21690162103251e-15,"Down in tumour"
"ENSG00000280003.1","RP11-330H6.6","ENSG00000280003",17.0263037380177,-1.34701732096374,-1.38766775734373,0.172890718920535,-8.02627096473317,1.00480158266109e-15,9.55696190562752e-15,"Down in tumour"
"ENSG00000213809.8","KLRK1","ENSG00000213809",178.924866618696,-1.71098404620093,-1.78388226762704,0.222321925130503,-8.02387018995044,1.02464580491034e-15,9.74102517607607e-15,"Down in tumour"
"ENSG00000105707.13","HPN","ENSG00000105707",4898.17668451525,-1.70580401909498,-1.7688359860443,0.22050094326811,-8.02189759294385,1.04123934220816e-15,9.88453251814203e-15,"Down in tumour"
"ENSG00000132938.19","MTUS2","ENSG00000132938",67.3930132121309,-2.29671587039711,-2.44212734436973,0.304441173754524,-8.02167234560348,1.04315088744509e-15,9.89793169472705e-15,"Down in tumour"
"ENSG00000041515.15","MYO16","ENSG00000041515",122.070985781997,-1.57376523760749,-1.63755176525655,0.204186883806572,-8.01986755823073,1.05859242485374e-15,1.00396357762961e-14,"Down in tumour"
"ENSG00000258752.1","RP11-356K23.1","ENSG00000258752",30.1338768363194,-1.06483204854743,-1.09266725028611,0.136265648030349,-8.01865522294179,1.06909122295883e-15,1.01343498927318e-14,"Down in tumour"
"ENSG00000105289.14","TJP3","ENSG00000105289",214.285113184844,-1.68270102424689,-1.75130242868156,0.21843065957001,-8.01765847399386,1.07779982859825e-15,1.02120114923146e-14,"Down in tumour"
"ENSG00000106268.15","NUDT1","ENSG00000106268",41.9445996231716,1.02616087580113,1.04746733627061,0.130658599842717,8.01682658111685,1.08512155680543e-15,1.02764645807894e-14,"Up in tumour"
"ENSG00000049130.14","KITLG","ENSG00000049130",140.921549863233,1.27189401345532,1.30412063912181,0.162686650505418,8.01615028074097,1.09110996065659e-15,1.03282350316958e-14,"Up in tumour"
"ENSG00000130518.16","KIAA1683","ENSG00000130518",447.010741705458,-1.07385408003819,-1.09890176750627,0.137127496409952,-8.0137229678651,1.11287229850999e-15,1.05241669395166e-14,"Down in tumour"
"ENSG00000151552.11","QDPR","ENSG00000151552",715.358903284529,-1.17855955886563,-1.21067519370517,0.151159636346731,-8.00924918162751,1.15410857036892e-15,1.09037092760439e-14,"Down in tumour"
"ENSG00000253525.1","CTD-2114J12.1","ENSG00000253525",111.251492064708,-1.45229037490012,-1.50641347811155,0.188094024117549,-8.00883220601477,1.15802778600336e-15,1.09303023215854e-14,"Down in tumour"
"ENSG00000250305.8","KIAA1456","ENSG00000250305",232.446249507714,-1.64915860724242,-1.71425868201466,0.214069340171338,-8.00795985376791,1.16626960914532e-15,1.10028476519606e-14,"Down in tumour"
"ENSG00000063854.12","HAGH","ENSG00000063854",1339.44330869086,-1.06000368354309,-1.08481465937939,0.135484955876586,-8.00690122649155,1.17634896249421e-15,1.10926512694845e-14,"Down in tumour"
"ENSG00000260549.1","MT1L","ENSG00000260549",57.8412557491729,-2.31680285910717,-2.44830642734134,0.305822566449849,-8.00564345451213,1.18843598904956e-15,1.12012921577419e-14,"Down in tumour"
"ENSG00000111319.12","SCNN1A","ENSG00000111319",103.516694897353,-1.39606122842688,-1.44437515882288,0.180438335864958,-8.00481312299323,1.19648232349532e-15,1.12717632693683e-14,"Down in tumour"
"ENSG00000163017.13","ACTG2","ENSG00000163017",43.4427910775171,2.03025585474035,2.10734443681277,0.26328335358781,8.0040929595267,1.20350451327946e-15,1.1332523706632e-14,"Up in tumour"
"ENSG00000196549.10","MME","ENSG00000196549",673.967502868128,-2.43346118680877,-2.63389300731739,0.32916203349353,-8.00181290461364,1.22600575307703e-15,1.15389119689271e-14,"Down in tumour"
"ENSG00000279050.1","PWAR1","ENSG00000279050",39.8298758076227,-1.78309368459822,-1.83836959558266,0.229750454162448,-8.00159286859479,1.22819902970471e-15,1.15540605489284e-14,"Down in tumour"
"ENSG00000158050.4","DUSP2","ENSG00000158050",143.255962233202,-1.67739111163541,-1.7459528006729,0.218227963947736,-8.00059153322366,1.23822906330146e-15,1.16428825890384e-14,"Down in tumour"
"ENSG00000005471.15","ABCB4","ENSG00000005471",3262.79214633119,-1.689689676304,-1.76253378335857,0.220323195557821,-7.99976497661147,1.24656915250961e-15,1.17047761221488e-14,"Down in tumour"
"ENSG00000106823.12","ECM2","ENSG00000106823",620.955511247494,-1.01703244056706,-1.03961334112941,0.129973049068512,-7.99868394701892,1.2575604742364e-15,1.18022259206075e-14,"Down in tumour"
"ENSG00000060982.14","BCAT1","ENSG00000060982",299.841927295801,1.48166445809553,1.52762857794707,0.191046984397249,7.99608841127074,1.28434174563244e-15,1.20478560053568e-14,"Up in tumour"
"ENSG00000176974.19","SHMT1","ENSG00000176974",2821.69816289828,-1.4150255020729,-1.46474248857052,0.183301825465737,-7.99087780412917,1.33981308499251e-15,1.25503645959569e-14,"Down in tumour"
"ENSG00000109906.13","ZBTB16","ENSG00000109906",3053.22596676551,-1.57784865230676,-1.63579497181178,0.204728131487301,-7.9900840198566,1.34846820053323e-15,1.26254640932612e-14,"Down in tumour"
"ENSG00000025423.11","HSD17B6","ENSG00000025423",3979.71201348803,-1.98423254671221,-2.08405312114679,0.260954367710406,-7.98627414989109,1.39078209652587e-15,1.300933366566e-14,"Down in tumour"
"ENSG00000173406.15","DAB1","ENSG00000173406",202.162137411151,-1.51629419746526,-1.57328766132579,0.197013716842977,-7.9856757516012,1.39754592662138e-15,1.30664272676509e-14,"Down in tumour"
"ENSG00000100842.12","EFS","ENSG00000100842",24.0308630115441,-1.61712171751923,-1.6757970194739,0.20991643056331,-7.98316270420996,1.42630698889458e-15,1.33164595430144e-14,"Down in tumour"
"ENSG00000205403.12","CFI","ENSG00000205403",4864.40798446864,-1.28303730727497,-1.32022381255154,0.165405113438299,-7.98175936104912,1.442620692753e-15,1.34624193171429e-14,"Down in tumour"
"ENSG00000074527.11","NTN4","ENSG00000074527",313.812991797087,-1.0565501530431,-1.08121614094493,0.135472212603952,-7.98109162139267,1.45044748580309e-15,1.3529079682611e-14,"Down in tumour"
"ENSG00000169031.18","COL4A3","ENSG00000169031",138.859707845919,-1.67300445542393,-1.74815547657873,0.219049291244441,-7.98064886057055,1.45566027513553e-15,1.35713065594713e-14,"Down in tumour"
"ENSG00000158077.4","NLRP14","ENSG00000158077",25.4103145917905,-1.5193637462091,-1.56966774751678,0.196793187515983,-7.97623010902907,1.50870550316593e-15,1.40592316497943e-14,"Down in tumour"
"ENSG00000167964.12","RAB26","ENSG00000167964",152.809901166355,-1.3656601350652,-1.40799930998564,0.176553953748207,-7.9748953795374,1.52509954209938e-15,1.42053154055402e-14,"Down in tumour"
"ENSG00000181192.11","DHTKD1","ENSG00000181192",2910.11564757792,-1.08717594314477,-1.1146920689588,0.139785778061619,-7.97428811726063,1.53261629863314e-15,1.42686144867572e-14,"Down in tumour"
"ENSG00000157551.17","KCNJ15","ENSG00000157551",66.6483827479471,-1.66648712601623,-1.72606781302069,0.216458574928464,-7.97412536597882,1.53463704394635e-15,1.42807103953127e-14,"Down in tumour"
"ENSG00000124374.8","PAIP2B","ENSG00000124374",433.703083309417,-1.30842594800234,-1.34688860963065,0.168911449355427,-7.97393317487026,1.53702669819792e-15,1.42962262393944e-14,"Down in tumour"
"ENSG00000203727.3","SAMD5","ENSG00000203727",309.181567980585,-1.88985344856208,-1.98691336368908,0.249398047603776,-7.96683607902872,1.62788365596246e-15,1.51128992506871e-14,"Down in tumour"
"ENSG00000244515.1","KRT18P34","ENSG00000244515",41.9438284974077,-1.1802928836951,-1.21487248783423,0.152490271693381,-7.96688519433572,1.62723706002384e-15,1.51128992506871e-14,"Down in tumour"
"ENSG00000158571.10","PFKFB1","ENSG00000158571",559.950276485552,-2.0400624785552,-2.16287835892223,0.271572097293507,-7.96428786490776,1.66177995864633e-15,1.54131259238457e-14,"Down in tumour"
"ENSG00000137491.14","SLCO2B1","ENSG00000137491",5106.44505837453,-1.20152103511101,-1.23575186067495,0.155164089045733,-7.96416147753575,1.66347913573725e-15,1.54216592663454e-14,"Down in tumour"
"ENSG00000221866.9","PLXNA4","ENSG00000221866",87.3888067423468,-1.99080388618443,-2.10822025005967,0.264796907139109,-7.96164982754925,1.69760338087461e-15,1.57306478078892e-14,"Down in tumour"
"ENSG00000231831.1","MTHFD1P1","ENSG00000231831",74.1304960710754,-1.27642262927034,-1.31921929004687,0.165715200183396,-7.96076213037121,1.70982812568666e-15,1.58291057491656e-14,"Down in tumour"
"ENSG00000178460.17","MCMDC2","ENSG00000178460",28.2623867359902,1.03691361512192,1.05777243875226,0.13287294672141,7.96078106832429,1.70956642254277e-15,1.58291057491656e-14,"Up in tumour"
"ENSG00000132465.10","JCHAIN","ENSG00000132465",465.070201707359,-2.25500843478364,-2.42373986724373,0.304577313074165,-7.95771636035657,1.752435110695e-15,1.62083869841056e-14,"Down in tumour"
"ENSG00000226252.1","RP1-18D14.7","ENSG00000226252",20.5727006377741,-1.38781965210482,-1.43433095697519,0.180263085127539,-7.95687567402044,1.76437840853579e-15,1.63112292574259e-14,"Down in tumour"
"ENSG00000232216.1","IGHV3-43","ENSG00000232216",128.342004545514,-2.47976874094568,-2.64326381631909,0.332241129601066,-7.95585970795654,1.77891885607714e-15,1.64347595234859e-14,"Down in tumour"
"ENSG00000219547.1","RPL17P25","ENSG00000219547",11.2344820712169,-1.11670340937734,-1.14303830717309,0.143712000101973,-7.95367336312925,1.81061114024398e-15,1.67074248479483e-14,"Down in tumour"
"ENSG00000081052.11","COL4A4","ENSG00000081052",304.54468985801,-1.38984048199823,-1.43643966603529,0.180627358359774,-7.9525033144436,1.82779940536522e-15,1.68503184119207e-14,"Down in tumour"
"ENSG00000162391.11","FAM151A","ENSG00000162391",84.5090713343649,-2.22870319090426,-2.35852639459207,0.296598874940316,-7.95190607201955,1.83663487312354e-15,1.69160139803324e-14,"Down in tumour"
"ENSG00000203811.1","HIST2H3C","ENSG00000203811",227.511979334592,2.21933275036666,2.33175072769531,0.293249509035739,7.95142244351083,1.84382037382159e-15,1.69742961204887e-14,"Up in tumour"
"ENSG00000240801.1","AC132217.4","ENSG00000240801",184.80447650379,-2.96714345786655,-3.17456700277345,0.39933741211234,-7.94958575501658,1.87136204818851e-15,1.72198368292864e-14,"Down in tumour"
"ENSG00000116690.12","PRG4","ENSG00000116690",1873.56580711182,-2.07113387104047,-2.20275406210803,0.277143640493991,-7.94805920201435,1.89456115867246e-15,1.74009508183777e-14,"Down in tumour"
"ENSG00000258999.1","RP11-114N19.3","ENSG00000258999",20.0059913845524,-1.20566685028061,-1.23665589669841,0.155598787904985,-7.94772191576174,1.89972499549808e-15,1.74402861019914e-14,"Down in tumour"
"ENSG00000180787.5","ZFP3","ENSG00000180787",80.0273278125088,-1.28786963055044,-1.3252890979924,0.166761882013445,-7.94719441871941,1.90782875493748e-15,1.75065621448668e-14,"Down in tumour"
"ENSG00000173599.13","PC","ENSG00000173599",2870.53604815668,-1.32005882130312,-1.36060522579032,0.171221752087712,-7.94645078210228,1.9193108511582e-15,1.76037625935932e-14,"Down in tumour"
"ENSG00000260633.1","RP11-375I20.6","ENSG00000260633",15.3860378759748,-1.59679384257013,-1.64327843432409,0.207112291579966,-7.93423906320701,2.11789796558655e-15,1.93982204686972e-14,"Down in tumour"
"ENSG00000187185.4","CTD-2600O9.1","ENSG00000187185",27.9992702644218,-1.3714536767828,-1.41280789153853,0.178075910545031,-7.93373953396837,2.12643832800371e-15,1.94584345012378e-14,"Down in tumour"
"ENSG00000185745.9","IFIT1","ENSG00000185745",624.228636422163,-1.13713807505898,-1.1664493004423,0.147032339015552,-7.93328398536136,2.13425632435639e-15,1.95209498280896e-14,"Down in tumour"
"ENSG00000231992.1","RP11-57H12.2","ENSG00000231992",24.4131966155485,-1.64486427615818,-1.71670908034827,0.216470589903124,-7.93044949485535,2.1835409896001e-15,1.99532903080123e-14,"Down in tumour"
"ENSG00000139880.19","CDH24","ENSG00000139880",53.5682488849574,1.12505377475167,1.14775347523044,0.144742538241629,7.92962103037335,2.19815639103678e-15,2.00775770409742e-14,"Up in tumour"
"ENSG00000274993.1","RP11-395B7.2","ENSG00000274993",37.3125542487095,-2.46900227871378,-2.63954404381106,0.333118328786983,-7.9237430537752,2.30465613099971e-15,2.10018686928533e-14,"Down in tumour"
"ENSG00000279022.1","RP11-250B2.4","ENSG00000279022",13.6060155232485,-1.19797455301886,-1.21554127078486,0.153472861017097,-7.9202359474451,2.3706029839069e-15,2.15631180424951e-14,"Down in tumour"
"ENSG00000279878.1","RP11-286N22.16","ENSG00000279878",33.8157535036541,-2.06359381951268,-2.17957637475447,0.275199247260487,-7.91999395511216,2.37522127866402e-15,2.15952020067051e-14,"Down in tumour"
"ENSG00000211592.8","IGKC","ENSG00000211592",9214.36843732809,-2.40052102911477,-2.58041681469523,0.325815099014319,-7.91988100766879,2.37737985208254e-15,2.16049033114186e-14,"Down in tumour"
"ENSG00000021852.12","C8B","ENSG00000021852",3640.74513672217,-2.01874572756425,-2.10417732396276,0.265764330645923,-7.9174557354958,2.42419887204643e-15,2.20101689332179e-14,"Down in tumour"
"ENSG00000132744.7","ACY3","ENSG00000132744",82.6273052482102,-1.3116471107377,-1.35179450384218,0.170761845881946,-7.91625609843039,2.44769190720985e-15,2.22132810267788e-14,"Down in tumour"
"ENSG00000264016.2","CTC-297N7.9","ENSG00000264016",21.6801938718729,-1.39946158667416,-1.44106801571489,0.182040509302427,-7.91619415500987,2.44891104153928e-15,2.22141595990774e-14,"Down in tumour"
"ENSG00000146521.9","LINC01558","ENSG00000146521",187.222983302527,-1.77037674837202,-1.84412712914159,0.232990508976505,-7.9150311196906,2.47191255570768e-15,2.24125356001476e-14,"Down in tumour"
"ENSG00000153976.2","HS3ST3A1","ENSG00000153976",71.9150565410719,-1.69834247275739,-1.7689211659785,0.223661349242656,-7.9089264728496,2.59617883944688e-15,2.35176969195296e-14,"Down in tumour"
"ENSG00000145911.5","N4BP3","ENSG00000145911",35.2801996629438,1.32191499206325,1.35044248166147,0.170771277479664,7.90790173612355,2.61763295808277e-15,2.37011935678555e-14,"Up in tumour"
"ENSG00000066468.22","FGFR2","ENSG00000066468",952.509999128981,-2.25747536933101,-2.43056789470692,0.307505930700837,-7.90413339075255,2.69803990592359e-15,2.439575324712e-14,"Down in tumour"
"ENSG00000279191.1","RP11-803D5.1","ENSG00000279191",143.442899829143,1.05948186063206,1.08382965186796,0.137121747369148,7.90414119322856,2.69787093392751e-15,2.439575324712e-14,"Up in tumour"
"ENSG00000151948.11","GLT1D1","ENSG00000151948",320.799781971501,-1.8136641469249,-1.90876360633067,0.241530960012758,-7.90276992328373,2.72772802160547e-15,2.46416799322853e-14,"Down in tumour"
"ENSG00000103241.6","FOXF1","ENSG00000103241",30.9124368685024,-1.49684597450266,-1.5476702778503,0.195844920863559,-7.90252956791529,2.73299476352834e-15,2.46779951434838e-14,"Down in tumour"
"ENSG00000166546.13","BEAN1","ENSG00000166546",107.203015860877,-1.12393087644434,-1.15331877991893,0.14595110025278,-7.90209034341937,2.74264506931001e-15,2.4753841247995e-14,"Down in tumour"
"ENSG00000160447.6","PKN3","ENSG00000160447",96.6945421783947,1.00021258469095,1.02155613713034,0.12933191696295,7.89871642761618,2.81790150126099e-15,2.53983262360923e-14,"Up in tumour"
"ENSG00000135069.13","PSAT1","ENSG00000135069",896.989651255329,-1.3404880064877,-1.38656598810346,0.175712561772482,-7.89110336857319,2.99526425001642e-15,2.69356044073489e-14,"Down in tumour"
"ENSG00000157992.12","KRTCAP3","ENSG00000157992",26.0160381437353,-1.32744552685836,-1.3663480075282,0.173181260282639,-7.88969895067319,3.0291636650181e-15,2.72157223884263e-14,"Down in tumour"
"ENSG00000197506.7","SLC28A3","ENSG00000197506",40.5135708400059,-2.62607267037448,-2.82026424176001,0.35748097589606,-7.88927084774443,3.03957201011944e-15,2.72968460963222e-14,"Down in tumour"
"ENSG00000165194.15","PCDH19","ENSG00000165194",22.0504910720612,-1.68552981749166,-1.75041787237116,0.22193278078177,-7.88715333627243,3.09157457497517e-15,2.77386833918783e-14,"Down in tumour"
"ENSG00000078900.14","TP73","ENSG00000078900",46.1628041016159,1.31699373596231,1.35426198948651,0.171725054511267,7.88622250457724,3.1147105155635e-15,2.79336045466916e-14,"Up in tumour"
"ENSG00000125319.14","C17orf53","ENSG00000125319",34.3145233618852,1.21086577066278,1.24213053849131,0.157574050910703,7.88283687137821,3.20030758131864e-15,2.86752774816839e-14,"Up in tumour"
"ENSG00000186377.7","CYP4X1","ENSG00000186377",95.0003566615077,-1.40544329106863,-1.45105775774984,0.184109667280729,-7.88148595987236,3.23510471276272e-15,2.89739491310916e-14,"Down in tumour"
"ENSG00000109339.19","MAPK10","ENSG00000109339",88.1148191433316,-1.59008995908191,-1.65166880535128,0.209577059602369,-7.88096182132241,3.24870568820198e-15,2.90826013960117e-14,"Down in tumour"
"ENSG00000259171.1","RP11-903H12.5","ENSG00000259171",420.643879885185,-1.36119014021995,-1.40248044569145,0.177960826412451,-7.88083801342315,3.25192661522456e-15,2.90982746361392e-14,"Down in tumour"
"ENSG00000273901.1","CTD-2619J13.27","ENSG00000273901",111.216592629105,-1.65684140568629,-1.72503428826458,0.218902307313153,-7.88038421996538,3.26375919419734e-15,2.91909560464293e-14,"Down in tumour"
"ENSG00000250799.9","PRODH2","ENSG00000250799",1018.97390850199,-2.02881258709665,-2.12836430167311,0.270195485271355,-7.87712755279984,3.3499289455532e-15,2.99210936910354e-14,"Down in tumour"
"ENSG00000214626.2","POLR3DP1","ENSG00000214626",65.5057242615934,-1.14334664358011,-1.17260986895602,0.14889309998622,-7.87551517877287,3.39341673381867e-15,3.02821899966064e-14,"Down in tumour"
"ENSG00000158406.4","HIST1H4H","ENSG00000158406",140.106482220148,1.18337045012949,1.21377186564174,0.154148094589564,7.87406337310589,3.43304907175514e-15,3.0622055104664e-14,"Up in tumour"
"ENSG00000183018.8","SPNS2","ENSG00000183018",141.144698562973,-1.11953984446467,-1.1483319476207,0.145888170267012,-7.87131640296102,3.50928857296025e-15,3.12598329093619e-14,"Down in tumour"
"ENSG00000188906.14","LRRK2","ENSG00000188906",592.031956552882,-1.05278747452466,-1.07852715377852,0.13702277206498,-7.87115263780424,3.51388600007753e-15,3.128670517298e-14,"Down in tumour"
"ENSG00000165071.14","TMEM71","ENSG00000165071",46.5610084167211,-1.41058863250039,-1.45701661496643,0.185111394770062,-7.87102607473881,3.51744310397454e-15,3.13042946748957e-14,"Down in tumour"
"ENSG00000196569.11","LAMA2","ENSG00000196569",569.438114358378,-1.79584266813461,-1.88171623464708,0.239107520772005,-7.86974925996302,3.55352736129518e-15,3.15970202435379e-14,"Down in tumour"
"ENSG00000117791.15","MARC2","ENSG00000117791",1093.89764099378,-1.18267863993751,-1.21501862032597,0.154392638162942,-7.8696668104322,3.55586996700126e-15,3.16036525625757e-14,"Down in tumour"
"ENSG00000156738.17","MS4A1","ENSG00000156738",116.57674298313,-2.28648912684368,-2.44520493454216,0.310755030998611,-7.86859323462761,3.58651220128019e-15,3.18616858168486e-14,"Down in tumour"
"ENSG00000251546.1","IGKV1D-39","ENSG00000251546",984.556547401617,-2.46880522036866,-2.66557211370133,0.339134351543055,-7.85992955763113,3.84349545055746e-15,3.40529567828486e-14,"Down in tumour"
"ENSG00000146085.7","MUT","ENSG00000146085",1491.54729352769,-1.07464642412343,-1.10127237058658,0.140148850784279,-7.85787656783352,3.90700016884301e-15,3.46001137995122e-14,"Down in tumour"
"ENSG00000115226.9","FNDC4","ENSG00000115226",358.591738314003,-1.32543778103055,-1.36917613299283,0.174258396201544,-7.85716018761744,3.92940204221507e-15,3.47829403495362e-14,"Down in tumour"
"ENSG00000267629.3","AC138430.4","ENSG00000267629",25.0977794964003,-2.0104487869809,-2.10635205848853,0.268141943103707,-7.85536210451741,3.98618832393403e-15,3.52540775226212e-14,"Down in tumour"
"ENSG00000108556.7","CHRNE","ENSG00000108556",25.6630477984133,-1.015523390995,-1.03906272058373,0.132294893567118,-7.85414079536318,4.02521916011663e-15,3.55833688415312e-14,"Down in tumour"
"ENSG00000198814.12","GK","ENSG00000198814",1093.76957796255,-1.00033175084321,-1.02346992388694,0.130337013520193,-7.85248868486909,4.0786169467816e-15,3.60393148337715e-14,"Down in tumour"
"ENSG00000164406.7","LEAP2","ENSG00000164406",854.998490937821,-1.52198185536029,-1.57908338945617,0.201160265277932,-7.8498772472508,4.16444673870145e-15,3.67813004458357e-14,"Down in tumour"
"ENSG00000213731.2","RAB5CP1","ENSG00000213731",18.8141205611097,-1.10058832948566,-1.12653351263424,0.143511926039012,-7.84975537383567,4.1684954744494e-15,3.68006382362966e-14,"Down in tumour"
"ENSG00000168546.10","GFRA2","ENSG00000168546",59.9551293869231,-1.40721899248636,-1.45425234711419,0.185309346729168,-7.84770100797774,4.23732933666717e-15,3.73583338800238e-14,"Down in tumour"
"ENSG00000161267.11","BDH1","ENSG00000161267",2706.157917972,-1.72539252177858,-1.80028315820007,0.229405643881397,-7.84759750344597,4.24082682736165e-15,3.7372522437208e-14,"Down in tumour"
"ENSG00000256069.7","A2MP1","ENSG00000256069",21.0923182783954,-1.89976697335445,-1.9881711631672,0.253367548510863,-7.84698425213659,4.26160739850483e-15,3.75389386909684e-14,"Down in tumour"
"ENSG00000085552.16","IGSF9","ENSG00000085552",299.446723067682,-2.00821031712708,-2.12425704480239,0.270741034297295,-7.84608454464936,4.29227634015431e-15,3.77922711746772e-14,"Down in tumour"
"ENSG00000207088.1","SNORA7B","ENSG00000207088",400.752314579577,-1.14703209568274,-1.17825546503616,0.150188253209883,-7.84519055155126,4.32296568640211e-15,3.80455579506256e-14,"Down in tumour"
"ENSG00000225489.6","RP11-390F4.3","ENSG00000225489",84.1885048809923,-1.77974446495924,-1.86441476045563,0.237660399868689,-7.84486923983022,4.33404849061482e-15,3.81261430109952e-14,"Down in tumour"
"ENSG00000132693.12","CRP","ENSG00000132693",9616.18558262405,-2.48289693895112,-2.85636121994333,0.364415126197517,-7.83820707375125,4.57024904311378e-15,4.00792819274927e-14,"Down in tumour"
"ENSG00000211898.7","IGHD","ENSG00000211898",30.764115087957,-2.24438757692423,-2.36934676943935,0.302445916169728,-7.83395193244966,4.72769583826865e-15,4.14416668409439e-14,"Down in tumour"
"ENSG00000177807.8","KCNJ10","ENSG00000177807",65.2580745037251,-1.30709038628983,-1.34586974193753,0.171935547605133,-7.82775732350855,4.96649402168626e-15,4.35156335419372e-14,"Down in tumour"
"ENSG00000211959.2","IGHV4-39","ENSG00000211959",798.864752455845,-2.42084479914235,-2.60544519200419,0.333010929751922,-7.82390293899703,5.12102970758076e-15,4.48101419107631e-14,"Down in tumour"
"ENSG00000112494.9","UNC93A","ENSG00000112494",110.229669285175,-2.21430917576871,-2.35385978144179,0.300919465718111,-7.82222504557679,5.18977210039459e-15,4.53715367416564e-14,"Down in tumour"
"ENSG00000170615.14","SLC26A5","ENSG00000170615",14.6034500619116,-1.37215697572369,-1.41423155468953,0.180806520028245,-7.82179511263531,5.20753192096453e-15,4.55067016828481e-14,"Down in tumour"
"ENSG00000186204.14","CYP4F12","ENSG00000186204",1144.61523060003,-1.55056684389773,-1.60622636096917,0.205381758645955,-7.82068656709694,5.25360057744486e-15,4.58485521293502e-14,"Down in tumour"
"ENSG00000069667.15","RORA","ENSG00000069667",2853.64504982457,-1.05034658596037,-1.07630532864441,0.137625698605579,-7.82052581421576,5.26031432648808e-15,4.58666966802549e-14,"Down in tumour"
"ENSG00000092096.16","SLC22A17","ENSG00000092096",65.5108143710167,-1.66857361189149,-1.73866151256627,0.222479373750287,-7.81493350712931,5.49920518126447e-15,4.78863916202233e-14,"Down in tumour"
"ENSG00000069188.16","SDK2","ENSG00000069188",57.4763940624512,-1.77198004827073,-1.85054227793067,0.236913693848368,-7.81103974139663,5.67181259328642e-15,4.93460161138101e-14,"Down in tumour"
"ENSG00000279637.1","RP11-196B3.1","ENSG00000279637",40.9026210994475,-1.51224604176735,-1.56645773222754,0.200626357251218,-7.80783618707719,5.8178132256853e-15,5.05717949828675e-14,"Down in tumour"
"ENSG00000113924.11","HGD","ENSG00000113924",6017.95165368924,-1.74906411806907,-1.82434536128838,0.233675022627921,-7.80719026266353,5.84769599142511e-15,5.08092391388399e-14,"Down in tumour"
"ENSG00000259167.2","NMNAT1P1","ENSG00000259167",14.5934699169836,-1.69713526865614,-1.74913320651023,0.22412925670297,-7.80412710165853,5.99147854752508e-15,5.20356888508837e-14,"Down in tumour"
"ENSG00000154928.16","EPHB1","ENSG00000154928",39.8330808321709,-1.35536453364618,-1.39700021624448,0.179012562401579,-7.80392279459468,6.00119141207516e-15,5.20971849207033e-14,"Down in tumour"
"ENSG00000166510.13","CCDC68","ENSG00000166510",226.304745244256,-1.25878550634666,-1.29642554505578,0.166133046935118,-7.80353800145548,6.01952678167361e-15,5.22334474308048e-14,"Down in tumour"
"ENSG00000161929.14","SCIMP","ENSG00000161929",112.90134365069,-1.24952533570726,-1.28717296803059,0.164952644080937,-7.80328787818045,6.03147469995968e-15,5.23141887538572e-14,"Down in tumour"
"ENSG00000244642.3","RN7SL396P","ENSG00000244642",347.076164891803,-1.31903136170076,-1.36918649732863,0.175471268436564,-7.80290989817294,6.04957439870954e-15,5.24481936371694e-14,"Down in tumour"
"ENSG00000143603.18","KCNN3","ENSG00000143603",92.2080919117515,1.2622302190349,1.29862942221267,0.166438351801557,7.80246504580278,6.07094479982021e-15,5.26104248786521e-14,"Up in tumour"
"ENSG00000176771.16","NCKAP5","ENSG00000176771",255.135340614041,-1.32208256612948,-1.36461152984042,0.17490414120841,-7.80205385882997,6.09076401512814e-15,5.27590775279787e-14,"Down in tumour"
"ENSG00000130988.12","RGN","ENSG00000130988",2050.29522205348,-1.66266415471524,-1.72798494774874,0.221567480096217,-7.79891050346537,6.24439282520108e-15,5.40425304718867e-14,"Down in tumour"
"ENSG00000132704.15","FCRL2","ENSG00000132704",38.0519117177625,-2.18649646401199,-2.31340273194025,0.296652703507878,-7.79835378064847,6.27199698206998e-15,5.42577081582653e-14,"Down in tumour"
"ENSG00000171223.5","JUNB","ENSG00000171223",1705.6763354673,-1.14303451966367,-1.17450606355017,0.150613069722585,-7.79816828455521,6.28122114184009e-15,5.43137658630148e-14,"Down in tumour"
"ENSG00000177272.8","KCNA3","ENSG00000177272",91.3675657739415,-1.73734134030432,-1.81523424041367,0.232842482856451,-7.79597527970346,6.39128993010109e-15,5.52172857208603e-14,"Down in tumour"
"ENSG00000135476.11","ESPL1","ENSG00000135476",195.542426223295,1.26341634968709,1.30042454873403,0.166841801407811,7.79435691631863,6.47373231618166e-15,5.58564009303328e-14,"Up in tumour"
"ENSG00000122224.17","LY9","ENSG00000122224",119.363650212749,-1.60105241906129,-1.66591804117382,0.21376584724028,-7.7931908332451,6.53378265275786e-15,5.63499608043731e-14,"Down in tumour"
"ENSG00000226026.5","RP11-57H12.3","ENSG00000226026",119.548405762527,-1.45675213673695,-1.50722437325969,0.193427573417006,-7.79218984467278,6.58576812295858e-15,5.67735664014456e-14,"Down in tumour"
"ENSG00000276531.1","RP11-205A8.3","ENSG00000276531",9.34444166869,-1.05979027093633,-1.07869349445884,0.138513961061075,-7.78761567567337,6.82855150377013e-15,5.87641390930966e-14,"Down in tumour"
"ENSG00000232846.1","SLC25A6P3","ENSG00000232846",12.8190592937066,-1.22423576238859,-1.25876989228402,0.161644923622078,-7.78725285074213,6.84818200071203e-15,5.89074603824829e-14,"Down in tumour"
"ENSG00000232284.7","GNG12-AS1","ENSG00000232284",22.9237312572661,-1.07871352942988,-1.1045547050604,0.141876165977957,-7.78534363010638,6.95239835506586e-15,5.97779411997474e-14,"Down in tumour"
"ENSG00000100665.11","SERPINA4","ENSG00000100665",2019.68504503418,-1.75424199530599,-1.83587731279207,0.235855439547026,-7.78390914501687,7.03172643135873e-15,6.0433765200123e-14,"Down in tumour"
"ENSG00000254198.1","RP11-598P20.3","ENSG00000254198",10.8254523752529,1.02511824705337,1.03645436287157,0.133182041169711,7.78223815890342,7.12525698658523e-15,6.1184473551185e-14,"Up in tumour"
"ENSG00000247627.2","MTND4P12","ENSG00000247627",124.239111864281,-1.11718284051721,-1.14556952856382,0.147232071944159,-7.78070642786512,7.21206802905584e-15,6.18762299519299e-14,"Down in tumour"
"ENSG00000185885.15","IFITM1","ENSG00000185885",676.108920142017,-1.30974861151808,-1.35316771146963,0.173918549721183,-7.78046800435581,7.22567401357018e-15,6.19661030115228e-14,"Down in tumour"
"ENSG00000004799.7","PDK4","ENSG00000004799",3659.88537560105,-1.549945994405,-1.61431601978084,0.207547150491036,-7.77806881935759,7.36400093790192e-15,6.31250197331714e-14,"Down in tumour"
"ENSG00000222043.2","AC079305.10","ENSG00000222043",22.4990121488395,-1.01679569802814,-1.04304867663064,0.134108741072805,-7.77763379394028,7.38936033151765e-15,6.33149822691467e-14,"Down in tumour"
"ENSG00000173702.7","MUC13","ENSG00000173702",426.326464919621,2.46558823449265,2.59014254404734,0.333444129521822,7.7678456890567,7.98322325875805e-15,6.83442638237881e-14,"Up in tumour"
"ENSG00000211943.2","IGHV3-15","ENSG00000211943",272.626681046169,-2.47513076569248,-2.68528004389407,0.345747001732897,-7.76660399203852,8.06183939695727e-15,6.89874566294748e-14,"Down in tumour"
"ENSG00000270165.1","RP11-167P11.2","ENSG00000270165",9.56856403140022,-1.18702079021936,-1.21743796530409,0.156789380172824,-7.76479863599274,8.17750374839084e-15,6.99167739489848e-14,"Down in tumour"
"ENSG00000162512.15","SDC3","ENSG00000162512",1503.01586624034,-1.1024424368819,-1.1308264244628,0.145684389379452,-7.76216607201087,8.34909776131901e-15,7.13530621717561e-14,"Down in tumour"
"ENSG00000188822.7","CNR2","ENSG00000188822",17.2895670051695,-1.837261706497,-1.92053250837119,0.247442217822188,-7.76153934148492,8.39046828659333e-15,7.16756749229787e-14,"Down in tumour"
"ENSG00000189430.12","NCR1","ENSG00000189430",14.0309151149322,-1.66796716585601,-1.73129080530457,0.223182328815134,-7.75729339547592,8.6761056297312e-15,7.40837613154744e-14,"Down in tumour"
"ENSG00000179750.15","APOBEC3B","ENSG00000179750",23.0757971433456,1.67648698921662,1.65405118728997,0.21322998213544,7.75712294643138,8.68776986008503e-15,7.41513707807948e-14,"Up in tumour"
"ENSG00000259274.1","CTD-2501E16.2","ENSG00000259274",18.1091911925585,-1.24170855366648,-1.27508670718074,0.164429196489468,-7.7546246919866,8.86051258380293e-15,7.54955340384035e-14,"Down in tumour"
"ENSG00000022267.16","FHL1","ENSG00000022267",336.361694763935,-1.15500524412795,-1.18782403197071,0.153239818229783,-7.75140590541273,9.08806756760842e-15,7.74010849249886e-14,"Down in tumour"
"ENSG00000077063.10","CTTNBP2","ENSG00000077063",135.227855720076,-1.55897817633052,-1.62783628212011,0.210082006078691,-7.74857548490075,9.29291227380214e-15,7.90776494563051e-14,"Down in tumour"
"ENSG00000132510.10","KDM6B","ENSG00000132510",1099.51603622727,-1.05944580846439,-1.08589861798845,0.140271331727841,-7.74141518878104,9.8316269099771e-15,8.35181937464278e-14,"Down in tumour"
"ENSG00000164683.16","HEY1","ENSG00000164683",60.9783792320208,1.20854413456568,1.23882323716734,0.160081485052207,7.73870405289731,1.00435258173341e-14,8.52816415712115e-14,"Up in tumour"
"ENSG00000147100.10","SLC16A2","ENSG00000147100",962.739423880461,-1.31946310994988,-1.36174491692416,0.175988697226506,-7.73768394439288,1.01244144589121e-14,8.59174224867883e-14,"Down in tumour"
"ENSG00000107736.19","CDH23","ENSG00000107736",558.049540439393,-1.30162648390396,-1.34529627848136,0.173863667051505,-7.73765043206429,1.01270826383912e-14,8.59174224867883e-14,"Down in tumour"
"ENSG00000143590.13","EFNA3","ENSG00000143590",18.9730102514973,1.53130273805046,1.56606242854974,0.202408184294298,7.7371497304314,1.01670299249955e-14,8.62026491608661e-14,"Up in tumour"
"ENSG00000186868.15","MAPT","ENSG00000186868",96.0784419905636,1.25557652109463,1.28854501640399,0.166540654505016,7.73711992566462,1.01694127110909e-14,8.62026491608661e-14,"Up in tumour"
"ENSG00000115255.10","REEP6","ENSG00000115255",974.591787341796,-1.67902674872271,-1.75806614071592,0.227349055820442,-7.73289396066121,1.05128863104476e-14,8.90378941988398e-14,"Down in tumour"
"ENSG00000256433.2","RP1-102E24.8","ENSG00000256433",60.8131171079642,-1.03933460387693,-1.06423497552504,0.137648654464433,-7.73153199111024,1.06259965240572e-14,8.99573777590519e-14,"Down in tumour"
"ENSG00000100031.18","GGT1","ENSG00000100031",556.773886589963,-1.41397518237619,-1.46377688400965,0.189338964431295,-7.73098600389151,1.06716757315743e-14,9.03054629136593e-14,"Down in tumour"
"ENSG00000171560.14","FGA","ENSG00000171560",105834.453083414,-1.85888902633927,-1.93966532571636,0.250910647102739,-7.73050226490444,1.07123084404183e-14,9.05718585908581e-14,"Down in tumour"
"ENSG00000262006.1","RP11-700H6.4","ENSG00000262006",41.5466001740472,-1.84491424368031,-1.93976072099003,0.250945987340231,-7.72979373589309,1.07720978138949e-14,9.10384850684975e-14,"Down in tumour"
"ENSG00000196159.11","FAT4","ENSG00000196159",745.199239477156,-1.14167250949744,-1.17361591120696,0.151836869633789,-7.72945276096357,1.08009879787472e-14,9.12436854730442e-14,"Down in tumour"
"ENSG00000138080.13","EMILIN1","ENSG00000138080",705.248270497609,-1.59627762225387,-1.66579177813587,0.215583710429143,-7.72689075078972,1.10205146937398e-14,9.29791335606104e-14,"Down in tumour"
"ENSG00000184232.8","OAF","ENSG00000184232",1578.74748966578,-1.08391477870499,-1.11227358324147,0.14405935581511,-7.72093958735314,1.15475278796272e-14,9.73425124878457e-14,"Down in tumour"
"ENSG00000136250.11","AOAH","ENSG00000136250",306.230250420223,-1.30925499904728,-1.35146630978234,0.175051469945973,-7.72039395155865,1.15970705595113e-14,9.76769436529394e-14,"Down in tumour"
"ENSG00000271177.1","RP11-575G13.3","ENSG00000271177",9.97839419543644,-1.33131570046884,-1.36418154313858,0.176731801209095,-7.71893645515778,1.17304362586287e-14,9.87162095523116e-14,"Down in tumour"
"ENSG00000233461.5","RP11-295G20.2","ENSG00000233461",20.7820659551743,1.37945516246869,1.41912777252292,0.183897354322158,7.7169558950633,1.19140855133814e-14,1.00176505763108e-13,"Up in tumour"
"ENSG00000101888.11","NXT2","ENSG00000101888",95.5393506730949,1.08945427703191,1.11470010379396,0.14445060749793,7.71682530867818,1.19262931839214e-14,1.00236569422232e-13,"Up in tumour"
"ENSG00000234840.1","LINC01239","ENSG00000234840",90.1994919923615,-1.41405433981203,-1.46483786304635,0.189856579742442,-7.715496955826,1.20511737431625e-14,1.01200204454143e-13,"Down in tumour"
"ENSG00000211673.2","IGLV3-1","ENSG00000211673",188.447900726264,-2.47344522073245,-2.68705668110827,0.348309903375171,-7.71455722352515,1.21402956763402e-14,1.01905374182274e-13,"Down in tumour"
"ENSG00000166347.18","CYB5A","ENSG00000166347",4280.91357838473,-1.2884574197571,-1.33038784710526,0.172468201927882,-7.71381525541482,1.22111200145041e-14,1.0241300781656e-13,"Down in tumour"
"ENSG00000169136.10","ATF5","ENSG00000169136",2969.95235836634,-1.67309960120032,-1.75784226713022,0.227981584153886,-7.71045728826803,1.25367707207582e-14,1.04921903964468e-13,"Down in tumour"
"ENSG00000241886.1","RP11-242C19.2","ENSG00000241886",38.84029536252,-1.18578241013875,-1.218330872634,0.158150717710275,-7.7036063463583,1.32278922460117e-14,1.10286297904511e-13,"Down in tumour"
"ENSG00000153714.5","LURAP1L","ENSG00000153714",430.133355788214,-1.33608663368619,-1.38026474566871,0.179191617599455,-7.70273054152567,1.33189025619651e-14,1.10998331961674e-13,"Down in tumour"
"ENSG00000189233.11","NUGGC","ENSG00000189233",632.253136287413,-1.51534679827591,-1.57351451103506,0.204297129656358,-7.7020881971363,1.33860439262644e-14,1.11510929054104e-13,"Down in tumour"
"ENSG00000254417.1","ANO1-AS2","ENSG00000254417",25.4434370121202,-2.12849455902852,-2.25490898712425,0.292851542122573,-7.69983647953767,1.3624046192021e-14,1.13398127114664e-13,"Down in tumour"
"ENSG00000225630.1","MTND2P28","ENSG00000225630",708.660447255874,-1.17029711777768,-1.20361464191649,0.156372179391901,-7.69711496378129,1.39172675447399e-14,1.1569276628015e-13,"Down in tumour"
"ENSG00000125730.16","C3","ENSG00000125730",139070.960003962,-1.47119927713746,-1.52141322511667,0.197688752795563,-7.69600295212557,1.40388568266867e-14,1.16654531137955e-13,"Down in tumour"
"ENSG00000268472.2","RP11-356J5.13","ENSG00000268472",17.9434995448781,-1.17316358258617,-1.20916700132102,0.157139969599414,-7.69484049413695,1.41670793593534e-14,1.17621225570336e-13,"Down in tumour"
"ENSG00000262294.1","RP11-1260E13.2","ENSG00000262294",16.6196953161459,-1.23180585097794,-1.2675653074257,0.164745738571322,-7.6940703803209,1.42526589887788e-14,1.18282129712746e-13,"Down in tumour"
"ENSG00000165475.13","CRYL1","ENSG00000165475",846.175162878932,-1.18924903038043,-1.22504821258907,0.159222478182301,-7.69394011809349,1.42671847102105e-14,1.18353054052471e-13,"Down in tumour"
"ENSG00000165186.11","PTCHD1","ENSG00000165186",48.0675194439872,-2.25716951085128,-2.43677912774754,0.316741932805692,-7.6932634279352,1.43428780558441e-14,1.18881317152145e-13,"Down in tumour"
"ENSG00000160211.15","G6PD","ENSG00000160211",309.692915045858,1.18680709512204,1.21982371499201,0.158692163594469,7.68672937190027,1.50943952077401e-14,1.24953310057215e-13,"Up in tumour"
"ENSG00000211895.4","IGHA1","ENSG00000211895",1376.79265076549,-2.2270298163546,-2.40730570160262,0.313382254357026,-7.68169118746607,1.57001943052831e-14,1.29751125630258e-13,"Down in tumour"
"ENSG00000275302.1","CCL4","ENSG00000275302",160.452925273599,-1.32599735902556,-1.37028041841941,0.178396430708569,-7.68109772699389,1.57731090458618e-14,1.3024641265288e-13,"Down in tumour"
"ENSG00000076382.16","SPAG5","ENSG00000076382",413.45009808937,1.00432197141173,1.02655753005358,0.133686967143758,7.67881531001962,1.60566528214676e-14,1.32365401622369e-13,"Up in tumour"
"ENSG00000154654.14","NCAM2","ENSG00000154654",52.4847451397042,-2.12368513318673,-2.25250173443453,0.293359070284903,-7.67830949371007,1.61201657624589e-14,1.32833655677081e-13,"Down in tumour"
"ENSG00000162897.14","FCAMR","ENSG00000162897",82.3162721145593,-2.17348524452804,-2.3164267363302,0.301721650788504,-7.67736332568965,1.62396358614634e-14,1.33706785609794e-13,"Down in tumour"
"ENSG00000230647.1","AC022816.2","ENSG00000230647",38.0639705157845,-1.690950771687,-1.7678797058078,0.230454790770873,-7.67126471918519,1.70308646825528e-14,1.40104698529413e-13,"Down in tumour"
"ENSG00000009765.14","IYD","ENSG00000009765",558.785936327666,-2.08494899686653,-2.21467300460379,0.28876432204849,-7.66948281177166,1.72691241344423e-14,1.4200572247321e-13,"Down in tumour"
"ENSG00000170074.19","FAM153A","ENSG00000170074",32.0454381759365,-1.76572173743588,-1.84966353707581,0.241198642622118,-7.66863161818719,1.73840919019846e-14,1.42832432966368e-13,"Down in tumour"
"ENSG00000224511.1","LINC00365","ENSG00000224511",17.1480299998019,-1.87042273127597,-1.96372397074457,0.256147602752353,-7.66637653307702,1.76923309549124e-14,1.45244424135455e-13,"Down in tumour"
"ENSG00000168615.11","ADAM9","ENSG00000168615",657.282960414507,1.08774158780496,1.11545522448613,0.145503405538316,7.66617949840631,1.77195169038359e-14,1.45407296052083e-13,"Up in tumour"
"ENSG00000196550.10","FAM72A","ENSG00000196550",38.1638761241357,1.24686622640958,1.28271611761688,0.16733017926932,7.66577866119619,1.77749495060972e-14,1.45760643428875e-13,"Up in tumour"
"ENSG00000189292.15","ALKAL2","ENSG00000189292",14.0299835179197,-1.39706167336424,-1.44808772009047,0.189022235374481,-7.66093849869879,1.84579238686844e-14,1.5109085489366e-13,"Down in tumour"
"ENSG00000183023.18","SLC8A1","ENSG00000183023",467.952229111074,-1.2201887212939,-1.25814433907367,0.164234400058561,-7.66066267861699,1.8497611750303e-14,1.51353133267361e-13,"Down in tumour"
"ENSG00000138772.12","ANXA3","ENSG00000138772",40.2672193755448,-1.90063594971951,-1.99957808676548,0.261121634485278,-7.65765000937988,1.89366099768498e-14,1.54817150463357e-13,"Down in tumour"
"ENSG00000259444.1","RP11-736N17.8","ENSG00000259444",16.6268668375623,-1.49503829819215,-1.55580998468023,0.20317733000773,-7.65739949738013,1.89735721137722e-14,1.55055290193185e-13,"Down in tumour"
"ENSG00000196177.12","ACADSB","ENSG00000196177",4335.32874832442,-1.45938622139606,-1.51614469185614,0.198014429274065,-7.65673843777159,1.90714501563954e-14,1.55726572997333e-13,"Down in tumour"
"ENSG00000137285.9","TUBB2B","ENSG00000137285",32.8582199153166,1.40968493415128,1.44262744507066,0.188518872073014,7.65242985599833,1.97216691072383e-14,1.60770591696692e-13,"Up in tumour"
"ENSG00000229005.2","HNF4A-AS1","ENSG00000229005",91.0494999716885,-1.72490397346279,-1.80680558850383,0.23611792781472,-7.65213215796819,1.97673923755589e-14,1.6101069847302e-13,"Down in tumour"
"ENSG00000163815.5","CLEC3B","ENSG00000163815",91.3418111066418,-1.39800732298955,-1.44844499877699,0.189319498612759,-7.65079671872412,1.99737881482402e-14,1.62624923413459e-13,"Down in tumour"
"ENSG00000162073.13","PAQR4","ENSG00000162073",71.2247840403391,1.21822127840921,1.24772084717772,0.163102740956814,7.64990729069409,2.01124263056375e-14,1.63686370833669e-13,"Up in tumour"
"ENSG00000182704.7","TSKU","ENSG00000182704",2365.88905962104,-1.44425443804345,-1.50056894462967,0.196242547380225,-7.64650155973708,2.06520958256621e-14,1.68009425679133e-13,"Down in tumour"
"ENSG00000158715.5","SLC45A3","ENSG00000158715",225.549712147335,-1.13622505821157,-1.16753293347622,0.152728150650789,-7.64451693090794,2.09731213290943e-14,1.70550941029895e-13,"Down in tumour"
"ENSG00000211679.2","IGLC3","ENSG00000211679",1449.90697628699,-2.39830082427851,-2.61625857277685,0.342471625550821,-7.63934404366767,2.18331186251907e-14,1.77398570175862e-13,"Down in tumour"
"ENSG00000229417.1","NPM1P25","ENSG00000229417",26.1873500060355,-1.15499774468701,-1.18639377424075,0.155327452934199,-7.63801731007163,2.20592210232594e-14,1.7916215088772e-13,"Down in tumour"
"ENSG00000132530.16","XAF1","ENSG00000132530",2485.47872544592,-1.11664689808194,-1.14753276892584,0.150249163581836,-7.63753182759525,2.21425314187595e-14,1.79765022301685e-13,"Down in tumour"
"ENSG00000158731.2","OR10J6P","ENSG00000158731",119.396331256917,-1.96470601363254,-2.08018632357358,0.272407424609243,-7.63630553226483,2.23543484559618e-14,1.8133590942166e-13,"Down in tumour"
"ENSG00000249364.5","RP11-434D9.1","ENSG00000249364",180.036530830512,-1.89021121976314,-2.00865629335472,0.263100259695735,-7.6345659851406,2.26582420012644e-14,1.83650525770281e-13,"Down in tumour"
"ENSG00000211653.2","IGLV1-40","ENSG00000211653",237.955883524217,-2.37923246942314,-2.58093959299264,0.338170467940215,-7.63206677600518,2.31019713489288e-14,1.87017308347381e-13,"Down in tumour"
"ENSG00000138207.13","RBP4","ENSG00000138207",28014.5530324431,-1.91057232372589,-1.99830698570962,0.261898859771423,-7.6300713468309,2.34623827571835e-14,1.8985729432254e-13,"Down in tumour"
"ENSG00000185271.7","KLHL33","ENSG00000185271",14.4584976718819,-1.22924668719418,-1.26345831144106,0.165612531675798,-7.62900185545381,2.36578233737455e-14,1.91360563153472e-13,"Down in tumour"
"ENSG00000207392.1","SNORA20","ENSG00000207392",204.583650057507,-1.27100244436364,-1.31124504946809,0.171882136633142,-7.62874534348354,2.37049363775872e-14,1.91585057460835e-13,"Down in tumour"
"ENSG00000073861.2","TBX21","ENSG00000073861",34.2473319347423,-1.48662742174531,-1.5483031316318,0.202973250943053,-7.62811416991201,2.38212559496333e-14,1.92289608079564e-13,"Down in tumour"
"ENSG00000205790.1","DPP9-AS1","ENSG00000205790",56.2611812715852,-1.03948822252667,-1.06514865804385,0.139674595467455,-7.62592978686696,2.42281682600561e-14,1.95494551313204e-13,"Down in tumour"
"ENSG00000112299.7","VNN1","ENSG00000112299",1844.10873081628,-1.7963235204536,-1.89910095326675,0.249155166771026,-7.62216163476964,2.494623826216e-14,2.01173071020805e-13,"Down in tumour"
"ENSG00000120457.11","KCNJ5","ENSG00000120457",73.4106216108198,1.48540985721197,1.53167361436278,0.200984689308597,7.62084723782623,2.52016053774683e-14,2.03100722816055e-13,"Up in tumour"
"ENSG00000142347.16","MYO1F","ENSG00000142347",697.406247761712,-1.24308634619525,-1.28324312130049,0.168398192595991,-7.62029034586589,2.53105748091065e-14,2.03895892224927e-13,"Down in tumour"
"ENSG00000243710.7","CFAP57","ENSG00000243710",202.437068961357,-1.73616516648858,-1.8303066386076,0.240204386823416,-7.61978855928696,2.54091583796393e-14,2.04606782672173e-13,"Down in tumour"
"ENSG00000242076.2","IGKV1-33","ENSG00000242076",788.552003837623,-2.6257642807128,-2.87201424704451,0.37695948414826,-7.61889372151979,2.55859009724243e-14,2.05946213073279e-13,"Down in tumour"
"ENSG00000227351.2","NANOGP6","ENSG00000227351",62.0791454091931,-1.56249985540097,-1.62524183961938,0.213332098808112,-7.61836520945332,2.56908566977407e-14,2.06706962039992e-13,"Down in tumour"
"ENSG00000274628.4","RP11-399F4.2","ENSG00000274628",29.0435812455065,-1.79391836106869,-1.87695265363934,0.246512658189512,-7.6140213951869,2.65696787873374e-14,2.13517520193979e-13,"Down in tumour"
"ENSG00000182557.7","SPNS3","ENSG00000182557",15.2526738624971,-1.55703357420787,-1.62148520193594,0.213013337945796,-7.61212991436501,2.6961534266588e-14,2.16490729305711e-13,"Down in tumour"
"ENSG00000278921.2","EPB41L4A-AS2","ENSG00000278921",13.3906449925006,-1.47300211735118,-1.53192846478563,0.201353050251662,-7.60817113458645,2.78001583436751e-14,2.22772685868972e-13,"Down in tumour"
"ENSG00000177283.7","FZD8","ENSG00000177283",65.9874973752594,-1.14518718905137,-1.17811546602204,0.154884930901046,-7.60639178497439,2.81854015546056e-14,2.25585787695232e-13,"Down in tumour"
"ENSG00000255292.7","SDHD","ENSG00000255292",45.1725129862139,-2.21120162951841,-2.32159551897528,0.305228132122826,-7.60609942087861,2.82492009560564e-14,2.25913710918474e-13,"Down in tumour"
"ENSG00000129450.8","SIGLEC9","ENSG00000129450",84.7962693609433,-1.21876519780117,-1.25572984229789,0.16511433550467,-7.60521391713062,2.84433025354152e-14,2.27374106253422e-13,"Down in tumour"
"ENSG00000256847.1","CCND2P1","ENSG00000256847",129.144969244105,-1.85626718877318,-1.95302512815777,0.256845399162887,-7.6038937606945,2.87351174847967e-14,2.29521461007499e-13,"Down in tumour"
"ENSG00000122025.14","FLT3","ENSG00000122025",24.5338396824975,-1.76072314179921,-1.85571373609813,0.244297680226485,-7.59611689467425,3.05148903187388e-14,2.43344570539402e-13,"Down in tumour"
"ENSG00000214290.8","COLCA2","ENSG00000214290",24.0167060427382,1.50964860730719,1.56208726371319,0.205731559451223,7.59284218658508,3.12963623430087e-14,2.49275211209325e-13,"Up in tumour"
"ENSG00000205835.8","GMNC","ENSG00000205835",62.5868766979351,-1.96976845320677,-2.09191550010376,0.275542430698992,-7.59199044153388,3.15028263256318e-14,2.50661633725782e-13,"Down in tumour"
"ENSG00000271075.1","RP11-589M4.4","ENSG00000271075",32.6146971368684,-1.06021204808738,-1.08639797452559,0.143098344727368,-7.59196744445512,3.15084193760291e-14,2.50661633725782e-13,"Down in tumour"
"ENSG00000255339.6","RP11-411B6.6","ENSG00000255339",83.7839159059415,-1.00790623142778,-1.03234752272714,0.136075508534264,-7.58657846549358,3.28463474310205e-14,2.60990668286707e-13,"Down in tumour"
"ENSG00000181790.10","ADGRB1","ENSG00000181790",23.1232420390727,-1.70989922883635,-1.78461191302737,0.235269553457052,-7.58539252871559,3.3148198385438e-14,2.63283423211467e-13,"Down in tumour"
"ENSG00000242265.5","PEG10","ENSG00000242265",1914.08055370028,2.44859520463966,2.61185514682491,0.344514396104091,7.58126562013324,3.4220018812351e-14,2.71360910397782e-13,"Up in tumour"
"ENSG00000211651.3","IGLV1-44","ENSG00000211651",280.914395727317,-2.36121492065196,-2.54740113818507,0.336021454346063,-7.58106693854598,3.42724704867435e-14,2.71668004943578e-13,"Down in tumour"
"ENSG00000260645.1","RP11-250B2.5","ENSG00000260645",49.3979918674612,-1.01334467387669,-1.04189480541267,0.13744645585607,-7.5803686528208,3.44574450147244e-14,2.72964316635026e-13,"Down in tumour"
"ENSG00000245017.2","RP11-181C3.1","ENSG00000245017",19.3958838375176,-1.37796972237909,-1.43532186576159,0.189436246208091,-7.57680694424724,3.54163181026555e-14,2.80285959298624e-13,"Down in tumour"
"ENSG00000100344.10","PNPLA3","ENSG00000100344",940.020315490158,-1.25853495048801,-1.3023471014436,0.171912437182586,-7.57564212797704,3.57355642689911e-14,2.8269944987056e-13,"Down in tumour"
"ENSG00000153234.13","NR4A2","ENSG00000153234",307.712316363791,-1.30581399421633,-1.34964105207314,0.178211564150132,-7.57325181735203,3.63995750048528e-14,2.87837310455874e-13,"Down in tumour"
"ENSG00000176399.3","DMRTA1","ENSG00000176399",306.674030188467,-1.19915431491159,-1.23579066797754,0.16320389105656,-7.57206620489989,3.67334162517593e-14,2.90129492366748e-13,"Down in tumour"
"ENSG00000240671.4","IGKV1-8","ENSG00000240671",52.7053633454774,-2.70205661375004,-2.84318543806356,0.375757029008865,-7.56655290138693,3.83258149533569e-14,3.02224245168045e-13,"Down in tumour"
"ENSG00000260459.2","FTLP14","ENSG00000260459",22.8563404505314,-1.68774840058911,-1.75583144807607,0.232067697885291,-7.566031223113,3.84799599475031e-14,3.03318935579821e-13,"Down in tumour"
"ENSG00000259476.1","RP11-50C13.2","ENSG00000259476",28.2809167485898,-1.3328820630468,-1.37655122448672,0.182031321392828,-7.56216685103379,3.96409426756172e-14,3.12097525210219e-13,"Down in tumour"
"ENSG00000161944.16","ASGR2","ENSG00000161944",2868.64434649093,-1.59353574044481,-1.65698878797552,0.219125081456784,-7.56183991791152,3.97407296892585e-14,3.12758752580316e-13,"Down in tumour"
"ENSG00000094963.13","FMO2","ENSG00000094963",107.825069642346,-1.34930821436223,-1.38592540149106,0.183280205579684,-7.56178441151143,3.97576959463466e-14,3.12767915686025e-13,"Down in tumour"
"ENSG00000251364.6","CTD-2516F10.2","ENSG00000251364",130.391540442007,-1.08122084045276,-1.1111698863862,0.14698846731611,-7.55957189482454,4.04398121772955e-14,3.17881335355524e-13,"Down in tumour"
"ENSG00000280411.1","IGHV1-69D","ENSG00000280411",835.44812705223,-2.63709186389062,-2.88723047504237,0.382282656899314,-7.55260648877097,4.26632556877831e-14,3.34827049892265e-13,"Down in tumour"
"ENSG00000278621.1","CTD-2033D15.3","ENSG00000278621",106.099361681719,-1.7620556862102,-1.85612094379954,0.245792194290811,-7.55158620539209,4.29988786071738e-14,3.37327310452553e-13,"Down in tumour"
"ENSG00000179388.8","EGR3","ENSG00000179388",114.059726018025,-1.56604953202154,-1.63379999694597,0.216385329655963,-7.55041942789559,4.33858737428467e-14,3.40093702571155e-13,"Down in tumour"
"ENSG00000211598.2","IGKV4-1","ENSG00000211598",1225.64752857323,-2.37753361579979,-2.58067138508688,0.342038389858805,-7.54497583195908,4.5237138335704e-14,3.53904616236597e-13,"Down in tumour"
"ENSG00000236946.2","HNRNPA1P70","ENSG00000236946",24.9369280091074,-2.19188111855258,-2.32108604549765,0.307677053425421,-7.54390364720607,4.56108186363112e-14,3.5668705383979e-13,"Down in tumour"
"ENSG00000232710.1","RP4-669P10.16","ENSG00000232710",38.6107294930388,-1.54367609110694,-1.60269366689725,0.212457711187643,-7.54358906503398,4.57210322881692e-14,3.57407737788204e-13,"Down in tumour"
"ENSG00000085276.17","MECOM","ENSG00000085276",167.219868363304,1.22402371994008,1.25899673504603,0.166923552150902,7.54235528074478,4.61558209556255e-14,3.60664099555742e-13,"Up in tumour"
"ENSG00000273319.1","RP11-138A9.2","ENSG00000273319",1020.84917795782,-1.13357836429585,-1.16554390946295,0.15455325922226,-7.54137386250008,4.65045761096192e-14,3.63245885926477e-13,"Down in tumour"
"ENSG00000164483.16","SAMD3","ENSG00000164483",63.6420058228523,-1.46762410744337,-1.52644128941627,0.202523834938638,-7.53709453447176,4.80557968805296e-14,3.75066398918108e-13,"Down in tumour"
"ENSG00000125430.8","HS3ST3B1","ENSG00000125430",769.57274567856,-1.23143092547561,-1.27345390636918,0.169013667049098,-7.53462088955943,4.89755601066293e-14,3.82094308707337e-13,"Down in tumour"
"ENSG00000118520.14","ARG1","ENSG00000118520",4782.57751000069,-2.04681503429995,-2.16623391401209,0.287565029932805,-7.53302275495137,4.95789674100014e-14,3.86345079506361e-13,"Down in tumour"
"ENSG00000088053.11","GP6","ENSG00000088053",17.5323795894196,-1.32214503957723,-1.37072961235104,0.181970651230651,-7.53269608632449,4.97032043773863e-14,3.87008467443591e-13,"Down in tumour"
"ENSG00000143297.18","FCRL5","ENSG00000143297",188.008877006375,-2.34385876821818,-2.54547293244982,0.338035975419061,-7.53018352349691,5.06690559888518e-14,3.94063899877149e-13,"Down in tumour"
"ENSG00000239855.1","IGKV1-6","ENSG00000239855",116.599350026871,-2.56905118100099,-2.74242518940801,0.364234137804938,-7.52929202609968,5.10161718600076e-14,3.96607654998087e-13,"Down in tumour"
"ENSG00000198732.10","SMOC1","ENSG00000198732",1137.79847263646,-1.30081978362794,-1.34435984157404,0.178614002043884,-7.52662068029665,5.20703540381168e-14,4.04644097949134e-13,"Down in tumour"
"ENSG00000198899.2","MT-ATP6","ENSG00000198899",29119.1414642083,-1.11145000461067,-1.14436041939889,0.152084271957371,-7.52451522218978,5.29162885058223e-14,4.10573147156308e-13,"Down in tumour"
"ENSG00000111339.10","ART4","ENSG00000111339",523.551892571805,-1.3786298323674,-1.43006913874772,0.190218573943232,-7.518031016122,5.56073126120166e-14,4.30271907165615e-13,"Down in tumour"
"ENSG00000246379.6","RP11-461O7.1","ENSG00000246379",12.6131139982129,-1.98981200493872,-2.05993907025787,0.274067969488633,-7.51616131611945,5.64079464675936e-14,4.36296398762439e-13,"Down in tumour"
"ENSG00000283526.1","RP11-40A7.2","ENSG00000283526",29.7685214607352,-1.4303158276596,-1.48479231760785,0.197551101833624,-7.51599107181056,5.64814081299895e-14,4.36693949655032e-13,"Down in tumour"
"ENSG00000221926.11","TRIM16","ENSG00000221926",307.711359904216,1.13092502259245,1.16160466577849,0.154611901848058,7.51303523140173,5.77719717216308e-14,4.46149292347342e-13,"Up in tumour"
"ENSG00000266709.1","RP11-214O1.2","ENSG00000266709",65.6663330193914,-1.16636014102465,-1.20611333944328,0.160537432323005,-7.51297265684777,5.77996037168748e-14,4.46188594527342e-13,"Down in tumour"
"ENSG00000278716.1","LA16c-352F7.1","ENSG00000278716",13.7796321557496,-1.39515178082872,-1.44607051951344,0.192529878168232,-7.51088887227089,5.87272299757811e-14,4.52996127400871e-13,"Down in tumour"
"ENSG00000251685.3","UGT2B27P","ENSG00000251685",191.538379881858,-1.94672610677504,-2.05625530559762,0.27387768525947,-7.50793297982466,6.00682416609181e-14,4.62618952215779e-13,"Down in tumour"
"ENSG00000154556.17","SORBS2","ENSG00000154556",2956.72294216611,-1.16990962651097,-1.20728884731829,0.160845628523923,-7.50588535353776,6.10148006645865e-14,4.69543526265226e-13,"Down in tumour"
"ENSG00000110651.11","CD81","ENSG00000110651",3464.93569411116,-1.07050856048721,-1.0996868470241,0.146569877971411,-7.50281614642946,6.24611325867204e-14,4.79927483419626e-13,"Down in tumour"
"ENSG00000080166.15","DCT","ENSG00000080166",24.9941375335281,-1.59781349252981,-1.67651074676103,0.223534504655904,-7.5000087764605,6.38135606552467e-14,4.89748664617797e-13,"Down in tumour"
"ENSG00000099977.13","DDT","ENSG00000099977",1416.06786237793,-1.03996215654038,-1.06795806884513,0.142454840068811,-7.49681841858981,6.53854574512531e-14,5.01219370486023e-13,"Down in tumour"
"ENSG00000211949.3","IGHV3-23","ENSG00000211949",626.377937684462,-2.31941561939737,-2.53150346152927,0.337752875073519,-7.49513519604604,6.62300611708193e-14,5.0731099100388e-13,"Down in tumour"
"ENSG00000144481.16","TRPM8","ENSG00000144481",271.826233571654,-1.82491432812556,-1.94045583836703,0.259049905117035,-7.49066415403764,6.85259600059421e-14,5.24085906645136e-13,"Down in tumour"
"ENSG00000170476.15","MZB1","ENSG00000170476",192.424973454907,-2.03454745402169,-2.15836336966909,0.288308005066722,-7.48631093045644,7.08364671445995e-14,5.4112936865807e-13,"Down in tumour"
"ENSG00000211897.8","IGHG3","ENSG00000211897",1760.4262832756,-2.27643943795565,-2.48453983032837,0.331886290210369,-7.48611769637586,7.0940783669162e-14,5.41717180232918e-13,"Down in tumour"
"ENSG00000113492.13","AGXT2","ENSG00000113492",486.20592045695,-1.9929547150986,-2.10780972433655,0.281643520241768,-7.48396314080711,7.21141887436902e-14,5.50121776236619e-13,"Down in tumour"
"ENSG00000267675.1","RP11-1151B14.2","ENSG00000267675",54.7609772594908,-1.50876009887657,-1.57051813126171,0.209851672747567,-7.48394382898679,7.21247920645695e-14,5.50121776236619e-13,"Down in tumour"
"ENSG00000280135.1","RP1-47M23.3","ENSG00000280135",18.6024168998338,-1.57314775585497,-1.64738809040435,0.220276428919094,-7.47873069528208,7.50438751288253e-14,5.7128593093263e-13,"Down in tumour"
"ENSG00000075239.13","ACAT1","ENSG00000075239",2508.11420418354,-1.21689184153037,-1.25604753787983,0.167952304409399,-7.47859663073217,7.51204559073318e-14,5.71649051816154e-13,"Down in tumour"
"ENSG00000211669.2","IGLV3-10","ENSG00000211669",93.2561968458389,-2.86840042241518,-3.08888130105047,0.41326102534954,-7.47440748480424,7.75524834086994e-14,5.89476307261285e-13,"Down in tumour"
"ENSG00000138030.12","KHK","ENSG00000138030",1909.25469617302,-1.36600436527159,-1.41758965235497,0.18971871147828,-7.47206030079571,7.89488118659007e-14,5.99859436952695e-13,"Down in tumour"
"ENSG00000279236.1","RP11-120K19.3","ENSG00000279236",111.552542906083,-1.02066957038133,-1.05079047158867,0.140653626792464,-7.47076698661405,7.97287276948276e-14,6.05320562816925e-13,"Down in tumour"
"ENSG00000260953.1","RP11-426C22.6","ENSG00000260953",23.0758362598931,-1.21733705077374,-1.25513954427099,0.168008039407003,-7.47071121537457,7.97625295851565e-14,6.05344995429065e-13,"Down in tumour"
"ENSG00000113083.13","LOX","ENSG00000113083",181.835818646292,1.38741705150481,1.43084777704394,0.191532582846049,7.47051888395424,7.98792060992952e-14,6.05765948782893e-13,"Up in tumour"
"ENSG00000143494.15","VASH2","ENSG00000143494",57.5831368232256,1.27555507332173,1.31318285075989,0.175800027257212,7.46975339678748,8.03452484791656e-14,6.08833653578915e-13,"Up in tumour"
"ENSG00000130294.15","KIF1A","ENSG00000130294",77.3301441642131,-2.02331260901139,-2.14904178208256,0.287744809513753,-7.46856836692946,8.10719923308786e-14,6.13870674906305e-13,"Down in tumour"
"ENSG00000254656.1","RTL1","ENSG00000254656",57.2025012048823,-1.61572884974386,-1.69469499822255,0.226975147023249,-7.46643419091591,8.23971522037871e-14,6.23427688673378e-13,"Down in tumour"
"ENSG00000211947.2","IGHV3-21","ENSG00000211947",359.479841885204,-2.35934152737937,-2.58844195707679,0.346817721849654,-7.46340741549211,8.43131282744476e-14,6.37436878508839e-13,"Down in tumour"
"ENSG00000131482.9","G6PC","ENSG00000131482",11082.8514225684,-2.10740749121406,-2.24282600990029,0.30054901605709,-7.4624300532538,8.49411101287058e-14,6.41694424724227e-13,"Down in tumour"
"ENSG00000246223.8","LINC01550","ENSG00000246223",22.1730072535879,-1.69198012521462,-1.77437325133188,0.237834390622478,-7.46054112144106,8.61678569408145e-14,6.49969661749063e-13,"Down in tumour"
"ENSG00000188305.5","C19orf35","ENSG00000188305",22.6715850005394,-1.35751019450704,-1.41080194830547,0.189100783387539,-7.4605822516039,8.61409608441892e-14,6.49969661749063e-13,"Down in tumour"
"ENSG00000279764.1","RP11-441F2.4","ENSG00000279764",12.3749498470264,-1.81397062646863,-1.86889323375887,0.25073642084939,-7.45361693936545,9.0815429023046e-14,6.83723768221053e-13,"Down in tumour"
"ENSG00000164932.12","CTHRC1","ENSG00000164932",57.7614198161647,1.64365004020362,1.68367068780946,0.225923865665096,7.45238084012469,9.16706440556052e-14,6.8990002197437e-13,"Up in tumour"
"ENSG00000277632.1","CCL3","ENSG00000277632",137.406555087471,-1.27322450510392,-1.31838667154959,0.176934250547454,-7.45128016463942,9.24388231836427e-14,6.95416810062273e-13,"Down in tumour"
"ENSG00000122194.18","PLG","ENSG00000122194",21757.5920486635,-2.05140314884761,-2.15876232998791,0.28972680275073,-7.45102734538934,9.26161613714075e-14,6.96221679462313e-13,"Down in tumour"
"ENSG00000011347.9","SYT7","ENSG00000011347",939.262179898822,-1.77839199711834,-1.896867049537,0.254629699005821,-7.44951220122061,9.36859763590344e-14,7.03996404735903e-13,"Down in tumour"
"ENSG00000127528.5","KLF2","ENSG00000127528",184.364447025087,-1.14714278542413,-1.18218688884511,0.158700617764118,-7.44916374933231,9.39337243517291e-14,7.05590211041281e-13,"Down in tumour"
"ENSG00000267412.1","CTC-265F19.2","ENSG00000267412",12.6813670860838,-1.44937048044379,-1.50668470037093,0.20239945259024,-7.44411450272661,9.75968233689945e-14,7.31994666518571e-13,"Down in tumour"
"ENSG00000134326.11","CMPK2","ENSG00000134326",170.804223938411,-1.01031420774948,-1.04103470035649,0.139845740257302,-7.44416453759039,9.75598446269129e-14,7.31994666518571e-13,"Down in tumour"
"ENSG00000240382.3","IGKV1-17","ENSG00000240382",177.78614216861,-2.3902646101051,-2.58942121222362,0.347934437232117,-7.4422676663539,9.89714262018233e-14,7.41742309281594e-13,"Down in tumour"
"ENSG00000133067.17","LGR6","ENSG00000133067",46.1053449066499,-1.72191074875587,-1.83331973057542,0.246463422217647,-7.43850634743052,1.01830083601774e-13,7.62300622061241e-13,"Down in tumour"
"ENSG00000242048.3","RP13-452N2.1","ENSG00000242048",107.049921386822,-1.29601373081897,-1.3406651746584,0.180262439504054,-7.43729630169713,1.02766872961881e-13,7.69022577139703e-13,"Down in tumour"
"ENSG00000066735.14","KIF26A","ENSG00000066735",66.7477654739084,-1.22150031093234,-1.26042452480541,0.169478702428233,-7.43706735269079,1.02945070449369e-13,7.70064920409814e-13,"Down in tumour"
"ENSG00000250860.1","CTD-2265D6.2","ENSG00000250860",73.8179039650646,-1.47183115487714,-1.53732937412146,0.206727701380441,-7.43649430558084,1.03392421612341e-13,7.7311907856935e-13,"Down in tumour"
"ENSG00000255004.1","RP1-68D18.3","ENSG00000255004",14.9240575893806,-2.31814501494571,-2.38762889115083,0.321131306524804,-7.435054890752,1.04524549756535e-13,7.81289431016277e-13,"Down in tumour"
"ENSG00000225028.1","RP11-330M19.1","ENSG00000225028",22.6891355826156,-1.32014256703541,-1.36402904647411,0.183465412147811,-7.43480218154235,1.04724563923252e-13,7.82488974606614e-13,"Down in tumour"
"ENSG00000256197.1","TSPAN9-IT1","ENSG00000256197",11.9765848954627,-1.28600973637097,-1.32562016717166,0.178313954851553,-7.43419194686836,1.05209104366075e-13,7.85812755742536e-13,"Down in tumour"
"ENSG00000180543.4","TSPYL5","ENSG00000180543",70.3208497613286,-1.21887259624443,-1.25925422192376,0.16939175790045,-7.43397575851249,1.05381290927797e-13,7.8680192053334e-13,"Down in tumour"
"ENSG00000222041.10","CYTOR","ENSG00000222041",109.293851539058,1.00689600232673,1.0321447262475,0.138894917649966,7.43111946578669,1.07682398897654e-13,8.03679382119633e-13,"Up in tumour"
"ENSG00000162543.5","UBXN10","ENSG00000162543",285.916626141025,-1.54511240327964,-1.61164557393085,0.216894442778074,-7.43055263790177,1.08144888455068e-13,8.06826904331381e-13,"Down in tumour"
"ENSG00000211942.3","IGHV3-13","ENSG00000211942",32.387512394104,-2.50207149027245,-2.73573099909322,0.368349575474337,-7.42699647629653,1.11091318749459e-13,8.28184735219602e-13,"Down in tumour"
"ENSG00000065717.14","TLE2","ENSG00000065717",166.023199888684,-1.13137458019677,-1.16741884248767,0.157217123611832,-7.42551966139525,1.12337978663833e-13,8.37163257414627e-13,"Down in tumour"
"ENSG00000179921.14","GPBAR1","ENSG00000179921",16.3836177161884,-1.26380395750639,-1.30844593560749,0.176287662573331,-7.42222068469035,1.15172696659905e-13,8.57642281786866e-13,"Down in tumour"
"ENSG00000101670.11","LIPG","ENSG00000101670",1665.34609644161,-1.21143718818894,-1.25158298238405,0.168664992290979,-7.4205261292446,1.16655990293224e-13,8.67708386273503e-13,"Down in tumour"
"ENSG00000163508.12","EOMES","ENSG00000163508",65.1719195282031,-1.55737797147855,-1.62878572561664,0.219598355064565,-7.4171125969398,1.19701180151455e-13,8.89690371287177e-13,"Down in tumour"
"ENSG00000156011.16","PSD3","ENSG00000156011",3315.30299529522,-1.04520170409061,-1.07453671238792,0.144878708039083,-7.41680214388745,1.19981977815362e-13,8.91108175196798e-13,"Down in tumour"
"ENSG00000103196.11","CRISPLD2","ENSG00000103196",598.110534256678,-1.46368731677176,-1.526998610727,0.205898402344203,-7.41627226506737,1.20462737092467e-13,8.94343194025204e-13,"Down in tumour"
"ENSG00000064225.12","ST3GAL6","ENSG00000064225",395.113278818146,-1.00072626564576,-1.02799407768663,0.138700691324979,-7.41160024414017,1.24784421242679e-13,9.24694140642588e-13,"Down in tumour"
"ENSG00000232677.6","LINC00665","ENSG00000232677",102.12162821662,1.37242889890488,1.41837455680229,0.19139290787116,7.41079997466308,1.25539812766015e-13,9.29943680418314e-13,"Up in tumour"
"ENSG00000158258.16","CLSTN2","ENSG00000158258",184.367976484354,-1.68679495580222,-1.77163755035883,0.239129631425845,-7.40869100911998,1.2755210238756e-13,9.4414314231749e-13,"Down in tumour"
"ENSG00000187391.19","MAGI2","ENSG00000187391",239.161965618301,-1.37940568005908,-1.43407509531453,0.193592313655344,-7.40770678461772,1.28502024993667e-13,9.50818908672765e-13,"Down in tumour"
"ENSG00000132514.13","CLEC10A","ENSG00000132514",125.393696426547,-1.10026864392833,-1.13260878290166,0.152926013717738,-7.40625322904292,1.29917649484133e-13,9.60934243736714e-13,"Down in tumour"
"ENSG00000243759.1","ST13P15","ENSG00000243759",27.3995422492211,-1.13351054236027,-1.16844559417831,0.157766260890062,-7.40618169934655,1.29987706814259e-13,9.61093268948308e-13,"Down in tumour"
"ENSG00000105963.13","ADAP1","ENSG00000105963",87.1160942740667,-1.39426380016031,-1.45142948938516,0.195986079656498,-7.4057784712519,1.30383329921901e-13,9.63658420143458e-13,"Down in tumour"
"ENSG00000101188.4","NTSR1","ENSG00000101188",50.0858313280147,-1.76154051751266,-1.82821561547554,0.246908303499162,-7.40443148151049,1.31713512565897e-13,9.73126373354537e-13,"Down in tumour"
"ENSG00000117318.8","ID3","ENSG00000117318",234.457832490098,-1.09333071100991,-1.12546147034354,0.152000882988092,-7.40430876596757,1.31835357639622e-13,9.73663146925763e-13,"Down in tumour"
"ENSG00000263096.1","RP11-515O17.2","ENSG00000263096",249.698472999515,-1.59412245741798,-1.67332895349208,0.22641829728979,-7.39043166352585,1.46352902434969e-13,1.07726403789339e-12,"Down in tumour"
"ENSG00000150627.15","WDR17","ENSG00000150627",25.9403887940117,-1.56870752374192,-1.64498677264262,0.222698727996679,-7.38660156454575,1.50629100394407e-13,1.10791593612282e-12,"Down in tumour"
"ENSG00000146192.14","FGD2","ENSG00000146192",616.388665325534,-1.17989305521752,-1.21816967265042,0.164967449180037,-7.3843032592507,1.5325378281726e-13,1.1255480977002e-12,"Down in tumour"
"ENSG00000153132.12","CLGN","ENSG00000153132",74.8607407494882,2.47283334243869,2.50012991787243,0.338645089970195,7.3827437394485,1.55060304923438e-13,1.13828822506406e-12,"Up in tumour"
"ENSG00000091972.18","CD200","ENSG00000091972",32.303386864827,1.32403567577292,1.36848588709121,0.185490764401707,7.37764972560874,1.61108148408799e-13,1.17842334865313e-12,"Up in tumour"
"ENSG00000182010.10","RTKN2","ENSG00000182010",46.7472894048781,1.5629652147358,1.62452451603928,0.220302922577321,7.37404886432728,1.65522474868942e-13,1.20892485058339e-12,"Up in tumour"
"ENSG00000114279.13","FGF12","ENSG00000114279",19.3087101155809,1.43024787939027,1.46030061608543,0.198058129906333,7.37309100502991,1.66716596203122e-13,1.21719719241918e-12,"Up in tumour"
"ENSG00000211972.2","IGHV3-66","ENSG00000211972",50.6709946851664,-2.30675279549285,-2.50789718679946,0.340184297530243,-7.37217209908553,1.67870109276021e-13,1.22516706227887e-12,"Down in tumour"
"ENSG00000092607.13","TBX15","ENSG00000092607",268.237987034944,-1.62305344365567,-1.70860213306891,0.231945718499313,-7.36638789507974,1.7531323578682e-13,1.27760488804438e-12,"Down in tumour"
"ENSG00000234678.1","ELF3-AS1","ENSG00000234678",21.1185822168207,1.12128403756904,1.15187164386815,0.156401591658707,7.36483325810208,1.77368424359279e-13,1.29115602182538e-12,"Up in tumour"
"ENSG00000235286.1","AP000925.2","ENSG00000235286",128.104747075329,-1.0263200189071,-1.0540526024737,0.143129519419617,-7.36432712656221,1.78042610484245e-13,1.29558727548333e-12,"Down in tumour"
"ENSG00000198719.8","DLL1","ENSG00000198719",122.539936577293,-1.17896859610737,-1.21747958453585,0.165331223522546,-7.36388177983712,1.78637910877434e-13,1.29944144432086e-12,"Down in tumour"
"ENSG00000278863.1","RP11-567L7.3","ENSG00000278863",28.5108945366542,-1.10371157914838,-1.13471640353777,0.154101345853915,-7.36344252705918,1.79226980915922e-13,1.3032474773214e-12,"Down in tumour"
"ENSG00000144035.3","NAT8","ENSG00000144035",233.262220921505,-1.49051774191719,-1.56028095446827,0.211940388116206,-7.36188589790057,1.81329940482739e-13,1.31805490707853e-12,"Down in tumour"
"ENSG00000233670.6","PIRT","ENSG00000233670",33.1067997127747,-1.47285014299506,-1.53223168917994,0.208217750734733,-7.35879474143385,1.85578123665727e-13,1.34744967047533e-12,"Down in tumour"
"ENSG00000075884.13","ARHGAP15","ENSG00000075884",232.62881930709,-1.29595233185966,-1.34531935158866,0.182925625320764,-7.35446085932256,1.91699266030891e-13,1.38985478847964e-12,"Down in tumour"
"ENSG00000237517.9","DGCR5","ENSG00000237517",143.543798217217,-1.7206443156657,-1.81587231126636,0.246930469150752,-7.35377986164098,1.92678966177992e-13,1.39644627519627e-12,"Down in tumour"
"ENSG00000169083.16","AR","ENSG00000169083",3209.97559002563,-1.68686051434875,-1.77280677676263,0.24120652872818,-7.34974623659726,1.98583504407657e-13,1.4376603155599e-12,"Down in tumour"
"ENSG00000156413.13","FUT6","ENSG00000156413",161.695013662427,-1.77736222816396,-1.89235573178357,0.257606075836075,-7.34592817984523,2.04336080208033e-13,1.47822515919503e-12,"Down in tumour"
"ENSG00000212283.1","SNORD89","ENSG00000212283",473.818542832907,-1.15978619129127,-1.19622666246815,0.162847530576507,-7.34568499892697,2.04707970298679e-13,1.48037444505727e-12,"Down in tumour"
"ENSG00000147872.9","PLIN2","ENSG00000147872",5086.17985302298,-1.13244792722474,-1.16760738321635,0.158954265643771,-7.34555551867386,2.04906252185856e-13,1.48126714737569e-12,"Down in tumour"
"ENSG00000177374.12","HIC1","ENSG00000177374",181.142055122291,-1.05559758354121,-1.08528324039904,0.147797875211399,-7.3430232934454,2.08822166800352e-13,1.50682360462245e-12,"Down in tumour"
"ENSG00000276566.1","IGKV1D-13","ENSG00000276566",120.984096344811,-2.78814328423087,-2.79296130104384,0.38051026281125,-7.34004197523911,2.13526877093802e-13,1.53964935457837e-12,"Down in tumour"
"ENSG00000276075.1","CTD-2012K14.8","ENSG00000276075",23.2516586602739,-1.27292233508643,-1.31559366572652,0.179245720679059,-7.33960989831439,2.1421730490545e-13,1.54350313651022e-12,"Down in tumour"
"ENSG00000231475.3","IGHV4-31","ENSG00000231475",163.245289207733,-2.74094134026726,-2.85908089771185,0.38958832018383,-7.33872333842754,2.15640837559788e-13,1.55262971910545e-12,"Down in tumour"
"ENSG00000135119.14","RNFT2","ENSG00000135119",31.7055297531573,1.44856311648924,1.50253714364209,0.204808474151797,7.33630358736261,2.19573652401757e-13,1.58037138254108e-12,"Up in tumour"
"ENSG00000276168.1","RN7SL1","ENSG00000276168",2268476.61410066,-1.18183790344407,-1.22020708154494,0.166401475001144,-7.33291024936256,2.25207766202321e-13,1.61856837924566e-12,"Down in tumour"
"ENSG00000235903.7","CPB2-AS1","ENSG00000235903",457.060777754577,-1.73542733158355,-1.82615859794999,0.249236594032529,-7.32700831929861,2.35347220317918e-13,1.68898750244835e-12,"Down in tumour"
"ENSG00000196562.14","SULF2","ENSG00000196562",876.0496274793,-1.17376919455568,-1.2128213825072,0.165543538934238,-7.3262985092338,2.36596475955126e-13,1.69733745870961e-12,"Down in tumour"
"ENSG00000226380.9","AC058791.1","ENSG00000226380",645.997379171598,-1.07370058840279,-1.1050618403685,0.150846017917808,-7.32576076997021,2.37547223971326e-13,1.70354065364654e-12,"Down in tumour"
"ENSG00000255819.7","KLRC4-KLRK1","ENSG00000255819",39.5293698128284,-1.82937100992157,-1.94000685901779,0.264888216618467,-7.32386998479472,2.40920112912529e-13,1.72647784028881e-12,"Down in tumour"
"ENSG00000198821.10","CD247","ENSG00000198821",90.3279237897409,-1.24205579135383,-1.28606994835007,0.175685809907023,-7.32028357344674,2.47447494352716e-13,1.77068989722463e-12,"Down in tumour"
"ENSG00000179761.11","PIPOX","ENSG00000179761",2439.07044373338,-1.55909446105451,-1.63204531943775,0.223088555307552,-7.3156837525251,2.56074099245392e-13,1.83109633177892e-12,"Down in tumour"
"ENSG00000144485.10","HES6","ENSG00000144485",34.0728107630745,1.1916152368955,1.22791854551312,0.167898586997576,7.31345371912418,2.60362008711373e-13,1.85974205645045e-12,"Up in tumour"
"ENSG00000155066.15","PROM2","ENSG00000155066",42.9662083887255,-1.56198634312309,-1.63090644512358,0.22303798505221,-7.31223627554653,2.62732590152188e-13,1.87532136923269e-12,"Down in tumour"
"ENSG00000276368.1","HIST1H2AJ","ENSG00000276368",27.967927036414,1.76148504884495,1.78063357799333,0.243544625423251,7.31132364304408,2.64523540682547e-13,1.88742409543246e-12,"Up in tumour"
"ENSG00000183918.15","SH2D1A","ENSG00000183918",60.376876128587,-1.61722762165081,-1.70493807040761,0.233316952340813,-7.3073904544971,2.72380217774193e-13,1.94108058624793e-12,"Down in tumour"
"ENSG00000136883.13","KIF12","ENSG00000136883",429.969175107202,-1.5506669448364,-1.62433036254424,0.222286802608325,-7.30736302598382,2.72435804001251e-13,1.94108058624793e-12,"Down in tumour"
"ENSG00000211945.2","IGHV1-18","ENSG00000211945",432.544926867289,-2.45485039090599,-2.70975503242406,0.370958297632153,-7.30474301214065,2.7779717104066e-13,1.97714469845659e-12,"Down in tumour"
"ENSG00000065154.11","OAT","ENSG00000065154",1040.12986966479,-1.58530667201263,-1.6640513546675,0.227818719236331,-7.30427842034029,2.78758629157337e-13,1.98327445970926e-12,"Down in tumour"
"ENSG00000211946.3","IGHV3-20","ENSG00000211946",108.284262787278,-2.48643978649051,-2.74329020776012,0.375711689852951,-7.30158332000214,2.84400870508854e-13,2.02269005748536e-12,"Down in tumour"
"ENSG00000180644.7","PRF1","ENSG00000180644",156.389246267285,-1.2157298755707,-1.25755759968897,0.172299762342017,-7.29866125521816,2.90645027494507e-13,2.06561473220782e-12,"Down in tumour"
"ENSG00000157514.16","TSC22D3","ENSG00000157514",1686.86281080682,-1.09141657699532,-1.12519326338497,0.154169349700597,-7.29842387977985,2.91158148192787e-13,2.0685187462957e-12,"Down in tumour"
"ENSG00000112414.14","ADGRG6","ENSG00000112414",2189.89139946719,-1.15461479053963,-1.19106412063011,0.163205931711577,-7.29792176141609,2.92246481717561e-13,2.07550578135475e-12,"Down in tumour"
"ENSG00000156113.22","KCNMA1","ENSG00000156113",465.017468549047,-1.07860055123038,-1.11060711295565,0.152303000392673,-7.29208951952518,3.05184260149746e-13,2.16350718522347e-12,"Down in tumour"
"ENSG00000129946.10","SHC2","ENSG00000129946",893.237642608166,-1.03491579963479,-1.06404588481551,0.145965348842469,-7.28971562945302,3.10609932487497e-13,2.20039455752506e-12,"Down in tumour"
"ENSG00000253641.5","LINCR-0001","ENSG00000253641",14.7683731495268,-1.29103787631633,-1.33677948373196,0.183527845699846,-7.28379651945687,3.24554428358147e-13,2.29589199445776e-12,"Down in tumour"
"ENSG00000250461.1","RP11-631M6.2","ENSG00000250461",154.859927786724,-1.15039026001471,-1.18787513482096,0.163116118232207,-7.2823896724292,3.2795812668269e-13,2.31686545400109e-12,"Down in tumour"
"ENSG00000105398.3","SULT2A1","ENSG00000105398",6268.62717241734,-2.03789175903843,-2.16298581677784,0.297104639573812,-7.28021554924413,3.3328722260267e-13,2.35262268080408e-12,"Down in tumour"
"ENSG00000213186.7","TRIM59","ENSG00000213186",70.606246173517,1.10194841561394,1.12161674393266,0.154071347273935,7.27985289788144,3.34184372393948e-13,2.35811453932029e-12,"Up in tumour"
"ENSG00000124564.17","SLC17A3","ENSG00000124564",264.823420145562,-1.57008849867702,-1.64594518102725,0.226101436382621,-7.27967591608705,3.34623061857871e-13,2.3603685899333e-12,"Down in tumour"
"ENSG00000160202.7","CRYAA","ENSG00000160202",97.3575865175134,-2.28046017453667,-2.47969367507114,0.340651249986481,-7.27927367115063,3.35622221608068e-13,2.36657307883452e-12,"Down in tumour"
"ENSG00000166793.10","YPEL4","ENSG00000166793",65.9848694854649,-1.04527846539374,-1.07518640970085,0.147719153218767,-7.27858497881136,3.37339711898163e-13,2.37699000270571e-12,"Down in tumour"
"ENSG00000248923.1","MTND5P11","ENSG00000248923",157.354970144805,-1.01160437984793,-1.03870958929423,0.142709560787863,-7.27848634359028,3.37586398202932e-13,2.37788170093617e-12,"Down in tumour"
"ENSG00000236182.1","RP11-297K7.1","ENSG00000236182",25.895103274668,-1.34045179002535,-1.39058110522375,0.191069348913195,-7.27788686743005,3.39089500751661e-13,2.38761952628162e-12,"Down in tumour"
"ENSG00000044524.10","EPHA3","ENSG00000044524",235.682440626538,-1.47278145754418,-1.53645604855247,0.211119746145104,-7.27765202737808,3.39680119356483e-13,2.39067802229026e-12,"Down in tumour"
"ENSG00000139289.13","PHLDA1","ENSG00000139289",1300.64598701156,-1.19366448395094,-1.23443098390362,0.169642724163359,-7.27665150386832,3.42207760196087e-13,2.40700717752706e-12,"Down in tumour"
"ENSG00000105369.9","CD79A","ENSG00000105369",67.9523316007695,-2.10793599826367,-2.28500205506333,0.314079616159126,-7.2752319396164,3.45825755593916e-13,2.43056356300988e-12,"Down in tumour"
"ENSG00000106483.11","SFRP4","ENSG00000106483",99.2503873099844,1.83920663919137,1.91046937124385,0.262600502569974,7.27519312623851,3.45925203708322e-13,2.43056356300988e-12,"Up in tumour"
"ENSG00000186481.16","ANKRD20A5P","ENSG00000186481",21.4818452342551,-1.57687676818816,-1.65779308654045,0.227891335256753,-7.27448932919146,3.47733360792187e-13,2.4415347322312e-12,"Down in tumour"
"ENSG00000164687.10","FABP5","ENSG00000164687",118.805891419624,1.18175851687113,1.21853356076718,0.167540160085385,7.27308342158782,3.51373176302365e-13,2.46621605622436e-12,"Up in tumour"
"ENSG00000134716.9","CYP2J2","ENSG00000134716",904.520437370026,-1.5353343740672,-1.60357380461641,0.220630831393025,-7.26813108798856,3.64494999448505e-13,2.55469175782021e-12,"Down in tumour"
"ENSG00000211640.4","IGLV6-57","ENSG00000211640",130.274509297381,-2.49158874269551,-2.84244342782552,0.391161588108504,-7.26667319654368,3.68448726056995e-13,2.5814887202995e-12,"Down in tumour"
"ENSG00000270098.1","LDHAL6EP","ENSG00000270098",12.5390636978885,-1.38907594793151,-1.44555782754778,0.199007847400152,-7.26382324331733,3.76299671961843e-13,2.63276755289528e-12,"Down in tumour"
"ENSG00000182168.14","UNC5C","ENSG00000182168",96.9155360424631,-1.33952490953688,-1.39455500580545,0.19222971357687,-7.25462770482559,4.02768111782252e-13,2.81000678058023e-12,"Down in tumour"
"ENSG00000211660.3","IGLV2-23","ENSG00000211660",276.479917102178,-2.3229683483259,-2.54048165562582,0.35024119683289,-7.25352036995796,4.06076276067073e-13,2.83208870056222e-12,"Down in tumour"
"ENSG00000106991.13","ENG","ENSG00000106991",1093.36648192654,-1.02707208165183,-1.06611507992286,0.147014940947305,-7.25174647592443,4.11431475223873e-13,2.86842662525753e-12,"Down in tumour"
"ENSG00000105501.12","SIGLEC5","ENSG00000105501",17.6173162026332,-2.14212644426214,-2.2722175587788,0.313370007450338,-7.25090948322133,4.13982289440467e-13,2.88417861840731e-12,"Down in tumour"
"ENSG00000240505.8","TNFRSF13B","ENSG00000240505",22.3982746619935,-2.1398954747484,-2.3062160448202,0.318327527100129,-7.24478987359073,4.33110151135263e-13,3.01319832035862e-12,"Down in tumour"
"ENSG00000248873.1","SERBP1P6","ENSG00000248873",17.3766640613225,-1.31052248089922,-1.36264334095166,0.188138228823073,-7.24277755497055,4.39587587426398e-13,3.05504112286892e-12,"Down in tumour"
"ENSG00000243444.7","PALM2","ENSG00000243444",282.752844079736,-1.1142443439161,-1.14998497319894,0.158806373125086,-7.24142835434657,4.43983689910224e-13,3.08451006472203e-12,"Down in tumour"
"ENSG00000164674.15","SYTL3","ENSG00000164674",143.681392410155,-1.45877485219703,-1.52541630044501,0.210763363382952,-7.2375780873897,4.56767768820745e-13,3.16776609960372e-12,"Down in tumour"
"ENSG00000276216.1","CH17-373J23.1","ENSG00000276216",101.077293633791,-1.24578438743692,-1.2956527160886,0.17902623215326,-7.23722272711085,4.57965734165966e-13,3.17496174302871e-12,"Down in tumour"
"ENSG00000276085.1","CCL3L3","ENSG00000276085",71.3585959649709,-1.09507088357677,-1.1302700613346,0.156191879432318,-7.23642013555754,4.60682737567002e-13,3.1926797705405e-12,"Down in tumour"
"ENSG00000161381.13","PLXDC1","ENSG00000161381",164.250936506788,1.05499869205364,1.08437450451917,0.149920254692699,7.23300868679743,4.72409169238031e-13,3.27165664336191e-12,"Up in tumour"
"ENSG00000276490.1","RP11-400G3.5","ENSG00000276490",480.971934358136,-1.83059749918162,-1.93732056999247,0.267885145012521,-7.23190742772212,4.76256815959161e-13,3.29714975805515e-12,"Down in tumour"
"ENSG00000137841.11","PLCB2","ENSG00000137841",628.899468550024,-1.24952266896047,-1.29623565741915,0.179251013226606,-7.23139933262452,4.78042387153093e-13,3.30719782206262e-12,"Down in tumour"
"ENSG00000232457.4","SLC16A6P1","ENSG00000232457",13.5607515800487,1.01985106524503,1.04523275811596,0.144601400120513,7.22837232035681,4.88817088177634e-13,3.37937709615784e-12,"Up in tumour"
"ENSG00000099337.4","KCNK6","ENSG00000099337",147.389554729139,-1.25175672533216,-1.29830420961258,0.179650359089366,-7.22683893421409,4.94365832680287e-13,3.41535180671586e-12,"Down in tumour"
"ENSG00000173369.15","C1QB","ENSG00000173369",1686.88173815698,-1.19919139394147,-1.24085151560403,0.171714932993525,-7.22622950707972,4.96588251692576e-13,3.42950846676593e-12,"Down in tumour"
"ENSG00000130234.10","ACE2","ENSG00000130234",168.002963094111,-1.99850794855811,-2.15090821910619,0.297674314754177,-7.22570981941264,4.98491161637349e-13,3.44144944621139e-12,"Down in tumour"
"ENSG00000277135.1","RP11-327J17.9","ENSG00000277135",16.0881146200861,-1.3656504549944,-1.41738016772789,0.196166650296678,-7.22538803402247,4.99673011501273e-13,3.44840582867667e-12,"Down in tumour"
"ENSG00000211933.2","IGHV6-1","ENSG00000211933",50.6849438522182,-2.76363511264496,-3.01224313548741,0.416981383966232,-7.22392713755142,5.05073265387944e-13,3.48445979150351e-12,"Down in tumour"
"ENSG00000143110.11","C1orf162","ENSG00000143110",138.765469428121,-1.028564362658,-1.05765250434495,0.146418323573408,-7.22349825166991,5.06669509121311e-13,3.49425421395056e-12,"Down in tumour"
"ENSG00000139144.9","PIK3C2G","ENSG00000139144",817.793731633056,-1.93756530509443,-2.06713556997451,0.286238713461685,-7.22171905042191,5.13344468878733e-13,3.53782279683731e-12,"Down in tumour"
"ENSG00000176788.8","BASP1","ENSG00000176788",181.162384950124,-1.51440115891246,-1.59606287815421,0.221042823681891,-7.22060482022771,5.17568569293634e-13,3.56569254856557e-12,"Down in tumour"
"ENSG00000279885.1","RP11-637N19.1","ENSG00000279885",167.64827558836,-1.02478286055845,-1.05298950085643,0.145846982675432,-7.21982369151754,5.2055019524178e-13,3.58373913545063e-12,"Down in tumour"
"ENSG00000110848.8","CD69","ENSG00000110848",146.297403656331,-1.57722461739534,-1.65853429703254,0.22972826746088,-7.21954818779526,5.21605831054891e-13,3.58975807165141e-12,"Down in tumour"
"ENSG00000239799.1","ITIH4-AS1","ENSG00000239799",59.3491490472118,-1.57469703965148,-1.64582582857426,0.228045280853154,-7.21710101790733,5.3107527026685e-13,3.65111942493636e-12,"Down in tumour"
"ENSG00000134321.11","RSAD2","ENSG00000134321",155.19208017565,-1.06435099215612,-1.09700613422791,0.152022243562435,-7.21608962294635,5.35038021177081e-13,3.67708595595763e-12,"Down in tumour"
"ENSG00000241755.1","IGKV1-9","ENSG00000241755",183.744414899987,-2.3946678781319,-2.63765783028458,0.365571476333184,-7.21516311048458,5.38693663715183e-13,3.70092456991136e-12,"Down in tumour"
"ENSG00000272129.1","RP11-250B2.6","ENSG00000272129",42.4671980809339,-1.00781133784934,-1.03183779183486,0.143076274892228,-7.21180218461859,5.52161499672493e-13,3.79081948075534e-12,"Down in tumour"
"ENSG00000102452.15","NALCN","ENSG00000102452",64.5805849790629,-1.84809480233688,-1.96546732261577,0.272539737404734,-7.21167247511126,5.52687840799357e-13,3.79311734845412e-12,"Down in tumour"
"ENSG00000238961.1","SNORA47","ENSG00000238961",633.013228916835,-1.10813863848215,-1.14338734593666,0.158571704422342,-7.21053828677621,5.57311236157241e-13,3.82352211343511e-12,"Down in tumour"
"ENSG00000134760.5","DSG1","ENSG00000134760",275.886030982863,-1.93984843499295,-2.1005728204344,0.291325869757407,-7.21038890979228,5.57922977997437e-13,3.82515071808631e-12,"Down in tumour"
"ENSG00000229220.1","RP11-47A17.2","ENSG00000229220",28.8479026108917,-1.05556277702413,-1.08992998801925,0.151161116290444,-7.2103859429368,5.57935134800949e-13,3.82515071808631e-12,"Down in tumour"
"ENSG00000270872.2","SRGAP2D","ENSG00000270872",51.340190379719,1.29908484902611,1.34673312973636,0.186849499368285,7.20758222146428,5.6954050966169e-13,3.89931349281696e-12,"Up in tumour"
"ENSG00000203761.5","MSTO2P","ENSG00000203761",32.185636689969,1.08294900494642,1.11335643978248,0.154530882701941,7.20475040532784,5.81502672388705e-13,3.97825282979451e-12,"Up in tumour"
"ENSG00000249604.1","RP11-286E11.2","ENSG00000249604",22.7780836513815,-1.01267551041694,-1.04012267076979,0.144384284113285,-7.20384962364535,5.85359209958642e-13,4.00069573298046e-12,"Down in tumour"
"ENSG00000100385.13","IL2RB","ENSG00000100385",231.401845566413,-1.31813909850934,-1.37075363019419,0.190325969915265,-7.20213658075386,5.92762706746541e-13,4.04710322684867e-12,"Down in tumour"
"ENSG00000161544.9","CYGB","ENSG00000161544",122.914182188381,-1.09693537197375,-1.13077045884776,0.157014643887182,-7.20168788626007,5.94717036393163e-13,4.0576471221406e-12,"Down in tumour"
"ENSG00000161533.11","ACOX1","ENSG00000161533",6862.68111734085,-1.03933486961673,-1.07040725120048,0.148644761804756,-7.2011098016791,5.97244263583056e-13,4.07348577157114e-12,"Down in tumour"
"ENSG00000143199.17","ADCY10","ENSG00000143199",218.863805869094,-1.51379427885146,-1.59253338318742,0.221172115482265,-7.20042569432817,6.00248616612146e-13,4.08974900812537e-12,"Down in tumour"
"ENSG00000236136.1","ADORA2BP1","ENSG00000236136",13.1970330828579,-1.75342582910159,-1.84839293306859,0.256741806098238,-7.19942326946684,6.04677721671515e-13,4.11567611590244e-12,"Down in tumour"
"ENSG00000212907.2","MT-ND4L","ENSG00000212907",8148.16722680077,-1.06875855245417,-1.10098314781845,0.1529973393596,-7.19609342506762,6.19621816082992e-13,4.21304520980098e-12,"Down in tumour"
"ENSG00000238290.1","RP11-431K24.1","ENSG00000238290",14.3265518341815,-1.2009353897703,-1.23995359739994,0.172316016200592,-7.19581165314616,6.20902899493399e-13,4.22030600606897e-12,"Down in tumour"
"ENSG00000255733.5","IFNG-AS1","ENSG00000255733",44.1603395222543,-1.98038194532091,-2.1237415058985,0.295203791068925,-7.19415390367614,6.28492719884353e-13,4.26896239007241e-12,"Down in tumour"
"ENSG00000167261.13","DPEP2","ENSG00000167261",64.5145682533114,-1.16407721744511,-1.20265847760682,0.167207122947129,-7.19262706282616,6.35563721682697e-13,4.31255150609037e-12,"Down in tumour"
"ENSG00000147647.12","DPYS","ENSG00000147647",3252.26367269373,-1.80595226525684,-1.90953531386231,0.265621484542784,-7.18893397177269,6.52991408652463e-13,4.42322346045797e-12,"Down in tumour"
"ENSG00000197380.10","DACT3","ENSG00000197380",32.5455649486975,-1.46962245936685,-1.53442600135045,0.213499487775531,-7.18702427503579,6.62186409738226e-13,4.48397386518943e-12,"Down in tumour"
"ENSG00000253215.1","RP11-156K13.2","ENSG00000253215",23.7978997166363,-1.66510754615101,-1.76077522482849,0.245025684946147,-7.18608428832872,6.66758913211326e-13,4.51339232872496e-12,"Down in tumour"
"ENSG00000105825.11","TFPI2","ENSG00000105825",56.4542557815761,-1.49426128889256,-1.56228775395135,0.217550246591976,-7.1812731928614,6.90651858775026e-13,4.66714654856063e-12,"Down in tumour"
"ENSG00000182218.9","HHIPL1","ENSG00000182218",63.8942306685409,-1.2358576101771,-1.28071599587992,0.178340182831965,-7.18130920100396,6.90469950380515e-13,4.66714654856063e-12,"Down in tumour"
"ENSG00000125675.17","GRIA3","ENSG00000125675",83.5459127215884,-1.59097461853669,-1.67535197381497,0.23332353733591,-7.18038134062321,6.95172421619904e-13,4.69609137922278e-12,"Down in tumour"
"ENSG00000171877.20","FRMD5","ENSG00000171877",26.1626445674793,1.3303635104751,1.35903007912128,0.189281325890535,7.17994800980648,6.97379332940442e-13,4.7093924042614e-12,"Up in tumour"
"ENSG00000115919.14","KYNU","ENSG00000115919",838.762555434588,-1.03176592849432,-1.0635010368479,0.14814216563874,-7.17892189750589,7.02632683365969e-13,4.74163269753243e-12,"Down in tumour"
"ENSG00000201901.1","RN7SKP48","ENSG00000201901",483.859276495728,1.05725509218421,1.08836850439725,0.151636280280801,7.17749408243068,7.10007303826869e-13,4.78813443429138e-12,"Up in tumour"
"ENSG00000128262.8","POM121L9P","ENSG00000128262",53.7885966679645,-1.42044880654354,-1.48923066921478,0.20749112478557,-7.17732226259707,7.10899853561184e-13,4.7925207089702e-12,"Down in tumour"
"ENSG00000116132.11","PRRX1","ENSG00000116132",176.106021913388,1.7395669673585,1.82906480211089,0.254895292113604,7.17574964584161,7.1912044182505e-13,4.84628903814887e-12,"Up in tumour"
"ENSG00000128165.8","ADM2","ENSG00000128165",98.489649396574,1.48092631538068,1.54236808784626,0.214969468942902,7.17482392002342,7.24003072641981e-13,4.87753329367009e-12,"Up in tumour"
"ENSG00000147642.16","SYBU","ENSG00000147642",843.191261663514,-1.20946208132624,-1.25287808713972,0.174693394286306,-7.17186870321137,7.3980878616549e-13,4.98062425325631e-12,"Down in tumour"
"ENSG00000134363.11","FST","ENSG00000134363",1349.37409857897,-1.50774835186883,-1.58412412677767,0.221000562069315,-7.16796424382314,7.61211762560138e-13,5.11775285881549e-12,"Down in tumour"
"ENSG00000145626.11","UGT3A1","ENSG00000145626",728.730099077233,-2.08284809464617,-2.25673543322611,0.314859880973137,-7.16742770228845,7.64200007637454e-13,5.13435531268436e-12,"Down in tumour"
"ENSG00000065675.14","PRKCQ","ENSG00000065675",75.802972383611,-1.46226893299374,-1.53216582667635,0.213783960927891,-7.16688857305409,7.67214262083978e-13,5.15285778399327e-12,"Down in tumour"
"ENSG00000186529.15","CYP4F3","ENSG00000186529",6819.03558838753,-1.70011559764777,-1.78430028432716,0.249309553559046,-7.1569671472881,8.24814536326088e-13,5.5303367606715e-12,"Down in tumour"
"ENSG00000235532.1","LINC00402","ENSG00000235532",19.8749472574719,-1.62864131984912,-1.71886588683372,0.240298685590858,-7.15303907138437,8.48774326118912e-13,5.67944227074768e-12,"Down in tumour"
"ENSG00000272143.1","FGF14-AS2","ENSG00000272143",20.165114911851,-1.26229283293641,-1.32071364334108,0.184645167094049,-7.15271168006458,8.50801855077994e-13,5.69108520363594e-12,"Down in tumour"
"ENSG00000110245.11","APOC3","ENSG00000110245",21887.8628696575,-1.96541735703415,-2.09288572466802,0.292622859488811,-7.15216073113399,8.54224608772701e-13,5.7101207975137e-12,"Down in tumour"
"ENSG00000275688.4","CCL15-CCL14","ENSG00000275688",199.572245895349,-1.4100270095586,-1.46996747242102,0.205627162527946,-7.14870279952069,8.76017593873975e-13,5.84987052481362e-12,"Down in tumour"
"ENSG00000021826.14","CPS1","ENSG00000021826",58631.2812465268,-2.00375900401521,-2.14626910977301,0.300236063091862,-7.14860529301679,8.76639955632478e-13,5.85205215576176e-12,"Down in tumour"
"ENSG00000121335.11","PRB2","ENSG00000121335",19.0754436401754,-1.33439083038537,-1.38819056760923,0.194198714572891,-7.14829946563929,8.78594798443745e-13,5.86312435792213e-12,"Down in tumour"
"ENSG00000235162.8","C12orf75","ENSG00000235162",62.8653086790909,1.40492283975378,1.43411509850348,0.200661680191419,7.14693058054445,8.87397247846688e-13,5.91986981012116e-12,"Up in tumour"
"ENSG00000268230.5","CTD-2619J13.8","ENSG00000268230",251.972531923654,-1.20128704914428,-1.24513059001952,0.174220391696367,-7.1468705694885,8.87785115688367e-13,5.92046185809294e-12,"Down in tumour"
"ENSG00000074181.8","NOTCH3","ENSG00000074181",710.749803764834,1.17478918099811,1.21431948712603,0.169924239462636,7.14624053028665,8.91867287858081e-13,5.94367987494107e-12,"Up in tumour"
"ENSG00000272899.3","RP11-309L24.4","ENSG00000272899",30.2556122541728,1.33968952281195,1.38065419227952,0.193219272413774,7.14553043820023,8.96490226256833e-13,5.97247763322164e-12,"Up in tumour"
"ENSG00000251637.6","RP11-119D9.1","ENSG00000251637",123.488491253034,-1.63472690258479,-1.7295848246004,0.242090151045706,-7.14438326850338,9.04008421126493e-13,6.02053791364626e-12,"Down in tumour"
"ENSG00000200084.1","SNORD68","ENSG00000200084",57.1637633342823,-1.56352457343459,-1.64625778293512,0.230432594401283,-7.14420538992099,9.05179710317915e-13,6.02428446749243e-12,"Down in tumour"
"ENSG00000154262.12","ABCA6","ENSG00000154262",4167.99010709041,-1.36870108694646,-1.42744896721504,0.199950321404075,-7.13901811805712,9.39999451719521e-13,6.24761892138498e-12,"Down in tumour"
"ENSG00000105374.9","NKG7","ENSG00000105374",86.5943024370946,-1.2878748984948,-1.32722852848651,0.185942013354066,-7.13786252254475,9.47933657402227e-13,6.29823795936968e-12,"Down in tumour"
"ENSG00000144908.13","ALDH1L1","ENSG00000144908",7933.08066083046,-1.8013003108243,-1.91529678801378,0.268391066784854,-7.13621660719842,9.5934793731855e-13,6.36766389112879e-12,"Down in tumour"
"ENSG00000129596.4","CDO1","ENSG00000129596",1736.57956747912,-1.75053059386081,-1.84676992987189,0.258822949028101,-7.13526345637682,9.66019516723467e-13,6.40979694753858e-12,"Down in tumour"
"ENSG00000144712.11","CAND2","ENSG00000144712",55.1484560075115,-1.11152941343273,-1.15239937474058,0.161539130381577,-7.1338713537609,9.75845429349207e-13,6.47065614174501e-12,"Down in tumour"
"ENSG00000080493.15","SLC4A4","ENSG00000080493",1234.83535635674,-1.34669738545715,-1.40227616247501,0.196577504837831,-7.13345183433802,9.78825719929298e-13,6.48824429824534e-12,"Down in tumour"
"ENSG00000171557.16","FGG","ENSG00000171557",47380.7016465727,-1.68535938725656,-1.76766494438732,0.247819069269829,-7.13288509070567,9.82866089026439e-13,6.51066549534816e-12,"Down in tumour"
"ENSG00000142549.9","IGLON5","ENSG00000142549",23.1041002449204,-1.41092043873114,-1.46863510696592,0.205921786375202,-7.13200449946555,9.89176401929882e-13,6.54589385603415e-12,"Down in tumour"
"ENSG00000279512.1","RP11-575M22.1","ENSG00000279512",18.6894278873648,-1.24965636519401,-1.2963690504961,0.181786705318036,-7.13126434756659,9.94511067949736e-13,6.5789965133453e-12,"Down in tumour"
"ENSG00000112337.10","SLC17A2","ENSG00000112337",414.371926395438,-1.65126320513786,-1.73485015396862,0.243361937306113,-7.12868319989762,1.01333661293986e-12,6.69681855756882e-12,"Down in tumour"
"ENSG00000140876.11","NUDT7","ENSG00000140876",155.769491501389,-1.12369068023533,-1.16086118488011,0.162845496719494,-7.12860477118216,1.01391407189627e-12,6.69839827271121e-12,"Down in tumour"
"ENSG00000143869.6","GDF7","ENSG00000143869",518.746328779833,-1.188019066641,-1.23124374923729,0.172863395137302,-7.12264009543105,1.05879041210539e-12,6.98554620893398e-12,"Down in tumour"
"ENSG00000211666.2","IGLV2-14","ENSG00000211666",683.814458143357,-2.25976382886459,-2.49865028142495,0.350840525909434,-7.12189754860291,1.06451176316697e-12,7.01627749862267e-12,"Down in tumour"
"ENSG00000164691.16","TAGAP","ENSG00000164691",186.989088550029,-1.33114735401553,-1.38891432531294,0.195180094887403,-7.11606542723621,1.11051594319592e-12,7.30732781372233e-12,"Down in tumour"
"ENSG00000182511.11","FES","ENSG00000182511",457.720024758468,-1.01374895307751,-1.04439827121077,0.146765340915761,-7.11610973472425,1.11015919427553e-12,7.30732781372233e-12,"Down in tumour"
"ENSG00000142552.7","RCN3","ENSG00000142552",433.965456556823,-1.00115427092152,-1.03043130615835,0.14480584383969,-7.11595111658001,1.11143685357564e-12,7.31095700991115e-12,"Down in tumour"
"ENSG00000203814.6","HIST2H2BF","ENSG00000203814",415.212598263206,1.18932744411482,1.23042830605251,0.172999017572958,7.11234273647598,1.1408950556225e-12,7.50223781924786e-12,"Up in tumour"
"ENSG00000274173.1","RP4-568C11.4","ENSG00000274173",30.5981834237838,-1.82239063567968,-1.92662770780619,0.270902555611151,-7.11188457952993,1.14468975949998e-12,7.52469093649392e-12,"Down in tumour"
"ENSG00000196329.11","GIMAP5","ENSG00000196329",401.023427519023,-1.03089284814952,-1.06166537767308,0.149300045075384,-7.110951487905,1.15245646800022e-12,7.57071718258494e-12,"Down in tumour"
"ENSG00000146950.12","SHROOM2","ENSG00000146950",403.546235146224,-1.21106498788494,-1.2549179522995,0.176500939948064,-7.1099788628251,1.16060728051044e-12,7.62173188558164e-12,"Down in tumour"
"ENSG00000185736.15","ADARB2","ENSG00000185736",22.5492712879496,-1.64546886998012,-1.72997812646686,0.243389680863315,-7.10785321847067,1.17861805992169e-12,7.73231264833609e-12,"Down in tumour"
"ENSG00000132517.14","SLC52A1","ENSG00000132517",15.8488398208858,-1.28189648897491,-1.33039923566828,0.187178361640691,-7.10765509435392,1.18031069016803e-12,7.74085138850093e-12,"Down in tumour"
"ENSG00000243649.8","CFB","ENSG00000243649",27871.1227166092,-1.37951568909834,-1.43787295637445,0.202375024970517,-7.10499211344838,1.2032941068991e-12,7.88374718896188e-12,"Down in tumour"
"ENSG00000144891.17","AGTR1","ENSG00000144891",479.346018397434,-1.39522825826277,-1.45627451627491,0.204981833931883,-7.10440768501875,1.20839659960197e-12,7.91455787422956e-12,"Down in tumour"
"ENSG00000255960.1","RP11-459D22.1","ENSG00000255960",14.9354660598664,-1.6339782412495,-1.71167347518765,0.241037007930273,-7.10128909201695,1.23598524049669e-12,8.08989942630656e-12,"Down in tumour"
"ENSG00000270022.3","RNU12","ENSG00000270022",49.1254182476779,-1.24900205610277,-1.30292841708902,0.183550110690422,-7.09848886599994,1.26128346670867e-12,8.25002764592357e-12,"Down in tumour"
"ENSG00000224358.1","RP11-466F5.8","ENSG00000224358",21.4553548981914,1.00285819550787,1.02929058557899,0.145006217082183,7.09825141494202,1.26345190408508e-12,8.26148118188171e-12,"Up in tumour"
"ENSG00000130475.14","FCHO1","ENSG00000130475",87.6056892391182,-1.44365789137802,-1.51203657291893,0.213145791461463,-7.09390770773117,1.30377095853691e-12,8.50825538487343e-12,"Down in tumour"
"ENSG00000139508.14","SLC46A3","ENSG00000139508",541.804619583329,-1.25459425315319,-1.30392270068594,0.183883027733123,-7.09104432725775,1.33103698533248e-12,8.68332730741125e-12,"Down in tumour"
"ENSG00000201643.1","SNORA14A","ENSG00000201643",169.615233300306,-1.24700945647723,-1.29554021057373,0.182719804062854,-7.09031085720776,1.33811085732762e-12,8.7265990771287e-12,"Down in tumour"
"ENSG00000188958.9","UTS2B","ENSG00000188958",12.1038018089578,-1.212140956779,-1.25646640626158,0.177265766581753,-7.08803752969479,1.36027087413197e-12,8.86819545839727e-12,"Down in tumour"
"ENSG00000115425.13","PECR","ENSG00000115425",958.85377538619,-1.09162723755994,-1.12718262202028,0.1590503923736,-7.08695279023637,1.37097124266731e-12,8.93207169391511e-12,"Down in tumour"
"ENSG00000224023.10","FLJ37035","ENSG00000224023",10.9311146735177,-1.04268374370124,-1.07339659307346,0.151499166558902,-7.08516500423212,1.38878727874025e-12,9.03921953571383e-12,"Down in tumour"
"ENSG00000272398.5","CD24","ENSG00000272398",946.426627322665,1.66502993361748,1.74261758957783,0.246018273312499,7.08328518087075,1.40776550318665e-12,9.15371307640389e-12,"Up in tumour"
"ENSG00000162367.11","TAL1","ENSG00000162367",62.6015699777214,-1.02208305100385,-1.05686645793195,0.149272406070124,-7.08011939886241,1.44030311581963e-12,9.35299198537336e-12,"Down in tumour"
"ENSG00000074416.13","MGLL","ENSG00000074416",2074.38957953838,-1.05284649212183,-1.08768127813306,0.153668561199116,-7.07809892697375,1.46145387795176e-12,9.47790190245715e-12,"Down in tumour"
"ENSG00000256262.1","USP30-AS1","ENSG00000256262",35.5547482735441,-1.12723398160961,-1.16596097288301,0.164751008899266,-7.07710975898128,1.47191953402439e-12,9.54264767014239e-12,"Down in tumour"
"ENSG00000113790.10","EHHADH","ENSG00000113790",3475.94445541029,-1.40303986635993,-1.46822928623846,0.207495925343585,-7.07594273866959,1.48436149153801e-12,9.61701047529027e-12,"Down in tumour"
"ENSG00000230188.1","RP11-405L18.4","ENSG00000230188",13.5335345733079,-1.31948411432597,-1.3415995415095,0.18964470197371,-7.07427904680134,1.50227719288549e-12,9.72671654523468e-12,"Down in tumour"
"ENSG00000102098.17","SCML2","ENSG00000102098",47.8919034049347,1.07983559589074,1.11122901787454,0.15710229932136,7.07328296705236,1.51310497195842e-12,9.79041736187413e-12,"Up in tumour"
"ENSG00000197768.10","STPG3","ENSG00000197768",59.6162730703509,-1.33576277859394,-1.39149069122103,0.196731346157456,-7.07305022000581,1.51564603875575e-12,9.80045150117368e-12,"Down in tumour"
"ENSG00000115718.17","PROC","ENSG00000115718",3214.17858844659,-1.45308612771305,-1.51683001990713,0.214734284805244,-7.06375333255625,1.62064326277959e-12,1.04691227481059e-11,"Down in tumour"
"ENSG00000273792.1","RP11-554D20.2","ENSG00000273792",69.4780691881137,-1.27521185223121,-1.33059717741151,0.188481170991066,-7.05957613917086,1.67011247261744e-12,1.07746206553185e-11,"Down in tumour"
"ENSG00000130821.15","SLC6A8","ENSG00000130821",174.593945857421,1.31562963264646,1.36726589509435,0.193685639047478,7.05920119745784,1.67462456580453e-12,1.07940133665171e-11,"Up in tumour"
"ENSG00000169252.5","ADRB2","ENSG00000169252",213.835504716551,-1.21853674136115,-1.26429893054222,0.179107090978964,-7.05889936368129,1.67826555606748e-12,1.08060865814065e-11,"Down in tumour"
"ENSG00000233806.7","LINC01237","ENSG00000233806",32.9796742138038,-1.09387671704666,-1.13170842080227,0.160494413464442,-7.05138824693736,1.77141466348977e-12,1.13799449641198e-11,"Down in tumour"
"ENSG00000278683.1","RP11-132A1.6","ENSG00000278683",13.4847535734853,-1.97253499837477,-2.02965499688497,0.28800803426113,-7.04721658925922,1.82532090457918e-12,1.17148432763734e-11,"Down in tumour"
"ENSG00000210135.1","MT-TN","ENSG00000210135",29.7833537800304,-1.43244657231099,-1.49324887825808,0.211960484868387,-7.0449399055927,1.85541565605786e-12,1.18925654405289e-11,"Down in tumour"
"ENSG00000243155.1","RP11-46A10.5","ENSG00000243155",18.5081347787311,1.04291436536452,1.06601463422159,0.1513384038868,7.04391355296013,1.86914134674694e-12,1.19766638640862e-11,"Up in tumour"
"ENSG00000123612.15","ACVR1C","ENSG00000123612",69.0553837073209,-1.13294811578369,-1.17067054404739,0.166299643353236,-7.03952528365184,1.92895879995641e-12,1.23479565095528e-11,"Down in tumour"
"ENSG00000106772.17","PRUNE2","ENSG00000106772",146.472048255177,-1.40797982908718,-1.47521550324681,0.209628621537644,-7.03728094201057,1.96027366742666e-12,1.25443571611303e-11,"Down in tumour"
"ENSG00000234949.2","AC104667.3","ENSG00000234949",15.1085417913797,-1.23618690307672,-1.27820433685541,0.181682191492494,-7.03538594704927,1.98710201382224e-12,1.27119295926256e-11,"Down in tumour"
"ENSG00000254340.1","RP11-10A14.3","ENSG00000254340",23.6761132431409,-1.26774369480403,-1.31645746246126,0.187189754679679,-7.03274313657814,2.0251198265299e-12,1.29467689685098e-11,"Down in tumour"
"ENSG00000234099.1","MTND4P11","ENSG00000234099",15.8906845662674,-1.45006291642751,-1.50096334186686,0.213453425044251,-7.03180725048427,2.03875322876529e-12,1.30255140919792e-11,"Down in tumour"
"ENSG00000160766.14","GBAP1","ENSG00000160766",63.5009696189746,1.0546472907819,1.08654914265954,0.15457224463683,7.02939357070483,2.07433106672876e-12,1.32419725040748e-11,"Up in tumour"
"ENSG00000171451.13","DSEL","ENSG00000171451",228.419360609178,-1.23388715039226,-1.28189920853184,0.182529528334391,-7.02296894222733,2.17202507459802e-12,1.38546220759003e-11,"Down in tumour"
"ENSG00000173868.11","PHOSPHO1","ENSG00000173868",40.8518123784276,-1.15992631996394,-1.19936146807597,0.170793354317843,-7.02229587835121,2.1825172801064e-12,1.39125811675189e-11,"Down in tumour"
"ENSG00000234614.1","AL450992.2","ENSG00000234614",27.2089879139107,1.16546680856457,1.20077866126366,0.170997183852395,7.02221308100707,2.18381141378162e-12,1.39163487807404e-11,"Up in tumour"
"ENSG00000180190.11","TDRP","ENSG00000180190",183.013651248966,-1.1043054570745,-1.14223297085728,0.162727805916574,-7.01928576019066,2.23005271662611e-12,1.42064478339815e-11,"Down in tumour"
"ENSG00000143416.20","SELENBP1","ENSG00000143416",2397.86832267407,-1.14466674253337,-1.1861287243234,0.169028771879381,-7.01731847859501,2.26166696492876e-12,1.43893199089794e-11,"Down in tumour"
"ENSG00000115165.9","CYTIP","ENSG00000115165",251.512468164059,-1.39101946312961,-1.46019673534247,0.2082039094405,-7.01330123563201,2.3275955311168e-12,1.48025463497604e-11,"Down in tumour"
"ENSG00000211964.3","IGHV3-48","ENSG00000211964",229.497788018346,-2.1875699699834,-2.40014390947,0.34223462392165,-7.01315337988561,2.3300576763231e-12,1.48054033988646e-11,"Down in tumour"
"ENSG00000107317.12","PTGDS","ENSG00000107317",459.195710210473,-1.87811117051459,-2.09364237202444,0.298579594931418,-7.01200754360104,2.34922534204776e-12,1.491761860608e-11,"Down in tumour"
"ENSG00000211892.3","IGHG4","ENSG00000211892",656.413523361058,-2.39807530888502,-2.62357955965266,0.374174365655882,-7.01164964909833,2.35524387098491e-12,1.49510397493279e-11,"Down in tumour"
"ENSG00000225527.1","RP11-383B4.4","ENSG00000225527",10.6767225181605,-1.28665093605358,-1.32648303923392,0.189191020210414,-7.01134249267557,2.3604212204333e-12,1.49791013837885e-11,"Down in tumour"
"ENSG00000262304.2","RP11-235E17.2","ENSG00000262304",324.270187869677,-1.19944486284986,-1.24381750510129,0.177464698458606,-7.008816490855,2.40342435742757e-12,1.52422231036731e-11,"Down in tumour"
"ENSG00000211951.2","IGHV2-26","ENSG00000211951",115.822982948123,-2.58653382025951,-2.75559210185911,0.393197432473752,-7.00816402722329,2.41465631290196e-12,1.53036479030639e-11,"Down in tumour"
"ENSG00000275994.1","SNORA24","ENSG00000275994",93.2659814580534,-1.19262936979646,-1.24088426967974,0.177089856786406,-7.00708833468881,2.43328652201226e-12,1.54069226264199e-11,"Down in tumour"
"ENSG00000281538.1","RP4-669P10.20","ENSG00000281538",44.4676773482017,-1.24197816282012,-1.2886106264486,0.183935155801518,-7.00578756047662,2.45600336047578e-12,1.55259260663996e-11,"Down in tumour"
"ENSG00000147443.12","DOK2","ENSG00000147443",117.918818483096,-1.05088565559436,-1.08449888761665,0.154943405437817,-6.99932265301795,2.57202922084435e-12,1.62386521110597e-11,"Down in tumour"
"ENSG00000235902.1","RP11-626E13.1","ENSG00000235902",40.7281969837516,-1.17458218375398,-1.21772157321595,0.174006078154535,-6.99815538704627,2.59354362754831e-12,1.63692630803774e-11,"Down in tumour"
"ENSG00000210194.1","MT-TE","ENSG00000210194",41.2030795093299,-1.39345539607198,-1.45545052677154,0.208010340606208,-6.99701044923967,2.6148179186505e-12,1.64877639579004e-11,"Down in tumour"
"ENSG00000182983.14","ZNF662","ENSG00000182983",144.374674723767,-1.14153593948398,-1.18250893908916,0.169006246768785,-6.99683568919751,2.61808018506288e-12,1.65030767843789e-11,"Down in tumour"
"ENSG00000259479.6","SORD2P","ENSG00000259479",845.323183235,-1.2479350799122,-1.3000273625523,0.185904408983738,-6.99298833018005,2.69091901966384e-12,1.69406361819995e-11,"Down in tumour"
"ENSG00000138356.13","AOX1","ENSG00000138356",14091.806026897,-1.75258152945136,-1.86386943708364,0.266598067594593,-6.99130887894491,2.72333434877539e-12,1.71338069819807e-11,"Down in tumour"
"ENSG00000166501.12","PRKCB","ENSG00000166501",302.795606552362,-1.24437655793024,-1.29624058821667,0.185472815674379,-6.98884407131871,2.77160245794298e-12,1.74319438989722e-11,"Down in tumour"
"ENSG00000175820.3","CCDC168","ENSG00000175820",36.5462003503378,-1.04708064756803,-1.08032986694555,0.15458621738584,-6.98852643666863,2.77788337324702e-12,1.74658975878902e-11,"Down in tumour"
"ENSG00000279825.1","CTC-457L16.1","ENSG00000279825",83.6361459134023,-1.1548257920439,-1.20125614084202,0.171925351045423,-6.9870797618709,2.80666696623904e-12,1.76412700104063e-11,"Down in tumour"
"ENSG00000112293.14","GPLD1","ENSG00000112293",1157.58031780838,-1.46865720665048,-1.55658235742809,0.222789733662631,-6.98677776501681,2.8127124075985e-12,1.76736560900308e-11,"Down in tumour"
"ENSG00000198886.2","MT-ND4","ENSG00000198886",57610.0899536146,-1.02089366115222,-1.05292701868541,0.150704451628968,-6.98670150287067,2.81424105888715e-12,1.76776494060785e-11,"Down in tumour"
"ENSG00000255191.1","RP11-626H12.1","ENSG00000255191",15.4200771227712,-1.75113994392145,-1.84696080368648,0.264389812974882,-6.98574874313309,2.83340764235052e-12,1.779239767292e-11,"Down in tumour"
"ENSG00000230490.2","RP11-141M1.3","ENSG00000230490",21.705862918344,-1.04659425958361,-1.07758239114588,0.154310526225562,-6.98320728665483,2.88516224591165e-12,1.80944284959852e-11,"Down in tumour"
"ENSG00000226674.8","TEX41","ENSG00000226674",85.0107877490722,1.82219485821425,1.93231934281164,0.276812131375237,6.98061654022042,2.93887455344142e-12,1.84254494888394e-11,"Up in tumour"
"ENSG00000229715.4","EEF1DP3","ENSG00000229715",77.1337618106012,-1.31442118735312,-1.37044977477822,0.196324054039279,-6.9805494873493,2.94027765658717e-12,1.84284090110291e-11,"Down in tumour"
"ENSG00000161835.10","GRASP","ENSG00000161835",134.462931452765,-1.05015702036271,-1.08383885474302,0.155346637741761,-6.97690577986458,3.01751925588025e-12,1.88945772324068e-11,"Down in tumour"
"ENSG00000138722.9","MMRN1","ENSG00000138722",94.7379421935348,-1.62496135139866,-1.72346810782381,0.2470338287113,-6.97664816521129,3.02305502786852e-12,1.89232536896273e-11,"Down in tumour"
"ENSG00000127948.15","POR","ENSG00000127948",8077.28604666484,-1.13371539803158,-1.17608318132662,0.168678501393953,-6.97233596224482,3.11721035229759e-12,1.94695312410938e-11,"Down in tumour"
"ENSG00000259433.2","CTD-2651B20.4","ENSG00000259433",14.8632939906884,-1.39253041139477,-1.44371058942554,0.207124732871689,-6.97024720036646,3.16384560487218e-12,1.97545728887177e-11,"Down in tumour"
"ENSG00000106258.13","CYP3A5","ENSG00000106258",20543.385889871,-1.47139723513884,-1.54208990254563,0.221253406910611,-6.96979054053008,3.17413210268967e-12,1.98063041325778e-11,"Down in tumour"
"ENSG00000146021.14","KLHL3","ENSG00000146021",244.572655692508,-1.08160740234278,-1.11803113155722,0.160465568623541,-6.96742074419819,3.22804192043066e-12,2.01236641672706e-11,"Down in tumour"
"ENSG00000223803.1","RPS20P14","ENSG00000223803",15.4918048868517,1.00449278387556,1.02883497712437,0.147698269545465,6.96578897160111,3.26568353920858e-12,2.03391045599608e-11,"Up in tumour"
"ENSG00000164626.8","KCNK5","ENSG00000164626",254.022511716455,-1.41203056201273,-1.48310127951234,0.212984576634666,-6.96342102769399,3.3210736731618e-12,2.06645744146154e-11,"Down in tumour"
"ENSG00000100473.15","COCH","ENSG00000100473",61.099646625042,1.50088900098439,1.536736889011,0.220745345688826,6.96158228938272,3.36471922687629e-12,2.09164220030033e-11,"Up in tumour"
"ENSG00000225698.3","IGHV3-72","ENSG00000225698",32.5165269018809,-2.18057275848261,-2.39694415845985,0.344471713826373,-6.95831925308097,3.44356167895732e-12,2.13729746978997e-11,"Down in tumour"
"ENSG00000261879.5","RP11-333E1.1","ENSG00000261879",36.0464237089539,-1.01258810417268,-1.04749987659934,0.150538292044106,-6.95836163925944,3.4425260116761e-12,2.13729746978997e-11,"Down in tumour"
"ENSG00000142583.17","SLC2A5","ENSG00000142583",69.2743164115411,1.73630325700489,1.79074780448703,0.257360770531408,6.95812264157207,3.4483696969067e-12,2.13961070253524e-11,"Up in tumour"
"ENSG00000124440.15","HIF3A","ENSG00000124440",130.299354085113,-1.37673065740471,-1.44069067478604,0.207110963000326,-6.95612947723955,3.4974844568306e-12,2.16940488417575e-11,"Down in tumour"
"ENSG00000171798.17","KNDC1","ENSG00000171798",126.628811270027,-2.01051130082209,-2.18214059776342,0.313872494586628,-6.95231546375961,3.59338728058346e-12,2.22679757184059e-11,"Down in tumour"
"ENSG00000255874.2","LINC00346","ENSG00000255874",37.6717097057014,1.2317665332829,1.25532214551801,0.18062669815628,6.94981505132698,3.65765411306029e-12,2.26237337061882e-11,"Up in tumour"
"ENSG00000211934.3","IGHV1-2","ENSG00000211934",234.403575106178,-2.25786451498247,-2.50744291779552,0.360947370083043,-6.94683803131365,3.73564166041186e-12,2.30844693676341e-11,"Down in tumour"
"ENSG00000249962.1","RP11-80H5.5","ENSG00000249962",25.9225478916963,-1.17905709710688,-1.22096131609292,0.17579175835317,-6.94549805708171,3.7712741707524e-12,2.32901184591894e-11,"Down in tumour"
"ENSG00000055957.10","ITIH1","ENSG00000055957",15438.1299307127,-1.67427715332393,-1.76698371257733,0.254410244209015,-6.94541101546854,3.77360026705992e-12,2.32907895327613e-11,"Down in tumour"
"ENSG00000103710.10","RASL12","ENSG00000103710",22.9542715493631,1.28052242064313,1.32320516710701,0.190533582869039,6.94473460889305,3.79172453009506e-12,2.339451484544e-11,"Up in tumour"
"ENSG00000248544.2","CTB-47B11.3","ENSG00000248544",27.3023442276249,-1.1991559606669,-1.24387363570102,0.179153754098742,-6.94305091153963,3.83721051200741e-12,2.36604073720133e-11,"Down in tumour"
"ENSG00000239975.2","IGKV1D-33","ENSG00000239975",136.330743421221,-3.16323421168106,-3.22325230685345,0.464311413278564,-6.94200533235581,3.86572620382938e-12,2.38139803150934e-11,"Down in tumour"
"ENSG00000160111.12","CPAMD8","ENSG00000160111",71.9527747897101,-1.13199150824794,-1.17425819799899,0.169157817264481,-6.94179090856329,3.87159972441398e-12,2.38427421734057e-11,"Down in tumour"
"ENSG00000119508.17","NR4A3","ENSG00000119508",258.782371928107,-1.28822602886151,-1.3427187612669,0.193462559295456,-6.94045796849143,3.90830850954402e-12,2.40463631735794e-11,"Down in tumour"
"ENSG00000151778.10","SERP2","ENSG00000151778",17.4682947224593,-1.28066181449873,-1.33478361992273,0.192341310508535,-6.93966166911137,3.93040095701843e-12,2.41672650333227e-11,"Down in tumour"
"ENSG00000283994.1","AC079584.3","ENSG00000283994",13.9567635250908,-1.45568681768879,-1.52874217993009,0.220376234675903,-6.93696478741612,4.00613630503431e-12,2.46149446097348e-11,"Down in tumour"
"ENSG00000229740.1","U91324.1","ENSG00000229740",10.7290099755499,-1.35996630483586,-1.41015707266655,0.203285093227974,-6.93684445954494,4.00954855508254e-12,2.46233306083614e-11,"Down in tumour"
"ENSG00000257150.3","PGAM1P5","ENSG00000257150",18.2621882459432,-1.05311037658806,-1.08982840716194,0.157122287213392,-6.93617962473911,4.02845332551643e-12,2.47317545508519e-11,"Down in tumour"
"ENSG00000160298.17","C21orf58","ENSG00000160298",78.0858178213617,1.03255402237078,1.05925553737419,0.15275372873515,6.93440052917315,4.07947328278209e-12,2.50294527855257e-11,"Up in tumour"
"ENSG00000196557.12","CACNA1H","ENSG00000196557",604.515232140299,-1.54505526501632,-1.63082388461347,0.235225747948565,-6.93301604452787,4.11961460137431e-12,2.52444370913318e-11,"Down in tumour"
"ENSG00000215146.4","RP11-313J2.1","ENSG00000215146",80.2839722956061,1.51325040573963,1.56645266189061,0.225991333142829,6.93147228305696,4.16483063791475e-12,2.5505721787205e-11,"Up in tumour"
"ENSG00000114654.7","EFCC1","ENSG00000114654",23.7487702388078,-1.11113479825717,-1.14777173801398,0.165601264067441,-6.93093585050502,4.18065611280071e-12,2.55947189732955e-11,"Down in tumour"
"ENSG00000211677.2","IGLC2","ENSG00000211677",1972.83737500408,-2.1221753619204,-2.34859260773101,0.338964518905628,-6.92872698096431,4.24644417932889e-12,2.59814125630469e-11,"Down in tumour"
"ENSG00000148053.15","NTRK2","ENSG00000148053",99.1088847067052,-1.93969800709938,-2.08950174664666,0.301733159676843,-6.92499872696964,4.35979442000389e-12,2.66502195661325e-11,"Down in tumour"
"ENSG00000059915.16","PSD","ENSG00000059915",61.4416598465754,-1.02239546177213,-1.05369693962469,0.15221701467375,-6.92233349788855,4.44263826501924e-12,2.71482368569083e-11,"Down in tumour"
"ENSG00000012124.16","CD22","ENSG00000012124",85.5080935833856,-1.53512705809378,-1.61912830974824,0.234082523063085,-6.91691241431074,4.61593267833247e-12,2.81811090383204e-11,"Down in tumour"
"ENSG00000241294.1","IGKV2-24","ENSG00000241294",51.2596664955211,-2.20820145810997,-2.42357799263588,0.350600354157808,-6.91265129625342,4.75678228583647e-12,2.90052346837835e-11,"Down in tumour"
"ENSG00000265912.1","RP11-583F2.2","ENSG00000265912",12.2074950875364,1.17682031701548,1.19416630971994,0.172769468881496,6.91190589084363,4.78185063684415e-12,2.91491129211753e-11,"Up in tumour"
"ENSG00000229314.5","ORM1","ENSG00000229314",24337.1043907949,-1.78354629928438,-1.89571616960353,0.274431497718525,-6.90779369483273,4.92249125300616e-12,2.99879561005697e-11,"Down in tumour"
"ENSG00000227392.1","HPN-AS1","ENSG00000227392",129.544607567365,-1.44115528017225,-1.51107418219974,0.218828358580139,-6.90529414013931,5.00995112407056e-12,3.05113731073011e-11,"Down in tumour"
"ENSG00000112530.11","PACRG","ENSG00000112530",26.5106906950669,-1.30964261926553,-1.36895017940039,0.198333163361823,-6.90227572734767,5.11759791346321e-12,3.11477907445195e-11,"Down in tumour"
"ENSG00000258168.5","RP11-588H23.3","ENSG00000258168",104.447596879608,-1.17181837209695,-1.22227115254644,0.177090543069418,-6.90195609184686,5.12912908520586e-12,3.12083774926159e-11,"Down in tumour"
"ENSG00000265158.1","LRRC37A7P","ENSG00000265158",98.5661418372239,-1.77834365563783,-1.90712651809784,0.276406688636849,-6.89971189736105,5.21081089162525e-12,3.1695629987074e-11,"Down in tumour"
"ENSG00000115363.13","EVA1A","ENSG00000115363",560.705669485809,-1.26217376763816,-1.31355027147509,0.190436781411776,-6.89756601501699,5.29010626595614e-12,3.21384509889718e-11,"Down in tumour"
"ENSG00000128482.15","RNF112","ENSG00000128482",21.2407109203703,-1.12661004137236,-1.16610318157657,0.16907596235257,-6.89691878934822,5.31425408207550e-12,3.22752473294018e-11,"Down in tumour"
"ENSG00000255864.5","RP11-444D3.1","ENSG00000255864",112.078676773346,-1.28289050855347,-1.33618922669006,0.193761254225402,-6.89605995807434,5.34646371463278e-12,3.24609068416339e-11,"Down in tumour"
"ENSG00000196136.17","SERPINA3","ENSG00000196136",18470.8665568785,-1.51158231893455,-1.58880859469546,0.230698823140873,-6.88693844669191,5.7005872492209e-12,3.45473739815766e-11,"Down in tumour"
"ENSG00000107485.15","GATA3","ENSG00000107485",33.6267590625953,-1.44388068916322,-1.51956862731711,0.220676372389306,-6.88595979199969,5.73992027300061e-12,3.47750970197432e-11,"Down in tumour"
"ENSG00000211976.2","IGHV3-73","ENSG00000211976",46.1047680075019,-2.28247383064805,-2.50241442239669,0.363417475400539,-6.88578450895535,5.74699309089382e-12,3.4807293221561e-11,"Down in tumour"
"ENSG00000154856.12","APCDD1","ENSG00000154856",48.6635927817035,-1.47729101058247,-1.55796632239061,0.226411097303002,-6.88113940062581,5.93757115854565e-12,3.59285680040031e-11,"Down in tumour"
"ENSG00000212402.1","SNORA74B","ENSG00000212402",3394.558215304,-1.08488410642842,-1.1225896984682,0.163145608080116,-6.88090664332767,5.94728189327022e-12,3.59763296190396e-11,"Down in tumour"
"ENSG00000148935.10","GAS2","ENSG00000148935",462.401098211686,-1.31850595931882,-1.37764206135445,0.200217697412611,-6.88072073127174,5.95504940440407e-12,3.60123106817506e-11,"Down in tumour"
"ENSG00000181804.14","SLC9A9","ENSG00000181804",205.549930975703,-1.06017841319923,-1.09625816002527,0.159340379089961,-6.87997710490157,5.98621808154548e-12,3.61786914467266e-11,"Down in tumour"
"ENSG00000159189.11","C1QC","ENSG00000159189",1726.60113318791,-1.08888382657785,-1.12671940348215,0.163856988954751,-6.87623647101985,6.14544579733431e-12,3.71070191173392e-11,"Down in tumour"
"ENSG00000164627.17","KIF6","ENSG00000164627",29.8190892437068,-1.53852204627344,-1.61773784748361,0.235268755733709,-6.87612701669005,6.15016690856892e-12,3.71242005554452e-11,"Down in tumour"
"ENSG00000165495.15","PKNOX2","ENSG00000165495",22.1437772955024,-1.55756538677423,-1.64802882638778,0.239777697452898,-6.87315310762597,6.27981011210967e-12,3.78836578936259e-11,"Down in tumour"
"ENSG00000276203.4","ANKRD20A3","ENSG00000276203",20.41821067751,-1.18333672120464,-1.22545454494812,0.178361253722443,-6.87063204240038,6.39180684986509e-12,3.85123388065083e-11,"Down in tumour"
"ENSG00000263873.1","RP11-334E6.12","ENSG00000263873",27.6749991811109,1.78521675808218,1.81802001722325,0.264661268806192,6.86923336166187,6.45478421173008e-12,3.88326881163445e-11,"Up in tumour"
"ENSG00000207496.1","SNORA7A","ENSG00000207496",574.093150183936,-1.04236829844977,-1.07713726436728,0.156872776767034,-6.86631094678011,6.58833866700544e-12,3.96000568588031e-11,"Down in tumour"
"ENSG00000254211.5","LINC01485","ENSG00000254211",433.829375168248,-1.77326105210127,-1.90340652210639,0.277399540745698,-6.86160660897168,6.80903600557143e-12,4.08521520637391e-11,"Down in tumour"
"ENSG00000144354.13","CDCA7","ENSG00000144354",46.6578083115331,1.6817790208591,1.73718527008604,0.253229284076378,6.86012787352855,6.87989356113107e-12,4.12522669662125e-11,"Up in tumour"
"ENSG00000160185.14","UBASH3A","ENSG00000160185",71.7962273973653,-1.53703205218214,-1.6323096109943,0.237943347285395,-6.86007669311498,6.88235890113851e-12,4.12545517050983e-11,"Down in tumour"
"ENSG00000226147.1","TUBBP10","ENSG00000226147",210.178758442517,-1.22726200102028,-1.27865162182456,0.186408886286037,-6.85939199198112,6.91542406248897e-12,4.14402023823325e-11,"Down in tumour"
"ENSG00000279396.1","AC130469.1","ENSG00000279396",16.5099170159608,-1.30464863209396,-1.36604763802162,0.199224204865027,-6.85683568895208,7.04025267022148e-12,4.21499458867797e-11,"Down in tumour"
"ENSG00000243238.1","IGKV2-30","ENSG00000243238",77.0669425210478,-2.12395246395786,-2.29130414002338,0.33422329696758,-6.85560869278852,7.10095064439489e-12,4.2449144096801e-11,"Down in tumour"
"ENSG00000258679.1","RP11-74M13.4","ENSG00000258679",14.5493333617081,-1.54809740044152,-1.62117464422463,0.23648983972016,-6.85515557938126,7.12349501069402e-12,4.25582060810947e-11,"Down in tumour"
"ENSG00000269950.1","AP000962.2","ENSG00000269950",12.57919095136,-1.35045380278087,-1.41763635948975,0.206864329139226,-6.8529763704966,7.23290372920525e-12,4.31727573920867e-11,"Down in tumour"
"ENSG00000256148.1","RP11-809N8.5","ENSG00000256148",26.6218068923687,-1.13808194866525,-1.17728687984539,0.171845561851753,-6.85084250741955,7.34163082008714e-12,4.37821328177116e-11,"Down in tumour"
"ENSG00000197142.10","ACSL5","ENSG00000197142",2022.09978849596,-1.06966798835031,-1.10836609996285,0.161928824075502,-6.84477335206277,7.65970445760614e-12,4.5596550475007e-11,"Down in tumour"
"ENSG00000110324.10","IL10RA","ENSG00000110324",979.996164043131,-1.07908732411985,-1.11751717237621,0.163439387879334,-6.83750218889257,8.05858577962461e-12,4.78558620870417e-11,"Down in tumour"
"ENSG00000100557.9","C14orf105","ENSG00000100557",444.269468631151,-1.34744371865328,-1.4125123096429,0.206647902301177,-6.83535760060243,8.18007180878058e-12,4.8562735846189e-11,"Down in tumour"
"ENSG00000180353.10","HCLS1","ENSG00000180353",900.545957560225,-1.05536849427265,-1.09245749099169,0.159933301451047,-6.83070680765051,8.44972701316424e-12,5.01185036774228e-11,"Down in tumour"
"ENSG00000262160.1","RP11-96D1.11","ENSG00000262160",214.207621790648,-1.33209863975837,-1.39039410720973,0.203621087510787,-6.82834044453311,8.59025380499155e-12,5.0921501516082e-11,"Down in tumour"
"ENSG00000271303.1","SRXN1","ENSG00000271303",717.934919464895,1.13735493011526,1.17870217945489,0.172622855261917,6.82819304353685,8.59908259435617e-12,5.09456863635309e-11,"Up in tumour"
"ENSG00000128284.19","APOL3","ENSG00000128284",754.253859683151,-1.03895579924762,-1.07349621077923,0.157215422958127,-6.82818638642819,8.59948154097694e-12,5.09456863635309e-11,"Down in tumour"
"ENSG00000091129.19","NRCAM","ENSG00000091129",190.186605445873,1.82713750635857,1.90638712069708,0.279196595389824,6.82811736309073,8.60361903440555e-12,5.09549466032283e-11,"Up in tumour"
"ENSG00000224185.1","SNX18P9","ENSG00000224185",31.6709679818394,-1.1229010445106,-1.1622774578418,0.170241006638696,-6.82724732889132,8.65593938116214e-12,5.12494789624116e-11,"Down in tumour"
"ENSG00000189056.13","RELN","ENSG00000189056",1854.86266445075,-1.61172970034487,-1.72841361963493,0.253183716474204,-6.82671715110492,8.68797486512122e-12,5.14237698879618e-11,"Down in tumour"
"ENSG00000188820.12","FAM26F","ENSG00000188820",52.4792183153672,-1.38610108656867,-1.45385741187963,0.213069841127631,-6.82338431467061,8.89203522454626e-12,5.26001354451417e-11,"Down in tumour"
"ENSG00000136002.18","ARHGEF4","ENSG00000136002",42.5759830100435,-1.28158303510047,-1.33581029910212,0.195827622861342,-6.82135788395879,9.01839583703231e-12,5.32998234704033e-11,"Down in tumour"
"ENSG00000178878.12","APOLD1","ENSG00000178878",309.346264628897,1.01700258807113,1.04911500495505,0.153943336707759,6.81494261064806,9.43014031960423e-12,5.56501989701629e-11,"Up in tumour"
"ENSG00000161653.10","NAGS","ENSG00000161653",555.456202210003,-1.36705636810695,-1.44056692969624,0.211590713642201,-6.8082710479073,9.87786311636507e-12,5.82055804293581e-11,"Down in tumour"
"ENSG00000166349.9","RAG1","ENSG00000166349",33.911976301079,-1.11039767965571,-1.15092854430743,0.169116474420754,-6.80553771150626,1.00672502500088e-11,5.92509914357491e-11,"Down in tumour"
"ENSG00000148357.16","HMCN2","ENSG00000148357",292.467193889705,-1.39302843344956,-1.46484341501351,0.215350062413882,-6.80214994411389,1.03069236405476e-11,6.05715378911397e-11,"Down in tumour"
"ENSG00000250327.1","RPSAP70","ENSG00000250327",20.1369322353773,-1.09196139382385,-1.13334488928508,0.166797042164633,-6.79475411899952,1.08497413066317e-11,6.36293124984182e-11,"Down in tumour"
"ENSG00000266010.1","GATA6-AS1","ENSG00000266010",47.5864794023849,-1.03939200815235,-1.07357600423877,0.158002501035203,-6.7946772817196,1.08555252385212e-11,6.36443753098492e-11,"Down in tumour"
"ENSG00000236776.1","RPL21P23","ENSG00000236776",23.2035498862761,-1.16927598920908,-1.20830363921618,0.177842795932369,-6.79422313893267,1.08897726059845e-11,6.38262567930858e-11,"Down in tumour"
"ENSG00000278932.3","bP-21264C1.2","ENSG00000278932",61.062613822326,1.07273490422426,1.10674547110242,0.162901044607699,6.79397405810198,1.09086009648377e-11,6.39176846942077e-11,"Up in tumour"
"ENSG00000276107.1","CTD-2033D15.2","ENSG00000276107",132.376791552645,-1.50884518870496,-1.59628816785536,0.23502262842715,-6.79206159227415,1.10542331954466e-11,6.47326738572412e-11,"Down in tumour"
"ENSG00000185905.3","C16orf54","ENSG00000185905",74.4048477499638,-1.31272382602968,-1.37332910012953,0.202323897923138,-6.78777501929731,1.13876043903655e-11,6.66060442371464e-11,"Down in tumour"
"ENSG00000264549.1","SNORD95","ENSG00000264549",113.007908218984,-1.46438842254585,-1.54949283693235,0.228501388933141,-6.78110905218929,1.1925681194187e-11,6.96297958337888e-11,"Down in tumour"
"ENSG00000258551.5","CRAT37","ENSG00000258551",15.3351046211465,-1.39849255239725,-1.4711380546215,0.216988958238309,-6.7797830201379,1.20356503469054e-11,7.02511434138305e-11,"Down in tumour"
"ENSG00000144369.12","FAM171B","ENSG00000144369",43.9700773479586,1.10790192835784,1.14509117608153,0.168930553563457,6.77847288087757,1.21452767808462e-11,7.08283627941336e-11,"Up in tumour"
"ENSG00000225083.1","GRTP1-AS1","ENSG00000225083",27.4331031410534,-1.03378456762477,-1.07248911217462,0.158224690792695,-6.77826644376123,1.21626394555343e-11,7.08878453307983e-11,"Down in tumour"
"ENSG00000205037.2","RP11-863P13.4","ENSG00000205037",20.382801375078,-1.02217079570626,-1.05999883538771,0.15638395791939,-6.77818140358166,1.21697989442058e-11,7.0908693112354e-11,"Down in tumour"
"ENSG00000165874.12","FAM35BP","ENSG00000165874",81.773958076311,-1.24413430786639,-1.29665766588691,0.191307151859235,-6.7778839070324,1.21948775202498e-11,7.10339054615376e-11,"Down in tumour"
"ENSG00000101680.14","LAMA1","ENSG00000101680",42.6811226097534,-1.72820247840533,-1.89932354655247,0.280304468828394,-6.77593031067679,1.23608254205479e-11,7.19370236838884e-11,"Down in tumour"
"ENSG00000134365.12","CFHR4","ENSG00000134365",545.210810538471,-1.90117636525796,-2.05797466111027,0.303819935728362,-6.77366564566143,1.25559664230818e-11,7.30297512230556e-11,"Down in tumour"
"ENSG00000271204.1","RP11-138A9.1","ENSG00000271204",462.75482126418,-1.01466643414318,-1.04791544167896,0.154751136496287,-6.77161709700335,1.27350824171002e-11,7.40497903295137e-11,"Down in tumour"
"ENSG00000141431.10","ASXL3","ENSG00000141431",56.3926006177054,-1.89854371470192,-2.10321830215839,0.310645984363464,-6.77046673070003,1.28367601523001e-11,7.45534019056562e-11,"Down in tumour"
"ENSG00000275223.1","RP1-63M2.7","ENSG00000275223",19.6212560555435,1.36641423779823,1.40920042365356,0.208178723930322,6.76918561632275,1.29509303075711e-11,7.51944158338971e-11,"Up in tumour"
"ENSG00000153162.8","BMP6","ENSG00000153162",37.2694600155585,-1.06676562336103,-1.10320831448751,0.163030996155807,-6.76686237893797,1.31605148205065e-11,7.63441001882432e-11,"Down in tumour"
"ENSG00000244731.7","C4A","ENSG00000244731",35873.8967825343,-1.1004270838402,-1.14069692557562,0.168575406252741,-6.76668649912902,1.31765159169196e-11,7.64145266755319e-11,"Down in tumour"
"ENSG00000224442.1","AC017035.2","ENSG00000224442",18.8776746958518,-1.17853734178314,-1.22272958057211,0.180710510301611,-6.76623389824611,1.32177800527264e-11,7.66313768551886e-11,"Down in tumour"
"ENSG00000224041.3","IGKV3D-15","ENSG00000224041",113.065997757165,-2.35143220295451,-2.62914604023104,0.388647224767855,-6.76486508247028,1.33433482824815e-11,7.72791382289067e-11,"Down in tumour"
"ENSG00000147138.1","GPR174","ENSG00000147138",52.3085497231122,-1.45810644365455,-1.54640368783903,0.228619266448875,-6.76410047087981,1.34139977050971e-11,7.76098382277076e-11,"Down in tumour"
"ENSG00000226812.2","RP5-881L22.5","ENSG00000226812",17.7487517622015,-1.70970035915634,-1.81839290184396,0.268855775058246,-6.76345115313226,1.34742816518554e-11,7.79130752951139e-11,"Down in tumour"
"ENSG00000112182.14","BACH2","ENSG00000112182",214.434953014132,-1.18385237120752,-1.23741759583052,0.182979281800418,-6.76261040952282,1.35527323106607e-11,7.83438173554049e-11,"Down in tumour"
"ENSG00000183747.11","ACSM2A","ENSG00000183747",6882.27504337427,-1.86586292871363,-1.9931886255877,0.294766926432071,-6.76191406449064,1.36180475498071e-11,7.86754276571312e-11,"Down in tumour"
"ENSG00000228278.3","ORM2","ENSG00000228278",7491.40488845899,-1.73408858639385,-1.83970828659533,0.272134815129188,-6.76028271399962,1.37722732631912e-11,7.95200130391903e-11,"Down in tumour"
"ENSG00000126460.10","PRRG2","ENSG00000126460",34.0412748123473,-1.13053896346865,-1.172772829478,0.173479175926076,-6.76030897205642,1.37697773681208e-11,7.95200130391903e-11,"Down in tumour"
"ENSG00000204482.10","LST1","ENSG00000204482",85.750317248012,-1.10673364123875,-1.14789583933381,0.169861917445751,-6.75781750609532,1.40085817336275e-11,8.08137156087698e-11,"Down in tumour"
"ENSG00000258869.1","RP11-204N11.1","ENSG00000258869",20.6458469921021,-1.63418949451394,-1.7275366520154,0.255647085951908,-6.75750574501126,1.40387477643474e-11,8.09641417540001e-11,"Down in tumour"
"ENSG00000092200.12","RPGRIP1","ENSG00000092200",23.7662302501938,-1.04494755839191,-1.08051489964997,0.159922413746755,-6.75649444211751,1.41370400972716e-11,8.15072632232151e-11,"Down in tumour"
"ENSG00000277481.1","PKD1L3","ENSG00000277481",40.7698774980075,-1.15854138376232,-1.20405136171739,0.17824426688108,-6.75506361458856,1.42772599264791e-11,8.2267774592373e-11,"Down in tumour"
"ENSG00000136842.13","TMOD1","ENSG00000136842",297.908693255708,-1.27814499280095,-1.33761794628948,0.198040104611344,-6.75427812419394,1.43548154865703e-11,8.26905887443786e-11,"Down in tumour"
"ENSG00000228705.1","LINC00659","ENSG00000228705",21.817489254808,-1.77647843579259,-1.85894073158056,0.275229396963191,-6.75415036362986,1.4367468904963e-11,8.27393983229367e-11,"Down in tumour"
"ENSG00000074370.17","ATP2A3","ENSG00000074370",437.502404209023,-1.39354539081174,-1.46804249676902,0.21737471044881,-6.75351099370289,1.44309564679654e-11,8.30808380949502e-11,"Down in tumour"
"ENSG00000113263.12","ITK","ENSG00000113263",269.888453323135,-1.40206803280711,-1.4812331815274,0.21945817777636,-6.749500959754,1.48354528793429e-11,8.52607778283493e-11,"Down in tumour"
"ENSG00000111249.13","CUX2","ENSG00000111249",1247.76537082574,-1.51640238436993,-1.60427502187887,0.237975619028689,-6.74134194261922,1.56930390189451e-11,9.00847799599709e-11,"Down in tumour"
"ENSG00000222024.2","AC004945.1","ENSG00000222024",15.5001119432429,-1.58233809840204,-1.68781561682706,0.250397902966868,-6.74053415315697,1.57805403729748e-11,9.05345610441418e-11,"Down in tumour"
"ENSG00000203778.7","FAM229B","ENSG00000203778",54.0568874974655,-1.04330774905069,-1.07807479854947,0.159938697670047,-6.74055006233413,1.57788124559447e-11,9.05345610441418e-11,"Down in tumour"
"ENSG00000171885.13","AQP4","ENSG00000171885",29.9165886206891,-1.80038227245461,-1.94379653842037,0.288457259129828,-6.73859463368718,1.59925884157279e-11,9.16979439491603e-11,"Down in tumour"
"ENSG00000102890.14","ELMO3","ENSG00000102890",84.5512292879292,-1.03070504074973,-1.06712969251287,0.158360075730608,-6.73862832907586,1.59888807847153e-11,9.16979439491603e-11,"Down in tumour"
"ENSG00000207001.1","SNORD116-2","ENSG00000207001",23.6246463254532,-1.53889994219489,-1.62395701669685,0.241220428517201,-6.7322532617964,1.6705552718334e-11,9.54541007372935e-11,"Down in tumour"
"ENSG00000154080.13","CHST9","ENSG00000154080",445.915684061558,-1.74556613176155,-1.88269193216988,0.279686631948231,-6.73143338691408,1.67999743503672e-11,9.59251428403887e-11,"Down in tumour"
"ENSG00000180447.6","GAS1","ENSG00000180447",57.1805033966436,-1.58392497465895,-1.68215619976374,0.250077621713655,-6.72653629795732,1.73749320321334e-11,9.90216037178277e-11,"Down in tumour"
"ENSG00000260372.6","AQP4-AS1","ENSG00000260372",38.4254909782078,-1.63960137131102,-1.76163494850383,0.261978767664963,-6.72434245036504,1.76387153866636e-11,1.00380417955214e-10,"Down in tumour"
"ENSG00000232810.3","TNF","ENSG00000232810",20.8502869561964,-1.32732340129236,-1.396720095371,0.207776998967458,-6.72220747393583,1.78991835542524e-11,1.01774932516322e-10,"Down in tumour"
"ENSG00000164330.16","EBF1","ENSG00000164330",77.9611398803606,1.1024301333243,1.1418545455079,0.169966904343742,6.71809932596409,1.84110185346718e-11,1.04625119109032e-10,"Up in tumour"
"ENSG00000175707.8","KDF1","ENSG00000175707",29.5640842140455,-1.10466181741327,-1.14513354811537,0.170467143699334,-6.71762031828916,1.84716231609524e-11,1.04909278974098e-10,"Down in tumour"
"ENSG00000111817.16","DSE","ENSG00000111817",444.741494123439,-1.03673938226168,-1.07427870831132,0.16000073445237,-6.71421110651917,1.89086393785722e-11,1.07237449633261e-10,"Down in tumour"
"ENSG00000118557.15","PMFBP1","ENSG00000118557",56.7350157287656,1.15663942564275,1.1994337227193,0.178642718248183,6.71414841019695,1.89167702846572e-11,1.07252831350392e-10,"Up in tumour"
"ENSG00000259275.2","RP11-522B15.3","ENSG00000259275",36.2811373666887,-1.04936495705183,-1.08648729448655,0.161825187815924,-6.71395664142488,1.89416614821411e-11,1.07363203240555e-10,"Down in tumour"
"ENSG00000230630.4","DNM3OS","ENSG00000230630",68.9137890514834,-1.17938819830275,-1.22714949983492,0.182777382804365,-6.71390234944105,1.89487142944296e-11,1.07372431156497e-10,"Down in tumour"
"ENSG00000162739.13","SLAMF6","ENSG00000162739",103.16847457375,-1.36452195071463,-1.43703023414893,0.214131773888148,-6.71096217089001,1.93345233296704e-11,1.09433291468163e-10,"Down in tumour"
"ENSG00000259970.1","AC099668.5","ENSG00000259970",26.1706889796465,-1.42919393087653,-1.50033675607064,0.223571489819283,-6.71076959447462,1.93600597873162e-11,1.09515193875493e-10,"Down in tumour"
"ENSG00000203812.2","HIST2H2AA3","ENSG00000203812",315.86239672516,2.55452468969497,2.85231529258569,0.425088922996915,6.70992617844899,1.94722899462274e-11,1.10118581401622e-10,"Up in tumour"
"ENSG00000279317.2","AC006994.2","ENSG00000279317",12.8212685316361,-1.40050025795179,-1.4660173118288,0.21853015500063,-6.708535542038,1.96587291934387e-11,1.11109430875423e-10,"Down in tumour"
"ENSG00000197261.11","C6orf141","ENSG00000197261",54.9724531199829,-1.73523599076913,-1.8799258825792,0.280396773709617,-6.70452037556638,2.02068959177065e-11,1.14077321990634e-10,"Down in tumour"
"ENSG00000197249.13","SERPINA1","ENSG00000197249",116176.718957976,-1.35368079025734,-1.41846947337553,0.211646624010129,-6.70206519952639,2.05494303433398e-11,1.15960838710844e-10,"Down in tumour"
"ENSG00000159261.10","CLDN14","ENSG00000159261",318.454043531965,-1.25118234198559,-1.30854944123801,0.195328678359967,-6.69921822143556,2.09537488844166e-11,1.18091557992386e-10,"Down in tumour"
"ENSG00000106327.12","TFR2","ENSG00000106327",7860.29691202664,-1.56104139077022,-1.64848156055001,0.246125023697408,-6.69774058641305,2.11666575862323e-11,1.19155760410778e-10,"Down in tumour"
"ENSG00000257062.6","RP11-125O5.2","ENSG00000257062",23.7597406053956,-1.44023333149172,-1.51301990314223,0.225955293453254,-6.69610293265934,2.14050978269856e-11,1.20449657643537e-10,"Down in tumour"
"ENSG00000275549.1","STPG3-AS1","ENSG00000275549",85.762000442589,-1.22787725773289,-1.28046545894128,0.19122735864495,-6.69603694792806,2.14147600286772e-11,1.20449657643537e-10,"Down in tumour"
"ENSG00000173372.16","C1QA","ENSG00000173372",1102.85138049644,-1.11296125437776,-1.15677564307727,0.172770003333463,-6.69546576812052,2.14985770424648e-11,1.20886743011792e-10,"Down in tumour"
"ENSG00000101605.12","MYOM1","ENSG00000101605",2643.86768834196,-1.31780136725167,-1.38285851955021,0.206613436505205,-6.69297477908884,2.18678840836577e-11,1.22928437849428e-10,"Down in tumour"
"ENSG00000242405.2","RP11-267J23.1","ENSG00000242405",9.55880624741428,-1.12557021487461,-1.15313421516447,0.172403205150192,-6.68858919507843,2.25332291736361e-11,1.26417291676241e-10,"Down in tumour"
"ENSG00000129009.12","ISLR","ENSG00000129009",125.355378484452,-1.84719243272571,-2.01327838615406,0.301163986331842,-6.6849904952968,2.30939632314137e-11,1.29416425322585e-10,"Down in tumour"
"ENSG00000104814.12","MAP4K1","ENSG00000104814",168.19279565035,-1.25390368909951,-1.31195093292567,0.19633884124167,-6.68207535823652,2.35581819753474e-11,1.31905826262532e-10,"Down in tumour"
"ENSG00000102007.10","PLP2","ENSG00000102007",130.855750416969,1.0054218426052,1.03783158041429,0.155331063297267,6.68141682921544,2.36643070591335e-11,1.32369930905452e-10,"Up in tumour"
"ENSG00000140479.16","PCSK6","ENSG00000140479",4248.22556823014,-1.14973804875969,-1.19598837268895,0.179021983546828,-6.68067881381792,2.37837979529555e-11,1.32980992339787e-10,"Down in tumour"
"ENSG00000142871.16","CYR61","ENSG00000142871",1329.55526990264,-1.2473469320139,-1.30500281293975,0.195347541570618,-6.68041584986105,2.38265165887378e-11,1.3318222051423e-10,"Down in tumour"
"ENSG00000152078.9","TMEM56","ENSG00000152078",2370.73152582743,-1.29450268727392,-1.35656848878515,0.203107983766393,-6.67905054064943,2.40495220593111e-11,1.34352862015226e-10,"Down in tumour"
"ENSG00000105472.12","CLEC11A","ENSG00000105472",63.0244373536162,-1.28279997606513,-1.3433456802919,0.201141502058623,-6.67861016519793,2.41218865020991e-11,1.34699258466209e-10,"Down in tumour"
"ENSG00000105246.5","EBI3","ENSG00000105246",28.2859350319868,-1.09818531020043,-1.13956504580794,0.170676947805054,-6.67673672668168,2.44321277872448e-11,1.36374818187517e-10,"Down in tumour"
"ENSG00000248527.1","MTATP6P1","ENSG00000248527",2712.76162611852,-1.01383500329225,-1.04879963057802,0.157105644825069,-6.67576032513543,2.45953647570312e-11,1.37208583606516e-10,"Down in tumour"
"ENSG00000206727.1","SNORD116-9","ENSG00000206727",29.8848421430341,-1.42923276188745,-1.51876044794079,0.227507572588501,-6.67564789453323,2.4614229561492e-11,1.37236463580454e-10,"Down in tumour"
"ENSG00000207014.1","SNORD116-3","ENSG00000207014",29.8848421430341,-1.42923276188745,-1.51876044794079,0.227507572588501,-6.67564789453323,2.4614229561492e-11,1.37236463580454e-10,"Down in tumour"
"ENSG00000265107.2","GJA5","ENSG00000265107",42.7380847264872,1.40821342228094,1.46577623909435,0.219621490717909,6.67410203939035,2.48750503233945e-11,1.38612576309388e-10,"Up in tumour"
"ENSG00000154065.16","ANKRD29","ENSG00000154065",158.836362001719,1.23814729402188,1.291575799736,0.193736939509988,6.66664706794039,2.6171342446173e-11,1.45467391473491e-10,"Up in tumour"
"ENSG00000258947.6","TUBB3","ENSG00000258947",49.655471980819,1.54214773371814,1.62188317593738,0.243388611956603,6.66375950336809,2.66910108216072e-11,1.48230970031446e-10,"Up in tumour"
"ENSG00000211962.2","IGHV1-46","ENSG00000211962",168.392505111713,-2.05551877638838,-2.30486110511773,0.345973144558425,-6.66196536167419,2.70189717329774e-11,1.49968173727095e-10,"Down in tumour"
"ENSG00000122877.15","EGR2","ENSG00000122877",131.836399837412,-1.35623935102259,-1.42760279964143,0.214548803479612,-6.65397698093944,2.85277311085601e-11,1.58076534667338e-10,"Down in tumour"
"ENSG00000187017.15","ESPN","ENSG00000187017",403.121681774863,-1.25375395339384,-1.31065581043079,0.197103483000559,-6.64958219143734,2.93926176818555e-11,1.62323683531519e-10,"Down in tumour"
"ENSG00000100450.12","GZMH","ENSG00000100450",34.3959427807934,-1.1960373235716,-1.24518140628823,0.187297711277214,-6.64814000020142,2.9681991754634e-11,1.63830357724337e-10,"Down in tumour"
"ENSG00000211935.3","IGHV1-3","ENSG00000211935",398.563309827125,-2.12711350545109,-2.28971715994849,0.344592504563955,-6.64470970674733,3.03815262292557e-11,1.67551281319492e-10,"Down in tumour"
"ENSG00000244474.5","UGT1A4","ENSG00000244474",3361.4052510342,-1.77033460416002,-1.91063467365111,0.287672361798982,-6.64170399166192,3.1007721892713e-11,1.70861870663271e-10,"Down in tumour"
"ENSG00000211829.9","TRDC","ENSG00000211829",15.7211710936321,-1.31422817781686,-1.37476796449478,0.207053012522113,-6.63969071373913,3.14342040701625e-11,1.73019243926787e-10,"Down in tumour"
"ENSG00000167984.17","NLRC3","ENSG00000167984",276.308251602349,-1.06429670320229,-1.10462004659751,0.166377623393884,-6.6392344358858,3.15316546297552e-11,1.7350737839498e-10,"Down in tumour"
"ENSG00000067445.20","TRO","ENSG00000067445",361.784817695349,-1.18421030479403,-1.23894827639127,0.18666921852777,-6.63713217509912,3.19844825678275e-11,1.75852462073614e-10,"Down in tumour"
"ENSG00000101323.4","HAO1","ENSG00000101323",1943.8067711129,-1.63307300621439,-1.73223846178431,0.261151955348721,-6.63306717145279,3.28782094153394e-11,1.80465446189078e-10,"Down in tumour"
"ENSG00000197893.13","NRAP","ENSG00000197893",12.041777226837,-1.60588357825103,-1.69689932159236,0.255890561557598,-6.63134783582242,3.32635335264176e-11,1.82428683593345e-10,"Down in tumour"
"ENSG00000173200.12","PARP15","ENSG00000173200",265.025165213048,-1.11222959835675,-1.15605987313164,0.174362201534333,-6.6302206725923,3.35185392997616e-11,1.83776301484815e-10,"Down in tumour"
"ENSG00000280119.1","AC093642.1","ENSG00000280119",26.8494220772188,-1.41947199321328,-1.50615640998394,0.227317425876279,-6.62578508523006,3.45407408056237e-11,1.88909887473255e-10,"Down in tumour"
"ENSG00000171989.5","LDHAL6B","ENSG00000171989",70.4687599143453,-1.04357028271372,-1.08245061288299,0.163392369088086,-6.62485414052251,3.47591228294552e-11,1.89999259365757e-10,"Down in tumour"
"ENSG00000137124.7","ALDH1B1","ENSG00000137124",1662.1752628973,-1.08619798201245,-1.1285094404608,0.170352268006847,-6.62456363900857,3.48275451767291e-11,1.90320707256488e-10,"Down in tumour"
"ENSG00000266283.1","RP11-627G18.1","ENSG00000266283",15.1496253870057,-1.40898024365631,-1.48411239917052,0.224034490040062,-6.62448178807258,3.48468474648491e-11,1.90373627345227e-10,"Down in tumour"
"ENSG00000062282.14","DGAT2","ENSG00000062282",1380.34784163199,-1.31755153603123,-1.38157495400381,0.208588594873439,-6.62344436828907,3.50924034357216e-11,1.91662235431357e-10,"Down in tumour"
"ENSG00000140263.13","SORD","ENSG00000140263",3695.75659093954,-1.17658663269511,-1.22880947476802,0.185535330076471,-6.62304842027418,3.5186569634365e-11,1.92123523523582e-10,"Down in tumour"
"ENSG00000259293.1","LIPC-AS1","ENSG00000259293",76.2963886078137,-1.19936388167526,-1.25828380846293,0.190002126730467,-6.62247223289194,3.53240430874079e-11,1.92767792894696e-10,"Down in tumour"
"ENSG00000168268.10","NT5DC2","ENSG00000168268",140.551954631847,1.06396471238669,1.10044455811172,0.166189452968199,6.6216269351479,3.55266756573196e-11,1.93766737747403e-10,"Up in tumour"
"ENSG00000114378.16","HYAL1","ENSG00000114378",1226.92851596555,-1.1307411052857,-1.17758224053712,0.177845862018649,-6.62136429361307,3.55898667048965e-11,1.9405791506612e-10,"Down in tumour"
"ENSG00000115290.9","GRB14","ENSG00000115290",647.301640724252,-1.09363325921469,-1.13403849343627,0.171309012911147,-6.61984138583804,3.59584491576494e-11,1.96013655791064e-10,"Down in tumour"
"ENSG00000182487.12","NCF1B","ENSG00000182487",47.1107940779544,-1.34378478174935,-1.41138715457575,0.213313286412705,-6.61649903909447,3.67805264192968e-11,2.0021918575829e-10,"Down in tumour"
"ENSG00000240471.1","PHBP8","ENSG00000240471",16.9825400901817,-1.31991267245599,-1.38972842682311,0.210057464718371,-6.61594401649263,3.69188077471796e-11,2.00916679059644e-10,"Down in tumour"
"ENSG00000198286.9","CARD11","ENSG00000198286",213.235859818369,-1.34266765637677,-1.41533106279472,0.213963889827849,-6.6148127328096,3.72022389759298e-11,2.02403495341006e-10,"Down in tumour"
"ENSG00000278886.1","RP11-108A14.1","ENSG00000278886",24.8537758619008,-1.32385877192578,-1.38154442682494,0.208923012965528,-6.61269626172244,3.77382279477513e-11,2.05094109217419e-10,"Down in tumour"
"ENSG00000169432.14","SCN9A","ENSG00000169432",523.507515506574,-1.26665615233354,-1.3280088056267,0.200884121381264,-6.61082019074189,3.82196490177009e-11,2.07539509741387e-10,"Down in tumour"
"ENSG00000261701.6","HPR","ENSG00000261701",2234.38998863159,-1.73217836614377,-1.8644041447397,0.282079781533727,-6.60949230250584,3.85640270501578e-11,2.09237332073403e-10,"Down in tumour"
"ENSG00000095970.16","TREM2","ENSG00000095970",42.6714869859445,1.43826456735064,1.49011244927484,0.225452301863704,6.60943550789595,3.8578823826731e-11,2.09260252124551e-10,"Up in tumour"
"ENSG00000072818.11","ACAP1","ENSG00000072818",424.395751519208,-1.06672998612609,-1.10723663251477,0.167551328476133,-6.60834290354488,3.88645653903616e-11,2.10752422677104e-10,"Down in tumour"
"ENSG00000108551.4","RASD1","ENSG00000108551",384.962518509736,-1.26598427368909,-1.33043399341141,0.20133349468294,-6.60811056553992,3.89255936800501e-11,2.11025547989381e-10,"Down in tumour"
"ENSG00000176533.12","GNG7","ENSG00000176533",105.752929657006,-1.01265475923802,-1.0484465631509,0.15871598285322,-6.60580329909493,3.9536756092412e-11,2.14162838899045e-10,"Down in tumour"
"ENSG00000204248.10","COL11A2","ENSG00000204248",79.3878474141035,-1.13318881387178,-1.17856663941662,0.178537986892394,-6.60120941168084,4.07816999725955e-11,2.20664895450405e-10,"Down in tumour"
"ENSG00000278967.1","RP5-849H19.3","ENSG00000278967",165.980290468816,-1.00569920106068,-1.0408757911608,0.157684838979336,-6.60098838859964,4.08425546303969e-11,2.20933775293645e-10,"Down in tumour"
"ENSG00000214184.3","GCC2-AS1","ENSG00000214184",16.4161975840324,-1.13455361622621,-1.17922017976653,0.178800946896984,-6.59515623508378,4.24808265305032e-11,2.29419645161869e-10,"Down in tumour"
"ENSG00000083454.21","P2RX5","ENSG00000083454",66.8077104809489,-1.58800973194926,-1.70562695217222,0.258777563170917,-6.59109287247476,4.36600650053927e-11,2.35531116558119e-10,"Down in tumour"
"ENSG00000224254.2","MTCO1P39","ENSG00000224254",16.592599261354,-1.34316805999066,-1.40810796019815,0.213643099647534,-6.59093582952705,4.3706277895259e-11,2.35716173945739e-10,"Down in tumour"
"ENSG00000241399.6","CD302","ENSG00000241399",1611.34243762281,-1.04392485450981,-1.08250559544564,0.164266841330359,-6.58992153668188,4.40059078215455e-11,2.37073743470836e-10,"Down in tumour"
"ENSG00000276775.1","IGHV4-4","ENSG00000276775",194.172217755802,-2.30788878483071,-2.40733606280084,0.365428772680503,-6.5877025641481,4.46684343585299e-11,2.40577502383233e-10,"Down in tumour"
"ENSG00000204681.10","GABBR1","ENSG00000204681",304.045222953627,-1.22550406293331,-1.28455754195511,0.195061266295438,-6.58540553104748,4.53645461755318e-11,2.44127368801604e-10,"Down in tumour"
"ENSG00000259417.2","LINC01314","ENSG00000259417",310.77792667069,-1.25053660041992,-1.31313236689459,0.199522102855878,-6.58138796704202,4.66076636693611e-11,2.50544673277475e-10,"Down in tumour"
"ENSG00000125735.10","TNFSF14","ENSG00000125735",841.717219195482,-1.31088885124821,-1.38145404029817,0.210043252763193,-6.57699793792308,4.8004143058327e-11,2.57701655425404e-10,"Down in tumour"
"ENSG00000273047.1","RP4-583P15.14","ENSG00000273047",124.98998549126,-1.17835603446409,-1.22959180332912,0.186983829900111,-6.57592586474447,4.83513429048336e-11,2.59495154586598e-10,"Down in tumour"
"ENSG00000165178.9","NCF1C","ENSG00000165178",47.8074399811066,-1.19416925897534,-1.25345648575933,0.190631846420327,-6.57527327829349,4.85638900861954e-11,2.6056250879541e-10,"Down in tumour"
"ENSG00000138964.16","PARVG","ENSG00000138964",554.098263526103,-1.1780341412348,-1.23091599845879,0.18725075095499,-6.57362382890881,4.91051984926407e-11,2.63255469600443e-10,"Down in tumour"
"ENSG00000183508.4","FAM46C","ENSG00000183508",591.032292477518,-1.11056080042673,-1.15437492460404,0.175751237838212,-6.56823211490949,5.09161306128407e-11,2.72742347285509e-10,"Down in tumour"
"ENSG00000251015.1","SLC25A30-AS1","ENSG00000251015",19.9590552574012,-1.30101369550364,-1.36339326263363,0.20762202998117,-6.56670808371002,5.1439747883101e-11,2.75472654180254e-10,"Down in tumour"
"ENSG00000251405.2","CTB-109A12.1","ENSG00000251405",44.2734261048563,-1.24032753517045,-1.30358607224072,0.198678932759555,-6.56126975384124,5.3351505597175e-11,2.85478872745305e-10,"Down in tumour"
"ENSG00000149527.17","PLCH2","ENSG00000149527",280.134744034324,-1.34986808434189,-1.42179278285737,0.216730612335366,-6.56018440374867,5.37412786003644e-11,2.87486791172166e-10,"Down in tumour"
"ENSG00000206077.10","ZDHHC11B","ENSG00000206077",257.426254329544,-1.2217667029452,-1.27812906429478,0.194840274906098,-6.55988124072792,5.3850647876843e-11,2.87994021460782e-10,"Down in tumour"
"ENSG00000091262.15","ABCC6","ENSG00000091262",3501.26292919954,-1.17239445319284,-1.22243642233272,0.186587465656549,-6.55154631116995,5.69443222392587e-11,3.03800261477533e-10,"Down in tumour"
"ENSG00000159753.13","CARMIL2","ENSG00000159753",104.619247416614,-1.34628038320877,-1.41760717821137,0.216397172902659,-6.55095054707134,5.71719910287683e-11,3.04850543758732e-10,"Down in tumour"
"ENSG00000279208.1","bP-21264C1.1","ENSG00000279208",24.5430791519782,1.239594517392,1.29070449732133,0.197190518987212,6.54546934584128,5.93088231959033e-11,3.1564924375276e-10,"Up in tumour"
"ENSG00000143845.14","ETNK2","ENSG00000143845",1176.23526204133,-1.34121010854371,-1.42367687347776,0.217521291970643,-6.54500008058934,5.94953536130482e-11,3.16556863995447e-10,"Down in tumour"
"ENSG00000091844.7","RGS17","ENSG00000091844",39.0541087219738,1.01565364195703,1.04265505195433,0.159336829174297,6.54371658678971,6.00084714523399e-11,3.19115442089243e-10,"Up in tumour"
"ENSG00000105251.10","SHD","ENSG00000105251",31.1094188607733,-1.36586390833005,-1.44280544674193,0.220529920740465,-6.54244758215793,6.05200513753517e-11,3.21749496876803e-10,"Down in tumour"
"ENSG00000132703.3","APCS","ENSG00000132703",5452.62866432253,-1.75172325297963,-1.87103848703695,0.286139927120488,-6.53889342136126,6.19756687760047e-11,3.29222869587617e-10,"Down in tumour"
"ENSG00000259316.10","CTD-2116N17.1","ENSG00000259316",27.7613163549873,1.1950566470751,1.2465621290589,0.190665748823593,6.53794473706044,6.23699601249822e-11,3.31228500336403e-10,"Up in tumour"
"ENSG00000163219.11","ARHGAP25","ENSG00000163219",310.633267581604,-1.02231983971113,-1.06039948438921,0.162276846199682,-6.53450882995588,6.38186298325143e-11,3.38831046211093e-10,"Down in tumour"
"ENSG00000230628.1","RP4-781K5.6","ENSG00000230628",40.6813014406247,-1.68753696575428,-1.83584705943135,0.280988011215435,-6.53354230840757,6.42320376806356e-11,3.40934492307004e-10,"Down in tumour"
"ENSG00000164488.11","DACT2","ENSG00000164488",108.978244465794,-1.73290871247278,-1.88092320886836,0.287925814575912,-6.53266610233886,6.46090778908102e-11,3.42751937467919e-10,"Down in tumour"
"ENSG00000068366.19","ACSL4","ENSG00000068366",2147.22149216097,1.59936231582801,1.70085662759759,0.260367066067223,6.53253367750609,6.4666249591823e-11,3.42963311407008e-10,"Up in tumour"
"ENSG00000260585.1","RP13-192B19.2","ENSG00000260585",28.9860718221821,1.61134843239291,1.6420243006195,0.251399567531993,6.53153192242679,6.51003425916915e-11,3.45173072841508e-10,"Up in tumour"
"ENSG00000132855.4","ANGPTL3","ENSG00000132855",4419.10863839143,-1.45117362847991,-1.54212322108776,0.236177807208971,-6.52950096925609,6.5989184706795e-11,3.49604907093574e-10,"Down in tumour"
"ENSG00000236360.2","RP11-334A14.2","ENSG00000236360",31.3493993336716,-1.2015061247797,-1.2546247762931,0.192320638356097,-6.52360967089794,6.86351841936066e-11,3.63137182770397e-10,"Down in tumour"
"ENSG00000260578.1","CTD-2541J13.1","ENSG00000260578",13.464665991828,-1.42407057151542,-1.48655473051312,0.227876054110428,-6.52352322106094,6.86747742995218e-11,3.63249547758e-10,"Down in tumour"
"ENSG00000069431.11","ABCC9","ENSG00000069431",1132.37405369148,-1.21754236157516,-1.28111753439243,0.196444544136618,-6.52152260080825,6.95972318770535e-11,3.67932160935502e-10,"Down in tumour"
"ENSG00000036473.6","OTC","ENSG00000036473",1231.32333841198,-1.84856170606348,-2.01639761229043,0.309203619857592,-6.52126133975762,6.97185866288081e-11,3.68376931431927e-10,"Down in tumour"
"ENSG00000232667.10","AC004862.6","ENSG00000232667",45.2189138631296,-1.75141216747684,-1.92472307953714,0.295182488841523,-6.52045142342602,7.00961062683051e-11,3.70174021176244e-10,"Down in tumour"
"ENSG00000281103.1","TRG-AS1","ENSG00000281103",46.5661378855678,-1.2596683876172,-1.32679266725585,0.203528595873187,-6.5189496422534,7.08014166734321e-11,3.73699317391264e-10,"Down in tumour"
"ENSG00000143195.12","ILDR2","ENSG00000143195",127.028499065534,1.75958322392556,1.81890891040424,0.279208884911147,6.51450941821954,7.29276063578605e-11,3.84306739254828e-10,"Up in tumour"
"ENSG00000278196.3","IGLV2-8","ENSG00000278196",122.188028915937,-2.01236644947459,-2.30327182520907,0.353567788849562,-6.51437121210461,7.29947782148291e-11,3.84558329839263e-10,"Down in tumour"
"ENSG00000183091.19","NEB","ENSG00000183091",875.003461941138,1.10245390061538,1.1456591819701,0.175925009528674,6.51220190375129,7.40570821775978e-11,3.89947280537694e-10,"Up in tumour"
"ENSG00000231490.1","RPL7L1P2","ENSG00000231490",22.5019530814722,-1.13704497529849,-1.18273280042665,0.181643241709462,-6.51129537931516,7.45054700763113e-11,3.92203927984157e-10,"Down in tumour"
"ENSG00000027869.11","SH2D2A","ENSG00000027869",73.0733394370187,-1.23540793665184,-1.2973284650488,0.19925122465968,-6.5110187767459,7.46428119267855e-11,3.92822434583054e-10,"Down in tumour"
"ENSG00000259416.2","RP11-158M2.5","ENSG00000259416",10.9026586279459,-1.05487421991292,-1.09309717340565,0.167886311457764,-6.51093685908182,7.46835341133952e-11,3.92932267598732e-10,"Down in tumour"
"ENSG00000166402.8","TUB","ENSG00000166402",65.4986250911438,-1.44795559488627,-1.53665900586494,0.236036097784131,-6.51027118432665,7.5015255055752e-11,3.94572666308397e-10,"Down in tumour"
"ENSG00000077984.5","CST7","ENSG00000077984",53.3836724931307,-1.19039323996878,-1.2437304364818,0.191083383991048,-6.50883614527188,7.57352764463205e-11,3.98254071918709e-10,"Down in tumour"
"ENSG00000005421.8","PON1","ENSG00000005421",2323.13765846594,-1.55729458347284,-1.65535918929023,0.254384096234657,-6.50732185617152,7.65023890973629e-11,4.02074292991e-10,"Down in tumour"
"ENSG00000123572.16","NRK","ENSG00000123572",37.4004115218914,-1.57284412295232,-1.66642249893286,0.256157739818315,-6.50545441303006,7.74588717777217e-11,4.06993217174528e-10,"Down in tumour"
"ENSG00000279399.1","RP11-369J21.12","ENSG00000279399",15.9209103262536,-1.44933195305168,-1.52387730595547,0.234370369685721,-6.50200495906935,7.92564871454083e-11,4.15996725024945e-10,"Down in tumour"
"ENSG00000263412.1","RP5-890E16.2","ENSG00000263412",20.3957044559092,1.20947105154561,1.24262679827456,0.191126753457877,6.50158481632153,7.94782039552719e-11,4.17049865028287e-10,"Up in tumour"
"ENSG00000123329.17","ARHGAP9","ENSG00000123329",290.909581146159,-1.1989532050157,-1.25730605475843,0.193402883893869,-6.50096849356387,7.98045462612901e-11,4.18540377358165e-10,"Down in tumour"
"ENSG00000261888.1","AC144831.1","ENSG00000261888",21.8704455721932,-1.35189082670757,-1.42044351170773,0.218583914075445,-6.49838995571036,8.11841460019396e-11,4.25437596456551e-10,"Down in tumour"
"ENSG00000274995.1","RP11-321F6.2","ENSG00000274995",11.9712954047743,-1.06015818618906,-1.0970797250655,0.168884070663598,-6.49605211879801,8.24551020001678e-11,4.31754982510403e-10,"Down in tumour"
"ENSG00000242371.1","IGKV1-39","ENSG00000242371",74.3090345301646,-2.57273479254217,-3.15271678727977,0.48553398475762,-6.49329786637617,8.3977416575446e-11,4.39261365295402e-10,"Down in tumour"
"ENSG00000122861.15","PLAU","ENSG00000122861",130.202288304779,1.18501200902112,1.23522775084213,0.190324860165947,6.49010197493442,8.57782942151241e-11,4.48249831063758e-10,"Up in tumour"
"ENSG00000225885.6","AC023590.1","ENSG00000225885",14.916815462155,-1.05417789720126,-1.0947116837696,0.168692539367855,-6.48939003391513,8.61845848778796e-11,4.50211530347815e-10,"Down in tumour"
"ENSG00000164237.8","CMBL","ENSG00000164237",1254.43241489234,-1.22969421173396,-1.28946726191818,0.198768725987725,-6.48727437131038,8.74030875843173e-11,4.56215536011707e-10,"Down in tumour"
"ENSG00000227306.1","AP006285.6","ENSG00000227306",22.3492804593548,-1.79069596025851,-1.97799091743389,0.304947213898779,-6.48633870808358,8.79473339662749e-11,4.58693433779837e-10,"Down in tumour"
"ENSG00000171509.15","RXFP1","ENSG00000171509",16.3213187453501,-1.32763215121301,-1.39259921883035,0.214988655514362,-6.47754745709045,9.32254568473365e-11,4.85071363664388e-10,"Down in tumour"
"ENSG00000177570.13","SAMD12","ENSG00000177570",150.067307299351,-1.45376788208892,-1.54901760337554,0.239191065697158,-6.4760679871579,9.41436412392878e-11,4.89462855542218e-10,"Down in tumour"
"ENSG00000178597.6","PSAPL1","ENSG00000178597",20.439233710879,-1.41799700683449,-1.50317952833541,0.232120661694823,-6.47585405521414,9.42771406325591e-11,4.90028215478005e-10,"Down in tumour"
"ENSG00000168685.14","IL7R","ENSG00000168685",550.738603262983,-1.50472120604639,-1.61887981557005,0.249991263549817,-6.47574556239422,9.43449138380434e-11,4.90251740508373e-10,"Down in tumour"
"ENSG00000007933.12","FMO3","ENSG00000007933",4856.70034612623,-1.48255979672559,-1.57636651874698,0.243522484288282,-6.47318675051326,9.59572314971415e-11,4.98237534895835e-10,"Down in tumour"
"ENSG00000205784.2","ARRDC5","ENSG00000205784",23.655752725415,-1.40673978961848,-1.48555904219969,0.229532716539681,-6.47210151387229,9.66491504333806e-11,5.01567025308837e-10,"Down in tumour"
"ENSG00000188712.4","OR13D3P","ENSG00000188712",14.3949744441007,-1.10222323777021,-1.15094006407369,0.177932404996416,-6.46841177747738,9.90383111795095e-11,5.13696355654096e-10,"Down in tumour"
"ENSG00000267467.3","APOC4","ENSG00000267467",1378.78477518818,-1.8532505039401,-2.00875638001762,0.31059934953137,-6.46735539867814,9.97328995794553e-11,5.17163552888698e-10,"Down in tumour"
"ENSG00000231690.2","LINC00574","ENSG00000231690",48.7669642192634,-1.25285638279775,-1.31358246768381,0.203118933907587,-6.46706066447479,9.99275409451257e-11,5.1803714455916e-10,"Down in tumour"
"ENSG00000101825.7","MXRA5","ENSG00000101825",560.73387773419,-1.43603420016559,-1.52501974881854,0.235853489528993,-6.46596220333248,1.00656237204757e-10,5.21678162606375e-10,"Down in tumour"
"ENSG00000227039.6","ITGB2-AS1","ENSG00000227039",102.660816359686,-1.33705553981539,-1.41947103351289,0.21953200971037,-6.46589549918301,1.00700654267826e-10,5.2177174081756e-10,"Down in tumour"
"ENSG00000250328.5","MGC32805","ENSG00000250328",93.4769188760267,-1.33171642471278,-1.40680063036826,0.217616372196644,-6.46459003138348,1.01573808401901e-10,5.26158175791371e-10,"Down in tumour"
"ENSG00000276180.1","HIST1H4I","ENSG00000276180",50.2343725487411,1.0844395224455,1.12580244723429,0.174421617426253,6.4544892075106,1.08584515396677e-10,5.60566852698599e-10,"Up in tumour"
"ENSG00000246790.2","RP11-730K11.1","ENSG00000246790",25.6611862915857,-1.15574300972277,-1.20488297542294,0.186724048857148,-6.45274662153844,1.09840924500911e-10,5.66462068433174e-10,"Down in tumour"
"ENSG00000238917.1","SNORD10","ENSG00000238917",2239.82645012397,-1.03945750044669,-1.07974982442253,0.167375848180651,-6.45104915768459,1.11078459453226e-10,5.72545819780651e-10,"Down in tumour"
"ENSG00000244437.1","IGKV3-15","ENSG00000244437",610.877997250148,-2.19130403398672,-2.46791556264026,0.382617132603769,-6.45009162513374,1.11782549717748e-10,5.75731267271508e-10,"Down in tumour"
"ENSG00000159423.16","ALDH4A1","ENSG00000159423",3424.84062950949,-1.12329118852891,-1.17254466642051,0.181864443931701,-6.44735518978549,1.13818833476942e-10,5.86060398285408e-10,"Down in tumour"
"ENSG00000280162.1","RP11-314N13.9","ENSG00000280162",26.9436996188329,-1.02354504689425,-1.06055768285216,0.164548096209829,-6.44527470861623,1.15391217234146e-10,5.93539075549755e-10,"Down in tumour"
"ENSG00000211890.3","IGHA2","ENSG00000211890",343.941476847799,-1.94097485754096,-2.15191322582773,0.334076117848116,-6.44138599217699,1.18387361298079e-10,6.08475991216016e-10,"Down in tumour"
"ENSG00000184985.16","SORCS2","ENSG00000184985",190.7706472515,-1.32152281728392,-1.39586641438665,0.216758201128815,-6.43973979815931,1.19678493900331e-10,6.14792740661627e-10,"Down in tumour"
"ENSG00000211967.3","IGHV3-53","ENSG00000211967",58.7760057561229,-2.10935530611835,-2.39082269605451,0.371282057175212,-6.43937041893264,1.19970088227914e-10,6.16130761882484e-10,"Down in tumour"
"ENSG00000116260.16","QSOX1","ENSG00000116260",787.54660784415,-1.27441277901432,-1.34422547011722,0.208777937648373,-6.43854176000717,1.20626774587919e-10,6.19021454347594e-10,"Down in tumour"
"ENSG00000152583.12","SPARCL1","ENSG00000152583",966.846469105693,1.25132057074649,1.3127329621875,0.203991179026623,6.43524376128133,1.23275330203015e-10,6.32121401737895e-10,"Up in tumour"
"ENSG00000187955.11","COL14A1","ENSG00000187955",725.311037307967,-1.28694414335944,-1.35738545212331,0.210985199165032,-6.43355769738885,1.24651246148894e-10,6.39011166802655e-10,"Down in tumour"
"ENSG00000242534.2","IGKV2D-28","ENSG00000242534",163.137905889918,-2.64901270083386,-3.14572573373303,0.488985515165231,-6.43316751963517,1.24971783858507e-10,6.40322681312822e-10,"Down in tumour"
"ENSG00000154874.15","CCDC144B","ENSG00000154874",447.237399491796,-1.0390950072638,-1.08280454916587,0.168355061608522,-6.43167207935644,1.26207791661859e-10,6.46321040197456e-10,"Down in tumour"
"ENSG00000276070.4","CCL4L2","ENSG00000276070",82.7443334511731,-1.14756293844531,-1.19831724435915,0.186343751741131,-6.43068111038063,1.2703341871863e-10,6.50380873434515e-10,"Down in tumour"
"ENSG00000259764.1","PCSK6-AS1","ENSG00000259764",11.8240241168847,-1.07531563724339,-1.12118782570767,0.174394301124757,-6.42903935780334,1.28412878577636e-10,6.57273365835827e-10,"Down in tumour"
"ENSG00000259591.1","RP11-554D20.1","ENSG00000259591",17.1710456723916,-1.19281581472883,-1.24193312448321,0.193271005149368,-6.42586363910816,1.3112290669151e-10,6.70624209856603e-10,"Down in tumour"
"ENSG00000182866.16","LCK","ENSG00000182866",141.736252245712,-1.25515511675636,-1.31962269109178,0.2053649561827,-6.4257442731261,1.31225851244211e-10,6.70977337555328e-10,"Down in tumour"
"ENSG00000137960.5","GIPC2","ENSG00000137960",276.669459484785,-1.12858092818505,-1.17759252193193,0.183267958347097,-6.42552322049475,1.31416701833393e-10,6.71606191424824e-10,"Down in tumour"
"ENSG00000210112.1","MT-TM","ENSG00000210112",19.4340910457525,-1.33492952042143,-1.40085434227435,0.218136091481852,-6.42192831437478,1.34558790234002e-10,6.86954380990868e-10,"Down in tumour"
"ENSG00000128573.24","FOXP2","ENSG00000128573",212.194157729288,-1.63603436183286,-1.77337712235691,0.276156757720016,-6.42163218093277,1.34820871341666e-10,6.88114880470759e-10,"Down in tumour"
"ENSG00000206588.1","RNU1-28P","ENSG00000206588",194.003579173691,-2.49733750011372,-2.89606222760716,0.451252505485816,-6.4178307985,1.38229763285082e-10,7.04968231049117e-10,"Down in tumour"
"ENSG00000206652.1","RNU1-1","ENSG00000206652",194.003579173691,-2.49733750011372,-2.89606222760716,0.451252505485816,-6.4178307985,1.38229763285082e-10,7.04968231049117e-10,"Down in tumour"
"ENSG00000207513.1","RNU1-3","ENSG00000207513",194.003579173691,-2.49733750011372,-2.89606222760716,0.451252505485816,-6.4178307985,1.38229763285082e-10,7.04968231049117e-10,"Down in tumour"
"ENSG00000127533.3","F2RL3","ENSG00000127533",31.7997760186768,1.25155728070331,1.28875985358331,0.20084314903288,6.41674789401122,1.39216178348296e-10,7.09085388072009e-10,"Up in tumour"
"ENSG00000185008.17","ROBO2","ENSG00000185008",85.0543526321213,-1.6700055074199,-1.79608218862928,0.279942179809931,-6.4159041336634,1.3998952270028e-10,7.12657567594302e-10,"Down in tumour"
"ENSG00000259372.2","CTD-2240J17.1","ENSG00000259372",11.1561337759114,-1.42751037308057,-1.50111184927536,0.234011822672146,-6.41468380586239,1.41115440053826e-10,7.17835493442658e-10,"Down in tumour"
"ENSG00000245648.1","RP11-277P12.20","ENSG00000245648",24.4180465029757,-1.41062057725514,-1.49812843892111,0.233579080442788,-6.41379543099987,1.4194064738015e-10,7.21662274234604e-10,"Down in tumour"
"ENSG00000178031.16","ADAMTSL1","ENSG00000178031",128.728106672819,-1.04460809482291,-1.08598182475213,0.169362682632216,-6.41216711895394,1.43465440015926e-10,7.2903977170217e-10,"Down in tumour"
"ENSG00000039068.18","CDH1","ENSG00000039068",2370.67329315881,-1.16582543995926,-1.21685745709852,0.18980899871949,-6.41095767486165,1.44608343077015e-10,7.34094109905967e-10,"Down in tumour"
"ENSG00000186193.8","SAPCD2","ENSG00000186193",46.1314077307806,1.34181793921111,1.38818330454497,0.216581825394118,6.40950967154732,1.45988387510879e-10,7.4090978307765e-10,"Up in tumour"
"ENSG00000091513.14","TF","ENSG00000091513",89650.6229591319,-1.5814846302023,-1.68469438525298,0.262859008433856,-6.40911793470798,1.46363945658563e-10,7.42625372063556e-10,"Down in tumour"
"ENSG00000231574.5","LINC02015","ENSG00000231574",143.251898981526,-1.39464234216917,-1.47782114885058,0.230705176500501,-6.40566965712347,1.49710802190188e-10,7.58634384984739e-10,"Down in tumour"
"ENSG00000148702.14","HABP2","ENSG00000148702",3681.98036978197,-1.63774827210123,-1.76422533722533,0.275444209618338,-6.40501878645365,1.50350866624348e-10,7.61682800894731e-10,"Down in tumour"
"ENSG00000199753.1","SNORD104","ENSG00000199753",24.704161656772,-1.23673898297239,-1.30288850162631,0.203432794581984,-6.40451557627915,1.50847554348793e-10,7.63697611206376e-10,"Down in tumour"
"ENSG00000139946.9","PELI2","ENSG00000139946",121.055173146026,-1.20243014465019,-1.26344476912295,0.197287685655363,-6.40407314286221,1.51285577458815e-10,7.65634220056848e-10,"Down in tumour"
"ENSG00000164855.15","TMEM184A","ENSG00000164855",926.855338285642,-1.03369270914867,-1.07421270601253,0.167827573537747,-6.40069258804439,1.54673714388312e-10,7.82181100891123e-10,"Down in tumour"
"ENSG00000181019.12","NQO1","ENSG00000181019",460.393712561244,1.55164553203174,1.63343311594385,0.255210314759078,6.40034129296784,1.55030021374915e-10,7.83782685331721e-10,"Up in tumour"
"ENSG00000204099.11","NEU4","ENSG00000204099",266.818140679877,-1.63462679904434,-1.7772110203627,0.277741181234042,-6.39880269993204,1.5660003758169e-10,7.91113972397751e-10,"Down in tumour"
"ENSG00000280365.1","RP11-9H20.2","ENSG00000280365",40.1825535077605,-1.13597174600764,-1.18518688775587,0.185324634002725,-6.39519346218402,1.60344209695071e-10,8.09409064650484e-10,"Down in tumour"
"ENSG00000103569.9","AQP9","ENSG00000103569",4856.83542707834,-1.51201633072424,-1.6251136847605,0.254329077462517,-6.38980686351136,1.66095404665625e-10,8.37159751603439e-10,"Down in tumour"
"ENSG00000171608.15","PIK3CD","ENSG00000171608",362.441929115494,-1.08609007958784,-1.13297500686892,0.17732471673322,-6.38926725919121,1.66682518759555e-10,8.39905064615038e-10,"Down in tumour"
"ENSG00000275221.1","HIST1H2AK","ENSG00000275221",19.1775485167344,1.15596964051345,1.19829332440268,0.187604927274258,6.38732330655106,1.6881448737564e-10,8.49998765867728e-10,"Up in tumour"
"ENSG00000237781.3","RP11-54A4.2","ENSG00000237781",18.1191383322338,-1.138809110038,-1.18590609133938,0.185668329815701,-6.38722873479037,1.68918882809303e-10,8.50308099553545e-10,"Down in tumour"
"ENSG00000009790.14","TRAF3IP3","ENSG00000009790",263.992931297043,-1.11168982661687,-1.16236860745872,0.181986624981597,-6.38711008337157,1.69049948403667e-10,8.50751494725093e-10,"Down in tumour"
"ENSG00000013297.10","CLDN11","ENSG00000013297",59.5715232996617,-1.30368644520017,-1.37380445577376,0.215224010049476,-6.3831375293953,1.7349595736063e-10,8.72239137424168e-10,"Down in tumour"
"ENSG00000260105.6","AOC4P","ENSG00000260105",445.158003332888,-1.46302510581524,-1.56105473899469,0.244828825928632,-6.37610678838013,1.8164629139543e-10,9.11131537148947e-10,"Down in tumour"
"ENSG00000233306.2","TRGV2","ENSG00000233306",13.684593691962,-1.45105086838104,-1.54576089917377,0.242440950133276,-6.37582429174617,1.81981473160655e-10,9.12581529837559e-10,"Down in tumour"
"ENSG00000243955.5","GSTA1","ENSG00000243955",5193.97765624304,-1.73437253730659,-1.88628363564313,0.295940361577143,-6.37386406366009,1.84323982032632e-10,9.23860363730534e-10,"Down in tumour"
"ENSG00000168702.17","LRP1B","ENSG00000168702",175.249808821462,-1.78083912611057,-1.98041628801315,0.310870034166584,-6.37056026748436,1.8833891526805e-10,9.43267244408023e-10,"Down in tumour"
"ENSG00000138075.11","ABCG5","ENSG00000138075",1272.9847665718,-1.56194031172393,-1.66394603251281,0.261256150373554,-6.36902147617821,1.90237972853467e-10,9.52296458444278e-10,"Down in tumour"
"ENSG00000211644.3","IGLV1-51","ENSG00000211644",481.050377572927,-1.7506234333066,-1.9240242495612,0.302122169407335,-6.36836500060721,1.91053825610907e-10,9.56138652418883e-10,"Down in tumour"
"ENSG00000009950.15","MLXIPL","ENSG00000009950",7115.19892104511,-1.33573278859574,-1.40837932139464,0.221195821592591,-6.36711539691131,1.92616261226459e-10,9.63227301277239e-10,"Down in tumour"
"ENSG00000082175.14","PGR","ENSG00000082175",38.4819574703373,-1.39568538768448,-1.47987056339629,0.232494428049866,-6.36518722538539,1.95051662427643e-10,9.74913523846045e-10,"Down in tumour"
"ENSG00000180061.9","TMEM150B","ENSG00000180061",51.7180594460727,1.01386774450979,1.05046041318204,0.165053124577777,6.36437762610814,1.96083180967064e-10,9.79327378471134e-10,"Up in tumour"
"ENSG00000234663.5","LINC01934","ENSG00000234663",21.7128036783251,-1.50364408544691,-1.60685227726112,0.252490253627658,-6.36401704293389,1.96544317188799e-10,9.81382863299169e-10,"Down in tumour"
"ENSG00000272620.1","AFAP1-AS1","ENSG00000272620",150.256562434729,1.36157271521016,1.41260216568434,0.221990933982002,6.36333268366207,1.97422433803251e-10,9.85270356093735e-10,"Up in tumour"
"ENSG00000105855.9","ITGB8","ENSG00000105855",218.050400719825,-1.63677506864559,-1.80582152971778,0.283794051504311,-6.36314087679302,1.97669232339137e-10,9.86253369218186e-10,"Down in tumour"
"ENSG00000004468.12","CD38","ENSG00000004468",228.310318243143,-1.20991336959724,-1.26981513135062,0.199742626152862,-6.35725661471398,2.05388725434682e-10,1.02322150579629e-09,"Down in tumour"
"ENSG00000240602.7","AADACP1","ENSG00000240602",86.5400853728396,-1.31210830703413,-1.3815129970174,0.21733109411769,-6.35672038842854,2.06106660982135e-10,1.02653979386497e-09,"Down in tumour"
"ENSG00000229017.6","LINC01277","ENSG00000229017",29.3271461779451,-1.2295632096334,-1.29207019457291,0.203375644882463,-6.35312156143198,2.10988848579299e-10,1.0497994670513e-09,"Down in tumour"
"ENSG00000134538.2","SLCO1B1","ENSG00000134538",3096.48671878946,-1.70731146886091,-1.84045308570078,0.289919709921176,-6.34814751367257,2.17923074729622e-10,1.08158260233787e-09,"Down in tumour"
"ENSG00000146700.8","SSC4D","ENSG00000146700",30.2471145241218,1.07890375262032,1.11872054190228,0.176307859088217,6.34526757733766,2.2203918213795e-10,1.10118304486506e-09,"Up in tumour"
"ENSG00000280304.1","CTD-2536I1.2","ENSG00000280304",15.2725153412848,-1.25517645366477,-1.30037619613182,0.205129310364845,-6.33929979981389,2.30811719442733e-10,1.14325734808058e-09,"Down in tumour"
"ENSG00000123843.12","C4BPB","ENSG00000123843",2737.21102564014,-1.28702448974066,-1.35222490134731,0.213357679066235,-6.33783094784942,2.33022296572612e-10,1.15391801752858e-09,"Down in tumour"
"ENSG00000124256.14","ZBP1","ENSG00000124256",112.125773159644,-1.52328336870972,-1.63138815418077,0.257470670745127,-6.33620967180257,2.35486279438343e-10,1.16524498223078e-09,"Down in tumour"
"ENSG00000164879.6","CA3","ENSG00000164879",13.7105710501119,-1.20267606380105,-1.26672222440311,0.199926935223394,-6.33592578702666,2.35920332121762e-10,1.16680937873214e-09,"Down in tumour"
"ENSG00000268869.5","ESPNP","ENSG00000268869",34.9839160482145,-1.46143694764136,-1.56212737597944,0.246727217850901,-6.33139460488482,2.42955102650405e-10,1.2004019837143e-09,"Down in tumour"
"ENSG00000152760.9","TCTEX1D1","ENSG00000152760",18.8635410921813,-1.43885452100913,-1.50277747203935,0.237401006538797,-6.3301225801406,2.44966510417013e-10,1.20943430797803e-09,"Down in tumour"
"ENSG00000152661.7","GJA1","ENSG00000152661",204.35770371047,1.00172345915031,1.03861793606391,0.164201208306375,6.32527584161261,2.5278061244942e-10,1.24645905884688e-09,"Up in tumour"
"ENSG00000196139.13","AKR1C3","ENSG00000196139",1737.54212961226,1.0457977733476,1.08714198982378,0.17189330453486,6.32451620361576,2.54027196803662e-10,1.25198214799175e-09,"Up in tumour"
"ENSG00000132970.12","WASF3","ENSG00000132970",154.485796446373,-1.31984393663707,-1.40707469347498,0.222559023921235,-6.32225406404079,2.57775090875373e-10,1.26950544257185e-09,"Down in tumour"
"ENSG00000135253.13","KCP","ENSG00000135253",44.202602239047,1.49678571956051,1.55474316559287,0.245919671015352,6.32215861046679,2.57934419359169e-10,1.26997411999404e-09,"Up in tumour"
"ENSG00000235090.1","RPL7L1P3","ENSG00000235090",210.356806616253,-1.2104250585315,-1.27186063886699,0.201180150095454,-6.32199865773803,2.58201623709924e-10,1.270973573263e-09,"Down in tumour"
"ENSG00000233695.2","GAS6-AS1","ENSG00000233695",331.75314320247,-1.13612974784032,-1.19170521543078,0.188522126112972,-6.32130158937765,2.59369250536778e-10,1.27614774291732e-09,"Down in tumour"
"ENSG00000270276.2","HIST2H4B","ENSG00000270276",50.8944176805473,1.33554968453582,1.39267877011146,0.220377233491627,6.3195219762316,2.62373636109259e-10,1.29022642969206e-09,"Up in tumour"
"ENSG00000158517.13","NCF1","ENSG00000158517",95.1359682036786,-1.10444092077722,-1.15433639670904,0.182680199315978,-6.31889170819445,2.63445798437807e-10,1.29453393457784e-09,"Down in tumour"
"ENSG00000102401.19","ARMCX3","ENSG00000102401",375.800075310028,-1.14590046018516,-1.20348541875854,0.190489254906319,-6.31786511711856,2.6520132173745e-10,1.30251358837453e-09,"Down in tumour"
"ENSG00000267369.1","RP11-1094M14.8","ENSG00000267369",28.8762439622768,-1.28040282355799,-1.35751276655052,0.214887602196037,-6.3173154368957,2.66145994152142e-10,1.30650487655093e-09,"Down in tumour"
"ENSG00000267719.1","LINC02078","ENSG00000267719",38.1074342846162,-1.09129507362439,-1.14499963090153,0.181307215500097,-6.31524579837207,2.69732415877582e-10,1.32350290878805e-09,"Down in tumour"
"ENSG00000156475.18","PPP2R2B","ENSG00000156475",37.4480381384585,-1.33703341349183,-1.41942359514958,0.224828196479663,-6.31337001930705,2.73023648242353e-10,1.33862061100661e-09,"Down in tumour"
"ENSG00000269155.2","RP3-431P23.5","ENSG00000269155",30.6038264515579,-1.33556532437439,-1.42417898001019,0.225659388516808,-6.31118868738811,2.76900341474494e-10,1.35660605415957e-09,"Down in tumour"
"ENSG00000136541.14","ERMN","ENSG00000136541",22.7334381876505,-1.39013986304894,-1.4826019595626,0.234973738858667,-6.30964960920321,2.79667904221868e-10,1.36813317554707e-09,"Down in tumour"
"ENSG00000254838.5","GVINP1","ENSG00000254838",601.751882461917,-1.08483166664185,-1.13438899781068,0.179944616276533,-6.30410079103111,2.89871822568645e-10,1.41490332530239e-09,"Down in tumour"
"ENSG00000236155.6","RP11-231P20.2","ENSG00000236155",18.0624689972932,-1.31037365981023,-1.388810274603,0.220314134131267,-6.30377292895571,2.90485983937e-10,1.41754985789661e-09,"Down in tumour"
"ENSG00000264294.1","SNORD55","ENSG00000264294",71.9321906903463,-1.20667145450443,-1.26938188647087,0.201369807197851,-6.30373492498638,2.90557256276791e-10,1.41754985789661e-09,"Down in tumour"
"ENSG00000109625.18","CPZ","ENSG00000109625",30.4091536408224,-1.8200492315686,-1.98285729627249,0.314590019714646,-6.3029885629273,2.91960443564493e-10,1.42404461790833e-09,"Down in tumour"
"ENSG00000120262.9","CCDC170","ENSG00000120262",128.25763498003,1.13676328618606,1.18645988825711,0.188306367101604,6.30068917221974,2.96325105050723e-10,1.44391009460092e-09,"Up in tumour"
"ENSG00000043462.11","LCP2","ENSG00000043462",490.48525297981,-1.02501275491458,-1.06804916301088,0.16958232359921,-6.29811610280267,3.01284818032745e-10,1.46735492207729e-09,"Down in tumour"
"ENSG00000110887.7","DAO","ENSG00000110887",386.758741410634,-1.61925887171622,-1.74164583974741,0.276622152506872,-6.29611845603775,3.05191184955552e-10,1.48455372912884e-09,"Down in tumour"
"ENSG00000132164.9","SLC6A11","ENSG00000132164",134.707625756526,-1.93186162919839,-2.14151161235021,0.340145453059163,-6.29587017286318,3.05680140858548e-10,1.48656683734969e-09,"Down in tumour"
"ENSG00000234913.1","XXbac-B476C20.13","ENSG00000234913",14.6797750272575,1.03912796937226,1.06287876174996,0.168823203018353,6.29580971541225,3.05799318363065e-10,1.4867811123459e-09,"Up in tumour"
"ENSG00000110665.11","C11orf21","ENSG00000110665",65.0647804846633,-1.18415732547803,-1.25083518620651,0.198723858314658,-6.29433826826143,3.08713957627417e-10,1.4991107368301e-09,"Down in tumour"
"ENSG00000173578.7","XCR1","ENSG00000173578",27.6726460610747,-1.36260701662371,-1.45356285301284,0.230947389984431,-6.2939133155427,3.09560739341932e-10,1.50285398915743e-09,"Down in tumour"
"ENSG00000139174.11","PRICKLE1","ENSG00000139174",67.5572774369733,-1.21591211237003,-1.27925319000725,0.203277670002289,-6.293131901762,3.11123746440664e-10,1.50970147420938e-09,"Down in tumour"
"ENSG00000258818.3","RNASE4","ENSG00000258818",959.270887591796,-1.00025295879704,-1.03931071861848,0.165175456052985,-6.29216194375204,3.13074607517509e-10,1.51805137349193e-09,"Down in tumour"
"ENSG00000224721.1","AC007182.6","ENSG00000224721",26.3455548759246,-1.33343739790526,-1.4119263041633,0.224398338704359,-6.29205328486626,3.13293893969516e-10,1.51874260184634e-09,"Down in tumour"
"ENSG00000110934.10","BIN2","ENSG00000110934",249.570132394993,-1.06247693319994,-1.1095130591964,0.176479271029063,-6.28693133605298,3.23802503367115e-10,1.56738149893502e-09,"Down in tumour"
"ENSG00000013725.14","CD6","ENSG00000013725",151.471401554831,-1.34397844792482,-1.42875617823483,0.227304999782483,-6.2856346301316,3.2651705678568e-10,1.58013498898752e-09,"Down in tumour"
"ENSG00000214402.6","LCNL1","ENSG00000214402",27.4128228067533,-1.63230967182855,-1.78959307780352,0.284767859531324,-6.28439277083045,3.29137616807549e-10,1.59240469447748e-09,"Down in tumour"
"ENSG00000110693.17","SOX6","ENSG00000110693",416.979895910929,-1.07191541371758,-1.12172994592739,0.178513997381163,-6.28370863004245,3.30590045448295e-10,1.59867304411388e-09,"Down in tumour"
"ENSG00000145506.13","NKD2","ENSG00000145506",38.4383764193554,-1.36568169373046,-1.46298894264789,0.232906874982379,-6.28143305241024,3.35466256632703e-10,1.621803286249e-09,"Down in tumour"
"ENSG00000115523.16","GNLY","ENSG00000115523",53.0280974818987,-1.06229950784019,-1.1085532882718,0.176481873778335,-6.28140026246639,3.35537031131696e-10,1.621803286249e-09,"Down in tumour"
"ENSG00000132749.10","TESMIN","ENSG00000132749",19.5161865226398,1.12258406631137,1.15846996708131,0.184431561720734,6.28129999156795,3.35753548398609e-10,1.62245360924162e-09,"Up in tumour"
"ENSG00000219438.8","FAM19A5","ENSG00000219438",41.5956553080032,-1.75691677422911,-1.93091246217865,0.307799283022969,-6.27328447036883,3.53510165249295e-10,1.70492853332829e-09,"Down in tumour"
"ENSG00000183010.16","PYCR1","ENSG00000183010",139.37531336984,1.44642895277476,1.54012051289969,0.245614124385345,6.27048837990844,3.59917410913555e-10,1.73498424603312e-09,"Up in tumour"
"ENSG00000254897.1","RP11-482L11.1","ENSG00000254897",10.559032354596,-1.25798095016721,-1.31224976615437,0.209299580951212,-6.26971998792611,3.61697951299596e-10,1.74314281715922e-09,"Down in tumour"
"ENSG00000106804.7","C5","ENSG00000106804",10049.984701775,-1.17390566462259,-1.22988142583666,0.19626529403797,-6.26642337283905,3.69435049731874e-10,1.77956386939474e-09,"Down in tumour"
"ENSG00000116678.19","LEPR","ENSG00000116678",4772.8737905415,-1.35349114943989,-1.44556794044682,0.230760448788055,-6.2643661339666,3.74344982519737e-10,1.80146127863194e-09,"Down in tumour"
"ENSG00000135929.8","CYP27A1","ENSG00000135929",3837.24642743083,-1.05870122392777,-1.10536353561973,0.176544986827371,-6.26108707748565,3.823029614282e-10,1.83797000620558e-09,"Down in tumour"
"ENSG00000172673.10","THEMIS","ENSG00000172673",128.408165772177,-1.30642500822887,-1.38483131137773,0.221370859715848,-6.25570733724981,3.95718220518422e-10,1.8996970018727e-09,"Down in tumour"
"ENSG00000168421.12","RHOH","ENSG00000168421",96.2871073640205,-1.29942156563224,-1.37495249862514,0.219862774631141,-6.25368483105823,4.00879615356149e-10,1.92167842740234e-09,"Down in tumour"
"ENSG00000119125.16","GDA","ENSG00000119125",1495.55610598265,-1.41487520092107,-1.50796267114648,0.241135755237813,-6.25358387709571,4.0113896257562e-10,1.9224560499417e-09,"Down in tumour"
"ENSG00000187546.13","AGMO","ENSG00000187546",762.109812307628,-1.15426091686759,-1.20815730625849,0.193324001276584,-6.24939116861133,4.12055744090954e-10,1.97286389520857e-09,"Down in tumour"
"ENSG00000137033.11","IL33","ENSG00000137033",178.089238782625,-1.09462200785614,-1.14295019748166,0.182942355543725,-6.24759746907534,4.16814180957245e-10,1.99371751659902e-09,"Down in tumour"
"ENSG00000211638.2","IGLV8-61","ENSG00000211638",50.7346228140916,-2.17101806165739,-2.34636687029684,0.375567231891147,-6.24752819483704,4.16999027672929e-10,1.99386437678388e-09,"Down in tumour"
"ENSG00000228725.3","MTND2P12","ENSG00000228725",41.2316921218559,-1.27848175866592,-1.36274489585028,0.218126068613489,-6.24751046269951,4.17046355776551e-10,1.99386437678388e-09,"Down in tumour"
"ENSG00000246145.1","RRS1-AS1","ENSG00000246145",117.111604894438,-1.08169606922256,-1.13010682907304,0.180948820924461,-6.24545008527478,4.22581471559729e-10,2.01935177850838e-09,"Down in tumour"
"ENSG00000050767.15","COL23A1","ENSG00000050767",20.9141290218856,-1.14691860383148,-1.20214141773708,0.192504441073459,-6.24474641225731,4.24488235828666e-10,2.02797384787757e-09,"Down in tumour"
"ENSG00000182782.7","HCAR2","ENSG00000182782",20.3070004050718,-1.1081978682281,-1.15470996139777,0.184970170177178,-6.24268205133676,4.30130685001333e-10,2.05294831160631e-09,"Down in tumour"
"ENSG00000233333.2","RNFT1P2","ENSG00000233333",10.8185234924356,-1.35783649519518,-1.41481110151248,0.226698290862911,-6.24094295606331,4.34940855944173e-10,2.07390613387208e-09,"Down in tumour"
"ENSG00000237943.6","PRKCQ-AS1","ENSG00000237943",23.6225669047377,-1.33694011922917,-1.42180503693577,0.227862269553205,-6.23975632176253,4.38253066750166e-10,2.08919627894654e-09,"Down in tumour"
"ENSG00000270255.1","RP11-420B22.2","ENSG00000270255",12.3643715793327,-1.30859475428858,-1.35046283589416,0.216653184476747,-6.23329326617444,4.56729977612371e-10,2.1751820132054e-09,"Down in tumour"
"ENSG00000107537.13","PHYH","ENSG00000107537",1549.50837844523,-1.06054859217764,-1.10943496981646,0.178040241572116,-6.23137196411337,4.6236780346921e-10,2.20044384084301e-09,"Down in tumour"
"ENSG00000273018.5","CTD-2303H24.2","ENSG00000273018",88.7245962918783,-1.12200488547911,-1.18759693168244,0.190639097337251,-6.22955599491494,4.67758951201596e-10,2.22503074288228e-09,"Down in tumour"
"ENSG00000262003.1","RP11-676J12.7","ENSG00000262003",13.7729269462613,-1.23977446846739,-1.31695161842392,0.211552714155693,-6.22517004180202,4.81034005325908e-10,2.28543112515979e-09,"Down in tumour"
"ENSG00000263429.3","LINC00675","ENSG00000263429",21.5368034276862,-1.17941308565549,-1.24509728270672,0.200085922501613,-6.22281301522691,4.88319234119909e-10,2.31893056644323e-09,"Down in tumour"
"ENSG00000175311.6","ANKS4B","ENSG00000175311",438.669428306033,-1.28808129356846,-1.35901500204439,0.218553767066764,-6.21821815420479,5.02832151173262e-10,2.38327508816388e-09,"Down in tumour"
"ENSG00000267391.4","RP11-1151B14.3","ENSG00000267391",3704.59253544034,-1.56072610943987,-1.66676775750151,0.268373072271758,-6.2106370933285,5.27702153964376e-10,2.49458054297036e-09,"Down in tumour"
"ENSG00000115252.18","PDE1A","ENSG00000115252",67.8214597300071,-1.02405807326352,-1.06724559697446,0.171879771973332,-6.20925653275851,5.32358576158689e-10,2.51599171392286e-09,"Down in tumour"
"ENSG00000138135.6","CH25H","ENSG00000138135",24.0549663134736,-1.45496881447269,-1.5509812582907,0.249799579083233,-6.20890260897484,5.33558750021808e-10,2.52106190956831e-09,"Down in tumour"
"ENSG00000100033.16","PRODH","ENSG00000100033",1202.20920688994,-1.63719585011293,-1.80717839189563,0.291103502045383,-6.20802697046869,5.36539444213855e-10,2.53454062513719e-09,"Down in tumour"
"ENSG00000113088.5","GZMK","ENSG00000113088",65.8990119691731,-1.39291178801356,-1.48552948441442,0.239417870160823,-6.20475607529441,5.47818043290738e-10,2.58473481069215e-09,"Down in tumour"
"ENSG00000189409.13","MMP23B","ENSG00000189409",38.3370702975319,-1.17068525607711,-1.2287832699461,0.19804638861544,-6.20452247847906,5.48632317283103e-10,2.58795983221746e-09,"Down in tumour"
"ENSG00000242261.1","RP11-62J1.3","ENSG00000242261",14.4270036731382,1.09883983410878,1.13018716874432,0.182180691954921,6.20366053403715,5.51647123252217e-10,2.60156099845869e-09,"Up in tumour"
"ENSG00000224549.1","RP11-370B11.3","ENSG00000224549",10.6224271428986,-1.24127205014137,-1.31207016046153,0.211564371423984,-6.20175387580776,5.58373549046867e-10,2.63077544781829e-09,"Down in tumour"
"ENSG00000100351.16","GRAP2","ENSG00000100351",125.95587653683,-1.20106463706526,-1.265047691419,0.204010224857725,-6.20090337286393,5.61399755543632e-10,2.64377477075306e-09,"Down in tumour"
"ENSG00000136999.4","NOV","ENSG00000136999",24.8171649281434,1.34564491328195,1.41871882207398,0.228799802432262,6.20069950669648,5.62127513880336e-10,2.64657228407076e-09,"Up in tumour"
"ENSG00000189369.8","GSPT2","ENSG00000189369",85.7501085875553,-1.30410004422687,-1.38418786275538,0.223249142334633,-6.20019341745369,5.63938125072098e-10,2.65383435795341e-09,"Down in tumour"
"ENSG00000205045.8","SLFN12L","ENSG00000205045",220.355390848239,-1.27081584081648,-1.3471632133253,0.217362649198397,-6.1977677319146,5.7269568884769e-10,2.69184653748808e-09,"Down in tumour"
"ENSG00000207063.1","SNORD116-1","ENSG00000207063",18.0419200067939,-1.32177611130422,-1.41024737814711,0.22758887800182,-6.19646878410218,5.77439753660878e-10,2.7122128723801e-09,"Down in tumour"
"ENSG00000214688.5","C10orf105","ENSG00000214688",24.7758530495127,-1.16432085066649,-1.22024866472743,0.196928879941171,-6.19639265247414,5.77718990821872e-10,2.7128806608155e-09,"Down in tumour"
"ENSG00000234648.1","AL162151.3","ENSG00000234648",59.8447166054906,-1.43344881415598,-1.53094273466646,0.247153536886932,-6.19429830521436,5.85452559712662e-10,2.74789246250717e-09,"Down in tumour"
"ENSG00000237513.1","RP11-325F22.2","ENSG00000237513",35.8160446439931,-1.4450431553089,-1.54439391904469,0.249371405928522,-6.19314757958803,5.89744621947711e-10,2.76738153205573e-09,"Down in tumour"
"ENSG00000162711.16","NLRP3","ENSG00000162711",119.053967184194,-1.09130909738107,-1.14339278388794,0.184668735894672,-6.19158829646232,5.95609572836992e-10,2.79357826425653e-09,"Down in tumour"
"ENSG00000173267.13","SNCG","ENSG00000173267",49.3649303283336,1.18805555284013,1.24082772243621,0.200434666989473,6.1906841819004,5.99036255333154e-10,2.80831942250334e-09,"Up in tumour"
"ENSG00000185811.16","IKZF1","ENSG00000185811",390.967050904015,-1.1084064704467,-1.16313782411218,0.187888177797365,-6.19058547348632,5.99411532515707e-10,2.80941332301288e-09,"Down in tumour"
"ENSG00000225864.1","HCG4P11","ENSG00000225864",47.5934615956026,-1.23975757202555,-1.31631252215493,0.212661591269907,-6.18970503462603,6.02769016118075e-10,2.82381233988759e-09,"Down in tumour"
"ENSG00000171051.8","FPR1","ENSG00000171051",59.7856689175295,-1.10131432468688,-1.15334124176821,0.186331379198894,-6.18973168516673,6.02667117616288e-10,2.82381233988759e-09,"Down in tumour"
"ENSG00000169255.13","B3GALNT1","ENSG00000169255",45.1774012654117,1.13225255660667,1.16411847046581,0.188117675879534,6.18824608066753,6.08373058987861e-10,2.84804350911702e-09,"Up in tumour"
"ENSG00000255993.1","PSMC1P9","ENSG00000255993",29.176727085001,-1.11723632729107,-1.1682168413821,0.188850897717514,-6.18592156829211,6.17407012017878e-10,2.88692109351993e-09,"Down in tumour"
"ENSG00000237158.1","RP11-472F14.4","ENSG00000237158",21.726000240782,-1.36625460807122,-1.44073286634325,0.232955639900439,-6.18458032163976,6.22679024526761e-10,2.91019738664892e-09,"Down in tumour"
"ENSG00000160284.14","SPATC1L","ENSG00000160284",26.4934248300113,1.07726343302024,1.12129359069448,0.181341173737274,6.18333700827926,6.27605305707163e-10,2.93252875728562e-09,"Up in tumour"
"ENSG00000073734.8","ABCB11","ENSG00000073734",3002.70618129005,-1.70003837577369,-1.85991007077225,0.300847736406694,-6.18223056283189,6.32021248220488e-10,2.95176889240871e-09,"Down in tumour"
"ENSG00000196684.12","HSH2D","ENSG00000196684",154.44527438601,-1.34226598578002,-1.43065093319201,0.231466035033723,-6.18082446948887,6.37676878244538e-10,2.97537445806085e-09,"Down in tumour"
"ENSG00000269106.1","CTD-2619J13.23","ENSG00000269106",16.6521858341815,-1.19953370017005,-1.25111433481965,0.202589439758902,-6.17561476209511,6.59065121710668e-10,3.06938257741630e-09,"Down in tumour"
"ENSG00000205056.8","RP11-693J15.5","ENSG00000205056",37.0119347571513,-1.16385980225361,-1.22406171161943,0.198262792433979,-6.17393559624675,6.6610683665689e-10,3.09998885914645e-09,"Down in tumour"
"ENSG00000229227.8","RP11-38L15.2","ENSG00000229227",22.9379842317962,-1.00198582552579,-1.04634099259862,0.169547504764764,-6.17137358671452,6.76992473534612e-10,3.14473410670513e-09,"Down in tumour"
"ENSG00000169026.12","MFSD7","ENSG00000169026",84.9331658686045,-1.00006924591834,-1.04161578150709,0.168807736418818,-6.1704268039162,6.81058985777258e-10,3.16139786714101e-09,"Down in tumour"
"ENSG00000081237.18","PTPRC","ENSG00000081237",1397.50384294089,-1.07851585312627,-1.13151924093994,0.183456444693736,-6.16778136537484,6.92548094722176e-10,3.21246881622593e-09,"Down in tumour"
"ENSG00000259834.1","RP11-284N8.3","ENSG00000259834",62.6391262222421,-1.37650284265251,-1.46599238812876,0.237692746426298,-6.16759413221438,6.93368372587192e-10,3.21552019648976e-09,"Down in tumour"
"ENSG00000007264.14","MATK","ENSG00000007264",58.3353109852356,-1.03626739662857,-1.07966668664424,0.175224167839335,-6.16163112633072,7.1999414321267e-10,3.33509105467081e-09,"Down in tumour"
"ENSG00000278588.1","HIST1H2BI","ENSG00000278588",26.5191179368268,1.31092480956344,1.35920200591111,0.220632029156933,6.16049270409567,7.2518956502965e-10,3.35758527734079e-09,"Up in tumour"
"ENSG00000172543.7","CTSW","ENSG00000172543",40.7061882269987,-1.04096453359977,-1.09272948714632,0.177388868075352,-6.16007925977713,7.27085440317724e-10,3.36557579986172e-09,"Down in tumour"
"ENSG00000267749.1","CTC-265F19.1","ENSG00000267749",20.9904746385974,-1.24710519567907,-1.32211213973626,0.214668072692599,-6.15886714383233,7.32671584233545e-10,3.38668114589784e-09,"Down in tumour"
"ENSG00000166126.10","AMN","ENSG00000166126",376.447577257706,-1.20362503125354,-1.26916974324236,0.206078229320568,-6.15867938804968,7.33540609810805e-10,3.389906441743e-09,"Down in tumour"
"ENSG00000149328.14","GLB1L2","ENSG00000149328",21.5923320554736,-1.30499952286397,-1.3779355494898,0.223803021412252,-6.15691218462863,7.41769516194545e-10,3.42553523892642e-09,"Down in tumour"
"ENSG00000265206.5","RP5-1171I10.5","ENSG00000265206",138.479754094418,-1.2024576472875,-1.26974836831583,0.206236071121351,-6.15677151631105,7.42428387673085e-10,3.42777818456109e-09,"Down in tumour"
"ENSG00000049540.16","ELN","ENSG00000049540",331.95671650837,-1.17271719572696,-1.23788472469702,0.201127370495473,-6.15473031665218,7.52053580551756e-10,3.47140777048995e-09,"Down in tumour"
"ENSG00000279981.1","RP11-196B3.2","ENSG00000279981",46.7460540424291,-1.03256739498677,-1.07995197442106,0.175479114356153,-6.1543049062191,7.54074859384199e-10,3.47992625129201e-09,"Down in tumour"
"ENSG00000274309.1","SNORA71E","ENSG00000274309",36.3877173698083,-1.2731707480604,-1.34874972055489,0.219166810064325,-6.15398709393559,7.55588357751034e-10,3.48609798717161e-09,"Down in tumour"
"ENSG00000268222.1","EEF1A1P7","ENSG00000268222",20.3812991696101,1.04897751006064,1.07680837591224,0.175057925033155,6.151154686132,7.69208499240706e-10,3.54728420910328e-09,"Up in tumour"
"ENSG00000206737.1","RNVU1-18","ENSG00000206737",194.740568261514,-2.34472151499665,-2.72431865576527,0.442915441238385,-6.15087757642432,7.70553820829459e-10,3.55266055804274e-09,"Down in tumour"
"ENSG00000250387.2","LINC02197","ENSG00000250387",101.158030069499,-1.72925255531615,-1.93030531107977,0.31385024441897,-6.15040244640671,7.7286584120707e-10,3.56249035747823e-09,"Down in tumour"
"ENSG00000106927.11","AMBP","ENSG00000106927",33586.9178233082,-1.41286475547483,-1.50081396468927,0.244051465196235,-6.14957981703782,7.76884830860798e-10,3.58018194580391e-09,"Down in tumour"
"ENSG00000135604.9","STX11","ENSG00000135604",92.2913708144318,-1.02871480484929,-1.07451757996202,0.174737792836826,-6.14931413815798,7.78187165603167e-10,3.58534882886022e-09,"Down in tumour"
"ENSG00000133433.10","GSTT2B","ENSG00000133433",76.1698392648041,-1.05498661505626,-1.10114044302,0.179124474055929,-6.14734780840828,7.87892369913895e-10,3.62837451784684e-09,"Down in tumour"
"ENSG00000261012.2","RP11-116D2.1","ENSG00000261012",343.922164157524,-1.5487359111058,-1.65862703002084,0.269844289028417,-6.14660786779213,7.91574979796292e-10,3.64363804072279e-09,"Down in tumour"
"ENSG00000201448.1","SNORA63","ENSG00000201448",23.2566178567028,-1.02241617625472,-1.0699571650791,0.17407558104634,-6.14650922689878,7.92067172063286e-10,3.6450559257495e-09,"Down in tumour"
"ENSG00000128815.19","WDFY4","ENSG00000128815",660.572683328998,-1.10085645272623,-1.15702411211392,0.188410059524144,-6.14098904822888,8.20092386875179e-10,3.76789429280882e-09,"Down in tumour"
"ENSG00000088826.17","SMOX","ENSG00000088826",59.4011455588802,1.02493076655622,1.06650699749154,0.173766901529721,6.13757273740144,8.3791857555002e-10,3.84711722706136e-09,"Up in tumour"
"ENSG00000182195.7","LDOC1","ENSG00000182195",18.4439605311376,-1.35031275523036,-1.44725788748569,0.235942967551845,-6.13393101944296,8.5733704633228e-10,3.92935152985247e-09,"Down in tumour"
"ENSG00000283402.1","RP11-108A14.2","ENSG00000283402",21.0916549373526,-1.07413721971138,-1.12108622456444,0.182773869796353,-6.13373359011088,8.58402233578007e-10,3.93295264102072e-09,"Down in tumour"
"ENSG00000142512.14","SIGLEC10","ENSG00000142512",90.652071014779,-1.1796354556066,-1.24435335976433,0.203082326473544,-6.12733457101909,8.9363433204082e-10,4.0886972570698e-09,"Down in tumour"
"ENSG00000281162.2","LINC01127","ENSG00000281162",130.835684465986,-1.21775801158031,-1.28835718074886,0.210337962916318,-6.12517665801215,9.0583046827108e-10,4.13971425963738e-09,"Down in tumour"
"ENSG00000185630.18","PBX1","ENSG00000185630",401.82684451893,-1.19345160471868,-1.26250990815964,0.206211928053533,-6.12239030048685,9.21818803976197e-10,4.21083766145877e-09,"Down in tumour"
"ENSG00000165923.15","AGBL2","ENSG00000165923",92.6570438704849,-1.02012309736839,-1.06567698897377,0.174067174893131,-6.12221683742522,9.22823197028724e-10,4.21445305463533e-09,"Down in tumour"
"ENSG00000103175.10","WFDC1","ENSG00000103175",29.4480918292343,-1.38779568480955,-1.49583764707696,0.244347897512692,-6.12175370569443,9.2551007315677e-10,4.22574876078246e-09,"Down in tumour"
"ENSG00000131831.17","RAI2","ENSG00000131831",32.5305653594877,-1.07882606154443,-1.12749742783585,0.184309893029239,-6.11740047864377,9.51141232981885e-10,4.33577577715579e-09,"Down in tumour"
"ENSG00000057593.13","F7","ENSG00000057593",1891.90924741704,-1.43395656834966,-1.52496611672881,0.249292017450116,-6.1171879161111,9.52410337238281e-10,4.34056131820339e-09,"Down in tumour"
"ENSG00000275897.1","RP11-94C24.13","ENSG00000275897",56.1632971405925,-1.11353379817034,-1.16719753064501,0.190835572930357,-6.11624715833756,9.58046985029828e-10,4.36524492971809e-09,"Down in tumour"
"ENSG00000240694.8","PNMA2","ENSG00000240694",61.9374998656509,-1.3938132114966,-1.49619467526798,0.244633563370823,-6.11606459331174,9.59144605165084e-10,4.36924031531243e-09,"Down in tumour"
"ENSG00000170439.6","METTL7B","ENSG00000170439",866.456896639341,-1.01795975623717,-1.06305626824709,0.173831406832926,-6.11544419742758,9.62883730341376e-10,4.38526407608073e-09,"Down in tumour"
"ENSG00000140368.12","PSTPIP1","ENSG00000140368",183.392684406043,-1.24687209705845,-1.3226362630164,0.216409752746904,-6.11172207457422,9.85617245335989e-10,4.48570295169814e-09,"Down in tumour"
"ENSG00000120885.21","CLU","ENSG00000120885",20932.9494085578,-1.00640145454559,-1.04757960028236,0.171519720323615,-6.10763356135285,1.01119184492518e-09,4.597868179785e-09,"Down in tumour"
"ENSG00000259952.1","AC009133.15","ENSG00000259952",86.4313829036226,-1.94211508389138,-2.19298223200926,0.359124708639955,-6.10646435416357,1.0186237257698e-09,4.62953373229888e-09,"Down in tumour"
"ENSG00000201229.1","SNORA63","ENSG00000201229",61.1831366634051,-1.11280606498252,-1.16738198148405,0.191292590943769,-6.10259903807358,1.04357405224389e-09,4.73749110460167e-09,"Down in tumour"
"ENSG00000175189.3","INHBC","ENSG00000175189",666.450125519069,-1.47350674326695,-1.57646779723012,0.258407378472866,-6.1007073658141,1.05600084961434e-09,4.79170674379107e-09,"Down in tumour"
"ENSG00000228445.1","UGT1A2P","ENSG00000228445",153.744891550366,-1.32330344178292,-1.41602883146736,0.232108906687815,-6.1007087219273,1.05599188954614e-09,4.79170674379107e-09,"Down in tumour"
"ENSG00000204610.12","TRIM15","ENSG00000204610",162.34094327688,-1.14588903573534,-1.20409663442563,0.197397392768697,-6.09986088233976,1.06160819698526e-09,4.81494295209195e-09,"Down in tumour"
"ENSG00000211973.2","IGHV1-69","ENSG00000211973",228.6058283382,-2.26024358070643,-2.61477229042498,0.42886663675223,-6.09693565866169,1.08121011861258e-09,4.89823572389536e-09,"Down in tumour"
"ENSG00000127423.10","AUNIP","ENSG00000127423",14.7672557806353,1.05785862113025,1.10086613956205,0.180565249836651,6.09677742842521,1.08228042029192e-09,4.90196255350982e-09,"Up in tumour"
"ENSG00000256863.1","RP11-959F10.6","ENSG00000256863",128.923002793435,-1.4962783090198,-1.61683725153878,0.265366267568436,-6.09285146282507,1.10916972111826e-09,5.01801058059285e-09,"Down in tumour"
"ENSG00000207475.1","SNORA80E","ENSG00000207475",186.465911229577,-1.21573749229042,-1.30580570121247,0.214372935943467,-6.09128057823883,1.12011034572948e-09,5.06519170048515e-09,"Down in tumour"
"ENSG00000211648.2","IGLV1-47","ENSG00000211648",187.615745944155,-1.98973650453219,-2.33263009067882,0.383101574234021,-6.08880319884542,1.13757850784386e-09,5.14066013829991e-09,"Down in tumour"
"ENSG00000165731.18","RET","ENSG00000165731",27.1745516868523,-1.53653009373449,-1.66211080074163,0.273012632724428,-6.08803623537569,1.14304005404265e-09,5.16416155892861e-09,"Down in tumour"
"ENSG00000170624.13","SGCD","ENSG00000170624",74.8229542473921,-1.32240823660407,-1.41203313935279,0.231967389245641,-6.08720537806942,1.14898543593786e-09,5.18983768450892e-09,"Down in tumour"
"ENSG00000141968.7","VAV1","ENSG00000141968",217.313632260168,-1.04084429616649,-1.08931309663891,0.179015198102596,-6.08503137266931,1.1646850230736e-09,5.25715180426357e-09,"Down in tumour"
"ENSG00000261008.6","LINC01572","ENSG00000261008",21.8382075689048,1.19347821762941,1.25299151678219,0.205965354266576,6.08350623455086,1.17582343327272e-09,5.30259129978743e-09,"Up in tumour"
"ENSG00000122188.12","LAX1","ENSG00000122188",79.935821053949,-1.31830415077662,-1.40327015245376,0.230723611913917,-6.0820396352729,1.18663223445119e-09,5.34889815907366e-09,"Down in tumour"
"ENSG00000179299.16","NSUN7","ENSG00000179299",30.7462621597214,-1.28564743428275,-1.36561122899444,0.224531235455019,-6.08205458018787,1.18652160381166e-09,5.34889815907366e-09,"Down in tumour"
"ENSG00000141506.13","PIK3R5","ENSG00000141506",345.613266830874,-1.02861325844216,-1.07634645561267,0.177014568861645,-6.0805529315157,1.19768805439123e-09,5.39014089599036e-09,"Down in tumour"
"ENSG00000162747.9","FCGR3B","ENSG00000162747",51.1186648267194,-1.27092668245808,-1.37940416619031,0.226866451428604,-6.08024746499116,1.19997204974225e-09,5.39673864588693e-09,"Down in tumour"
"ENSG00000162892.15","IL24","ENSG00000162892",14.2156231762159,-1.47955121843156,-1.6228872713293,0.266945838288467,-6.07946271698598,1.20585915151843e-09,5.42075180240842e-09,"Down in tumour"
"ENSG00000203852.3","HIST2H3A","ENSG00000203852",220.086598325452,2.02887403821526,2.12746264945517,0.349944730230295,6.07942473674373,1.20614478874181e-09,5.42080467837574e-09,"Up in tumour"
"ENSG00000233008.5","LINC01725","ENSG00000233008",92.0286171992257,-1.22990351944052,-1.3109348436641,0.21563992399449,-6.07927706233838,1.20725602755909e-09,5.42456720850784e-09,"Down in tumour"
"ENSG00000091583.10","APOH","ENSG00000091583",28587.1231649165,-1.47962062790757,-1.57760350062917,0.259756498633833,-6.07339377042127,1.25234856201052e-09,5.61825364639037e-09,"Down in tumour"
"ENSG00000186472.19","PCLO","ENSG00000186472",170.842822426106,-1.76408846570804,-2.15525195104812,0.354880618860494,-6.07317457337775,1.25405994195170e-09,5.62465634059594e-09,"Down in tumour"
"ENSG00000215018.9","COL28A1","ENSG00000215018",35.3789009423573,-1.56480604252947,-1.73294525888009,0.285360772355605,-6.072822289395,1.25681517501792e-09,5.63573691869724e-09,"Down in tumour"
"ENSG00000234073.1","AC011816.1","ENSG00000234073",13.1793340583923,-1.06371548559493,-1.11182083638083,0.183138324167348,-6.0709348599525,1.2716776698669e-09,5.70109085383363e-09,"Down in tumour"
"ENSG00000028277.21","POU2F2","ENSG00000028277",125.334995582049,-1.0318400140936,-1.07904136475122,0.177750415951389,-6.07054199550404,1.27479273961942e-09,5.71376193280958e-09,"Down in tumour"
"ENSG00000171044.10","XKR6","ENSG00000171044",25.3684246891701,-1.0713288986432,-1.12103995625986,0.184673645883874,-6.07038405991501,1.27604712515897e-09,5.7180893702222e-09,"Down in tumour"
"ENSG00000236882.7","LINC01554","ENSG00000236882",304.447016198149,-1.60196124587387,-1.82368852572712,0.300563518873307,-6.06756446212571,1.29864500999041e-09,5.81145844059241e-09,"Down in tumour"
"ENSG00000271503.5","CCL5","ENSG00000271503",258.110201864499,-1.24137127221042,-1.31911008184717,0.217468578169818,-6.06575024745461,1.31339092875081e-09,5.87213613118698e-09,"Down in tumour"
"ENSG00000182107.6","TMEM30B","ENSG00000182107",194.688501370563,-1.08451969209896,-1.13852981227048,0.187712873717195,-6.06527293373477,1.31729757037611e-09,5.88827254075303e-09,"Down in tumour"
"ENSG00000271723.5","MROH7-TTC4","ENSG00000271723",39.7020137650211,-1.65643759576273,-1.82160636474896,0.300337217270867,-6.06520357783729,1.3178661652161e-09,5.88948408401949e-09,"Down in tumour"
"ENSG00000179577.3","KB-1552D7.2","ENSG00000179577",270.591355690586,-1.49154969985103,-1.62047751571206,0.267302919516711,-6.06232628750151,1.34166682349721e-09,5.99178958426901e-09,"Down in tumour"
"ENSG00000178445.9","GLDC","ENSG00000178445",1528.22663566285,-1.21160735348389,-1.28314156906074,0.211765144379086,-6.05926708487851,1.36743175914055e-09,6.10134734190011e-09,"Down in tumour"
"ENSG00000267554.1","RP11-686D22.10","ENSG00000267554",32.2444300216497,-1.32773143461723,-1.42423689290523,0.235153081099741,-6.05663717542841,1.38996614002976e-09,6.19770214228634e-09,"Down in tumour"
"ENSG00000026751.16","SLAMF7","ENSG00000026751",303.31872609446,-1.29860486307003,-1.381719389117,0.228295890210189,-6.0523182780245,1.4277602044362e-09,6.36049014773929e-09,"Down in tumour"
"ENSG00000184305.14","CCSER1","ENSG00000184305",60.8903530056982,-1.07799428222664,-1.13240157138891,0.187237570911394,-6.04793987593866,1.46709682227268e-09,6.52398279111281e-09,"Down in tumour"
"ENSG00000138152.8","BTBD16","ENSG00000138152",15.4384700110659,-1.09968812095783,-1.15196994325721,0.190580243887491,-6.04454018821215,1.49836703352642e-09,6.65641498912554e-09,"Down in tumour"
"ENSG00000171759.9","PAH","ENSG00000171759",16922.4833031249,-1.43228007397286,-1.52702818816217,0.252689391038933,-6.04310367714209,1.51177438357636e-09,6.70909201213609e-09,"Down in tumour"
"ENSG00000130948.9","HSD17B3","ENSG00000130948",73.6443432819391,-1.02493665454992,-1.07214327836167,0.177514982760721,-6.03973400829412,1.54368487809133e-09,6.84303578769578e-09,"Down in tumour"
"ENSG00000140093.9","SERPINA10","ENSG00000140093",2649.24657536381,-1.30809787497929,-1.38403014807738,0.229180664088478,-6.03903542029645,1.55038212956698e-09,6.86964707645384e-09,"Down in tumour"
"ENSG00000169515.5","CCDC8","ENSG00000169515",37.9811510605521,-1.32665353167092,-1.41847068893554,0.235042515092732,-6.03495366944956,1.59008301728977e-09,7.03453579821555e-09,"Down in tumour"
"ENSG00000228157.4","AC007952.5","ENSG00000228157",48.1827104010575,-1.05086715030224,-1.10490461421232,0.183089942948905,-6.03476409690436,1.59195075919515e-09,7.03965178211563e-09,"Down in tumour"
"ENSG00000236467.8","KCNMA1-AS1","ENSG00000236467",31.3452274590259,-1.05323390028439,-1.10747980058357,0.183694075498979,-6.02893586837388,1.65042758622763e-09,7.29009444637437e-09,"Down in tumour"
"ENSG00000153246.12","PLA2R1","ENSG00000153246",175.231565929069,-1.14370064947029,-1.20874518134172,0.200569002442318,-6.0265802124102,1.67465217995194e-09,7.39214776935522e-09,"Down in tumour"
"ENSG00000171219.8","CDC42BPG","ENSG00000171219",89.3387205461633,-1.08927660666508,-1.14319694117825,0.189797003730847,-6.02326126707159,1.709371725102e-09,7.5386797136684e-09,"Down in tumour"
"ENSG00000257524.5","RP11-203J24.9","ENSG00000257524",50.2446225890464,-1.01413860620274,-1.05957469632038,0.175928785682567,-6.02274773971439,1.71480602812055e-09,7.56096139777011e-09,"Down in tumour"
"ENSG00000137269.14","LRRC1","ENSG00000137269",100.825188390725,1.05007629579578,1.09760634340187,0.182394218773776,6.01776937219285,1.76836891231264e-09,7.78499241134431e-09,"Up in tumour"
"ENSG00000281010.1","snoR1","ENSG00000281010",31.6901607135518,-1.25821918805667,-1.33080548344088,0.221195896483551,-6.01641126529599,1.78326175856518e-09,7.84532117965783e-09,"Down in tumour"
"ENSG00000178836.6","AC114812.5","ENSG00000178836",122.41969836423,-1.27278723213477,-1.35178500414384,0.224817620562626,-6.0128071846009,1.82337867845012e-09,8.00935068410191e-09,"Down in tumour"
"ENSG00000012504.13","NR1H4","ENSG00000012504",1225.03661259275,-1.07951654566022,-1.1286394865468,0.187707621375841,-6.01275258976812,1.82399308248155e-09,8.01027181751884e-09,"Down in tumour"
"ENSG00000124766.6","SOX4","ENSG00000124766",350.820920124412,1.06762690273885,1.11664845815494,0.185763837188674,6.01111860658218,1.84247539661071e-09,8.0896440827675e-09,"Up in tumour"
"ENSG00000211751.9","TRBC1","ENSG00000211751",73.3527541235265,-1.26169802891307,-1.35598007990672,0.225631537841219,-6.00970986981857,1.85855627875346e-09,8.15812377975851e-09,"Down in tumour"
"ENSG00000074047.21","GLI2","ENSG00000074047",38.5924895860254,-1.37307220013672,-1.48558289991196,0.247698520785153,-5.99754449563512,2.00323486421164e-09,8.77209401763996e-09,"Down in tumour"
"ENSG00000238273.3","AC012360.6","ENSG00000238273",28.2077334926529,-1.34554867144487,-1.43223247222786,0.238804546656697,-5.99750922785747,2.00366983548478e-09,8.77209401763996e-09,"Down in tumour"
"ENSG00000154237.12","LRRK1","ENSG00000154237",425.696176412113,-1.021760440099,-1.07056768224249,0.178534405528875,-5.99642225301691,2.01712113368259e-09,8.82512789544200e-09,"Down in tumour"
"ENSG00000008735.13","MAPK8IP2","ENSG00000008735",58.7805493918803,1.23026690346127,1.2963731184229,0.216241751104445,5.99501766796529,2.03463320367592e-09,8.8978115334418e-09,"Up in tumour"
"ENSG00000171208.9","NETO2","ENSG00000171208",29.598958693922,1.14884064862525,1.20551908059148,0.201142348978169,5.99336284335788,2.05545530706034e-09,8.97895098049998e-09,"Up in tumour"
"ENSG00000105122.12","RASAL3","ENSG00000105122",254.316329285409,-1.07881525674711,-1.13385188335251,0.189356625828337,-5.98791765744925,2.12544613323374e-09,9.28059901061005e-09,"Down in tumour"
"ENSG00000253313.5","C1orf210","ENSG00000253313",32.7362179914218,-1.30743804471386,-1.40532842242584,0.234791113922706,-5.98544126711918,2.15803986140504e-09,9.41668495960979e-09,"Down in tumour"
"ENSG00000154451.14","GBP5","ENSG00000154451",794.003122299179,-1.21181420127966,-1.28812792174968,0.215323397365476,-5.98229424906991,2.20016343503482e-09,9.5878104072312e-09,"Down in tumour"
"ENSG00000188488.13","SERPINA5","ENSG00000188488",3878.31078161388,-1.15160938993805,-1.21409463759265,0.203375751874001,-5.96971185800371,2.37672957002229e-09,1.03344921747476e-08,"Down in tumour"
"ENSG00000253335.1","RP11-420B22.1","ENSG00000253335",13.4645529928581,-1.21379922159467,-1.25971336597712,0.211090814216504,-5.96763706015698,2.40714065019262e-09,1.04575361916731e-08,"Down in tumour"
"ENSG00000227712.1","RP11-418J17.3","ENSG00000227712",45.8200750086279,-1.36942257698347,-1.47335398841797,0.247030762168679,-5.96425309740138,2.4575556166053e-09,1.06718732600853e-08,"Down in tumour"
"ENSG00000207493.1","SNORA46","ENSG00000207493",47.9871970729207,-1.0723870825167,-1.12455876852091,0.188645543258197,-5.96122627175845,2.50352013821769e-09,1.08667048455576e-08,"Down in tumour"
"ENSG00000257178.5","RP11-357H14.16","ENSG00000257178",18.6834720941475,-1.1045347163813,-1.16598280529639,0.195767180186671,-5.95596669566666,2.58538981373919e-09,1.12073194444459e-08,"Down in tumour"
"ENSG00000154358.20","OBSCN","ENSG00000154358",840.043761530118,-1.18997721399017,-1.26748764460553,0.212995324361051,-5.95077684642974,2.66872743340002e-09,1.15559225747728e-08,"Down in tumour"
"ENSG00000111962.7","UST","ENSG00000111962",57.330814548422,-1.04050850576305,-1.09247476951357,0.183622609532161,-5.94956564606619,2.68854997116485e-09,1.16315780501127e-08,"Down in tumour"
"ENSG00000174255.6","ZNF80","ENSG00000174255",19.7958660139103,-1.33004406138425,-1.4252603594244,0.239570653194313,-5.94922767217397,2.69410680068698e-09,1.16530716577791e-08,"Down in tumour"
"ENSG00000169851.15","PCDH7","ENSG00000169851",111.177884405053,-1.51397541496838,-1.65708133803581,0.278802777475491,-5.94356108300062,2.78895756813558e-09,1.20501718284452e-08,"Down in tumour"
"ENSG00000187172.15","BAGE2","ENSG00000187172",176.545664105129,1.4593922372002,1.5371406477976,0.258721718727313,5.94128956532525,2.82788583658579e-09,1.22130360819425e-08,"Up in tumour"
"ENSG00000188163.7","FAM166A","ENSG00000188163",21.550763242485,-1.04076666430438,-1.09254748573297,0.183946228059828,-5.93949382521519,2.85903444589453e-09,1.2342174217577e-08,"Down in tumour"
"ENSG00000180210.14","F2","ENSG00000180210",11568.1254452672,-1.44598088676517,-1.54396444142149,0.260045694549739,-5.93728130779021,2.89787205180412e-09,1.25016524676022e-08,"Down in tumour"
"ENSG00000163519.13","TRAT1","ENSG00000163519",34.8244964961471,-1.37678678668254,-1.49367637088934,0.251577384125379,-5.93724422440503,2.89852735560083e-09,1.25017546196137e-08,"Down in tumour"
"ENSG00000167094.15","TTC16","ENSG00000167094",17.87178532167,-1.17337055907656,-1.24608210262724,0.209906849159496,-5.93635752057051,2.91423942326742e-09,1.25667845108349e-08,"Down in tumour"
"ENSG00000244116.3","IGKV2-28","ENSG00000244116",122.930447618966,-2.11352436762185,-2.60030672130537,0.438620337209759,-5.92837700560574,3.05943439752569e-09,1.31613529733158e-08,"Down in tumour"
"ENSG00000147223.5","RIPPLY1","ENSG00000147223",31.4164869840156,-1.21903516997372,-1.29702345370772,0.218948650892799,-5.92387049848857,3.14451119695992e-09,1.35038642051264e-08,"Down in tumour"
"ENSG00000090382.6","LYZ","ENSG00000090382",3207.01284562097,1.22350473664075,1.29558835340171,0.218723164019674,5.92341629295912,3.15321268249406e-09,1.35382947124957e-08,"Up in tumour"
"ENSG00000106853.18","PTGR1","ENSG00000106853",3189.8146772008,-1.03913461672533,-1.09226467467094,0.184450025956238,-5.92173771192683,3.18557413972152e-09,1.36713072305959e-08,"Down in tumour"
"ENSG00000162444.11","RBP7","ENSG00000162444",28.878246662898,1.09943747266623,1.1567844529219,0.195397975117304,5.92014555026707,3.21656820704518e-09,1.37930459628428e-08,"Up in tumour"
"ENSG00000118777.10","ABCG2","ENSG00000118777",370.098325140824,-1.12206926390618,-1.18625866530108,0.200393498795835,-5.91964645774095,3.22634417095983e-09,1.38304115956435e-08,"Down in tumour"
"ENSG00000265943.1","RP11-739L10.1","ENSG00000265943",9.71190414963022,-1.06657099075542,-1.11512469373583,0.188404131028328,-5.91879109894973,3.24316580485325e-09,1.38973762233081e-08,"Down in tumour"
"ENSG00000109265.13","KIAA1211","ENSG00000109265",84.4800609260258,-1.31315483011306,-1.41450930512672,0.239193534459471,-5.91366028485354,3.34587615590087e-09,1.43003512748318e-08,"Down in tumour"
"ENSG00000153707.16","PTPRD","ENSG00000153707",392.434013948633,-1.25972653590422,-1.34749201877715,0.228224027892854,-5.90425132365892,3.54251775752163e-09,1.50789363386292e-08,"Down in tumour"
"ENSG00000246022.2","ALDH1L1-AS2","ENSG00000246022",55.3791984392771,-1.42447901801153,-1.5344708567928,0.259936434707856,-5.90325422643193,3.56400416399386e-09,1.51671327495013e-08,"Down in tumour"
"ENSG00000161405.16","IKZF3","ENSG00000161405",637.258625252329,-1.17415149996898,-1.24849662965855,0.211548831892037,-5.90169474580564,3.59786395544822e-09,1.53046467376288e-08,"Down in tumour"
"ENSG00000263620.1","RP11-599B13.6","ENSG00000263620",32.7644052825592,-1.65872314621412,-1.7631435322382,0.29880376273156,-5.90067379379747,3.62020048854781e-09,1.53930458152152e-08,"Down in tumour"
"ENSG00000174938.14","SEZ6L2","ENSG00000174938",154.679412363795,1.52376746391018,1.65396723772459,0.280402368226756,5.89854946013531,3.66711046398686e-09,1.55791194277081e-08,"Up in tumour"
"ENSG00000267074.1","RP11-1094M14.5","ENSG00000267074",15.7871327391457,-1.24993375209636,-1.34241467500189,0.227626915452318,-5.89743384403542,3.69198215577191e-09,1.56814169118441e-08,"Down in tumour"
"ENSG00000259974.2","LINC00261","ENSG00000259974",1972.05027508664,-1.40415251850907,-1.49235480965929,0.253092369147691,-5.89648283227549,3.71331372471391e-09,1.57618740195716e-08,"Down in tumour"
"ENSG00000120659.14","TNFSF11","ENSG00000120659",18.8091710976606,-1.31158708224474,-1.39848242426571,0.237262363211508,-5.89424468902821,3.76399067659209e-09,1.59701323605117e-08,"Down in tumour"
"ENSG00000221102.1","SNORA11B","ENSG00000221102",16.3180126644286,-1.01667504014818,-1.07059908115738,0.181828094940798,-5.88797392122465,3.90958790338313e-09,1.65521140219058e-08,"Down in tumour"
"ENSG00000226416.1","MRPL23-AS1","ENSG00000226416",35.6100269196287,-1.18646461660925,-1.26194087675257,0.21437914842102,-5.88649076203178,3.94481796177554e-09,1.66944156334025e-08,"Down in tumour"
"ENSG00000123243.14","ITIH5","ENSG00000123243",139.10819294707,-1.36419093746457,-1.46697402840208,0.249549096086795,-5.87849866581707,4.14004144417021e-09,1.74683095937883e-08,"Down in tumour"
"ENSG00000066813.14","ACSM2B","ENSG00000066813",5962.56754064138,-1.53779554717209,-1.65710430607795,0.281905314708551,-5.87823009931953,4.1467624239564e-09,1.749293875903e-08,"Down in tumour"
"ENSG00000186479.4","RGS7BP","ENSG00000186479",27.5910979994817,-1.25276963677943,-1.34051986616826,0.228111742937325,-5.87659297547247,4.18796233061327e-09,1.76629743042464e-08,"Down in tumour"
"ENSG00000273802.2","HIST1H2BG","ENSG00000273802",264.350161604761,1.01731855001962,1.06477820008172,0.181270397487896,5.87397730041841,4.2546165615568e-09,1.79211801666086e-08,"Up in tumour"
"ENSG00000241635.7","UGT1A1","ENSG00000241635",2620.82055790009,-1.38364832212172,-1.48284470701775,0.252477591679502,-5.87317352464331,4.27530544216628e-09,1.79968355203737e-08,"Down in tumour"
"ENSG00000145362.17","ANK2","ENSG00000145362",320.035584869963,-1.10935058553151,-1.19179936066409,0.203143451090381,-5.86678701315283,4.44320826063668e-09,1.86758167557405e-08,"Down in tumour"
"ENSG00000177455.12","CD19","ENSG00000177455",37.8495602822724,-1.69932020591135,-1.90695368369427,0.325104470350226,-5.8656642944342,4.47338066366972e-09,1.87906671213953e-08,"Down in tumour"
"ENSG00000211893.3","IGHG2","ENSG00000211893",1574.17736687987,-1.64388324802593,-1.9011037819394,0.324765767828891,-5.85376899372298,4.8055599583105e-09,2.01134379900274e-08,"Down in tumour"
"ENSG00000096996.15","IL12RB1","ENSG00000096996",70.5560410109528,-1.06321182591038,-1.1206229521221,0.191458252354539,-5.85309297635783,4.82514197157255e-09,2.01911279161386e-08,"Down in tumour"
"ENSG00000067225.17","PKM","ENSG00000067225",1634.52202503516,1.02657075586817,1.07564331390274,0.183911439336316,5.84870260264634,4.9542194787391e-09,2.07137444323369e-08,"Up in tumour"
"ENSG00000204444.10","APOM","ENSG00000204444",905.804834557146,-1.17238671990908,-1.24612697212219,0.2131489771591,-5.84627235246853,5.02710732874256e-09,2.10007461709163e-08,"Down in tumour"
"ENSG00000172260.14","NEGR1","ENSG00000172260",18.6589819812527,-1.17749928973083,-1.24518668470745,0.212993899760678,-5.84611430706023,5.03188337662384e-09,2.10162624337446e-08,"Down in tumour"
"ENSG00000267659.5","LINC01482","ENSG00000267659",22.5255832351938,-1.35803142263617,-1.4416259191931,0.246632471172716,-5.84523972994426,5.05839254987947e-09,2.11180687069741e-08,"Down in tumour"
"ENSG00000146555.18","SDK1","ENSG00000146555",83.2419601022902,-1.36361813192061,-1.47334753229218,0.252104894626892,-5.84418455846597,5.09055659735517e-09,2.12433874618281e-08,"Down in tumour"
"ENSG00000224713.4","AC025165.8","ENSG00000224713",12.1806423027988,-1.25922169150104,-1.35083116062997,0.231162875010438,-5.84363367417443,5.10742778905934e-09,2.13048088996526e-08,"Down in tumour"
"ENSG00000215186.6","GOLGA6B","ENSG00000215186",53.7518775252287,-1.45971042060752,-1.59322290417539,0.272829003978526,-5.83963904475782,5.23140399294859e-09,2.1785226011452e-08,"Down in tumour"
"ENSG00000225872.3","LINC01529","ENSG00000225872",22.5606102321611,-1.12721043460423,-1.19208486535868,0.204167224884838,-5.83876705005458,5.2588537547145e-09,2.18949289791889e-08,"Down in tumour"
"ENSG00000111796.3","KLRB1","ENSG00000111796",32.6114749141175,-1.01641954173504,-1.0633416393935,0.182189518726358,-5.83645890733485,5.33219054274482e-09,2.21722788681824e-08,"Down in tumour"
"ENSG00000214776.10","RP11-726G1.1","ENSG00000214776",38.8684912742293,1.02000857452948,1.06508580727807,0.182651826575447,5.83123545626371,5.50184841216518e-09,2.2853743047636e-08,"Up in tumour"
"ENSG00000134463.14","ECHDC3","ENSG00000134463",410.78141240184,-1.07978429646598,-1.14114972387559,0.195708139608943,-5.83087512944424,5.51374352846817e-09,2.28935442959871e-08,"Down in tumour"
"ENSG00000280334.1","RP11-361L15.5","ENSG00000280334",25.7185155188337,-1.14946445718021,-1.22385000131289,0.209938302804035,-5.82956985441234,5.55704313052662e-09,2.30684888176412e-08,"Down in tumour"
"ENSG00000259575.1","RP11-39M21.2","ENSG00000259575",34.9305257487213,-1.13307742128881,-1.19596060036911,0.205328998546403,-5.8246064064781,5.72473545850909e-09,2.37297777864441e-08,"Down in tumour"
"ENSG00000109684.14","CLNK","ENSG00000109684",25.7737504373773,-1.23852615198481,-1.3236614159234,0.227472297467843,-5.81900051416379,5.92005522297634e-09,2.4498359403799e-08,"Down in tumour"
"ENSG00000172201.11","ID4","ENSG00000172201",83.8033951939776,-1.11950048096681,-1.18509576423021,0.203973754102468,-5.81004046057253,6.2457745951189e-09,2.57600784665948e-08,"Down in tumour"
"ENSG00000220008.3","LINGO3","ENSG00000220008",19.8445139734008,-1.19854779841969,-1.29957580956401,0.223807176022864,-5.80667623200447,6.37251935103878e-09,2.62718757581984e-08,"Down in tumour"
"ENSG00000211956.2","IGHV4-34","ENSG00000211956",140.298863121348,-1.64737565090289,-1.87127422842074,0.322305901701684,-5.80589501632128,6.40230703258354e-09,2.63891843181854e-08,"Down in tumour"
"ENSG00000230006.7","ANKRD36BP2","ENSG00000230006",243.516770624762,-1.49678677633583,-1.64028111840064,0.282541205256638,-5.80545806375654,6.41902700676405e-09,2.64470860834473e-08,"Down in tumour"
"ENSG00000134240.11","HMGCS2","ENSG00000134240",12056.3899586542,-1.52790791356976,-1.6570149973431,0.285547209671235,-5.80294585701224,6.51598370120331e-09,2.68130697292967e-08,"Down in tumour"
"ENSG00000249746.1","RP11-254I22.3","ENSG00000249746",20.2149658536688,-1.05542705495034,-1.10407475305132,0.190313785304129,-5.80133883253366,6.57875101291516e-09,2.7048861403953e-08,"Down in tumour"
"ENSG00000108691.9","CCL2","ENSG00000108691",171.50885583814,-1.15463183247648,-1.22739695090067,0.211756134159365,-5.79627577625188,6.78037339750142e-09,2.78489169239979e-08,"Down in tumour"
"ENSG00000165568.17","AKR1E2","ENSG00000165568",23.8064043104961,-1.1333765545617,-1.20046636760009,0.207179054784015,-5.79434233277868,6.85894250888604e-09,2.8154095619739e-08,"Down in tumour"
"ENSG00000161249.20","DMKN","ENSG00000161249",46.8931164630864,-1.55323087990185,-1.7339273156277,0.299353139049294,-5.79224698005315,6.94509086298567e-09,2.84840827706331e-08,"Down in tumour"
"ENSG00000261101.2","RP4-545K15.5","ENSG00000261101",11.7355394730028,-1.18035022397545,-1.27618210741697,0.220419069283081,-5.78979900227228,7.0470703060423e-09,2.88783980471005e-08,"Down in tumour"
"ENSG00000186212.3","SOWAHB","ENSG00000186212",307.949136833112,-1.08893577922331,-1.1468751866515,0.198221266851276,-5.78583319978472,7.21537843475355e-09,2.95436461231024e-08,"Down in tumour"
"ENSG00000158296.13","SLC13A3","ENSG00000158296",309.503191759616,-1.45947445551665,-1.60819751614848,0.278126143119903,-5.78225943849935,7.37039228463489e-09,3.01471738974537e-08,"Down in tumour"
"ENSG00000073756.11","PTGS2","ENSG00000073756",113.358581194347,-1.36961596561788,-1.48540035696227,0.257166458067327,-5.77602681207122,7.64851908136703e-09,3.12202800943489e-08,"Down in tumour"
"ENSG00000283787.1","PRR33","ENSG00000283787",76.6267051434732,-1.19615093729781,-1.2826226376832,0.222274020556285,-5.77045681934932,7.90569220560271e-09,3.22367873558909e-08,"Down in tumour"
"ENSG00000110777.11","POU2AF1","ENSG00000110777",131.960307855135,-1.48099772598175,-1.61727219587131,0.280429828178776,-5.76711902002197,8.06381060930692e-09,3.28612319106469e-08,"Down in tumour"
"ENSG00000153064.11","BANK1","ENSG00000153064",84.7990997465855,-1.54214822136354,-1.72960128171015,0.300157966504541,-5.76230343592758,8.29736505033988e-09,3.37365954070208e-08,"Down in tumour"
"ENSG00000198851.9","CD3E","ENSG00000198851",115.951467134545,-1.19249308877728,-1.27416083442466,0.221276583436334,-5.75822716817778,8.50019144032988e-09,3.45258134985531e-08,"Down in tumour"
"ENSG00000269915.1","AP006621.9","ENSG00000269915",17.4096055950752,-1.06975470351581,-1.13349537765306,0.196880859587964,-5.75726548545785,8.54874092817153e-09,3.47016466758202e-08,"Down in tumour"
"ENSG00000262966.2","RP11-85B7.2","ENSG00000262966",52.2295181817393,-1.18616863831261,-1.26407506452229,0.219595305955087,-5.75638472336393,8.59344167241951e-09,3.4861650137774e-08,"Down in tumour"
"ENSG00000180096.11","SEPT1","ENSG00000180096",164.257575997908,-1.00960892043835,-1.06069989655254,0.184263917255136,-5.75641673287487,8.59181314267463e-09,3.4861650137774e-08,"Down in tumour"
"ENSG00000137959.15","IFI44L","ENSG00000137959",701.885361379282,-1.01219228686577,-1.06497577938277,0.185019463267309,-5.75602026173935,8.61200535419273e-09,3.49226869975322e-08,"Down in tumour"
"ENSG00000280011.1","RP4-671O14.7","ENSG00000280011",17.6896614085337,-1.13903709744635,-1.20260879800777,0.208963623928058,-5.75511074799222,8.65850121459945e-09,3.51039972430494e-08,"Down in tumour"
"ENSG00000227411.1","BAATP1","ENSG00000227411",67.6118263828501,-1.37222256984423,-1.49456179883511,0.259699743107507,-5.7549606362776,8.66619860303905e-09,3.51280092053967e-08,"Down in tumour"
"ENSG00000011028.13","MRC2","ENSG00000011028",525.922526817655,-1.11484581419865,-1.18398184471022,0.205948516507132,-5.74892145275164,8.98145276499151e-09,3.63166281057154e-08,"Down in tumour"
"ENSG00000269514.1","RP11-370I10.12","ENSG00000269514",13.9391448183849,-1.08475908848449,-1.14360143114719,0.199240294110782,-5.73980999300937,9.4782834627285e-09,3.81929284563895e-08,"Down in tumour"
"ENSG00000250722.5","SELENOP","ENSG00000250722",16328.2260287896,-1.03424400769341,-1.08926126169266,0.189774749889673,-5.73975864716413,9.48115756741044e-09,3.81967335094148e-08,"Down in tumour"
"ENSG00000155265.10","GOLGA7B","ENSG00000155265",41.0669269379938,-1.18637016602713,-1.26376429659636,0.220296374172344,-5.73665500099283,9.65646761820958e-09,3.88722342915478e-08,"Down in tumour"
"ENSG00000263232.2","ATP5A1P3","ENSG00000263232",13.9006866056841,-1.08503120349046,-1.14004674755579,0.198766599284307,-5.73560523579277,9.71647383090594e-09,3.90811149228046e-08,"Down in tumour"
"ENSG00000186407.6","CD300E","ENSG00000186407",37.8372376325387,-1.0313716044175,-1.09274078969757,0.190543915336341,-5.7348500883311,9.75986321646869e-09,3.92476579934102e-08,"Down in tumour"
"ENSG00000213305.3","HNRNPCP6","ENSG00000213305",13.5409207743064,-1.08081305136428,-1.13871053129333,0.198769658462721,-5.72879452578468,1.01146819156179e-08,4.06167375037177e-08,"Down in tumour"
"ENSG00000259583.2","RP11-66B24.4","ENSG00000259583",43.0813446584102,-1.18901694136898,-1.28038013900372,0.223539419203948,-5.72775997881411,1.01765410259198e-08,4.08568512223187e-08,"Down in tumour"
"ENSG00000282122.1","IGHV7-4-1","ENSG00000282122",230.167072299939,-2.13823363777347,-2.25873312898821,0.394365306315418,-5.72751480116674,1.0191254847396e-08,4.09076266871848e-08,"Down in tumour"
"ENSG00000143921.6","ABCG8","ENSG00000143921",1194.96351965244,-1.41318320076471,-1.52586090146073,0.266513960542198,-5.72525693722202,1.03277314083076e-08,4.14134497092042e-08,"Down in tumour"
"ENSG00000020633.18","RUNX3","ENSG00000020633",149.522443392585,-1.10907900607848,-1.18073967949399,0.206277133284805,-5.72404541740337,1.04016923024761e-08,4.16762541989694e-08,"Down in tumour"
"ENSG00000159958.6","TNFRSF13C","ENSG00000159958",55.2359017387638,-1.31135794447954,-1.41783223887591,0.247911695587884,-5.71910185807789,1.07088587999485e-08,4.28462587886357e-08,"Down in tumour"
"ENSG00000080618.13","CPB2","ENSG00000080618",3786.80182781432,-1.33707945899673,-1.44280276053293,0.252327385011321,-5.71797928499992,1.07798280337281e-08,4.31127775856901e-08,"Down in tumour"
"ENSG00000185052.11","SLC24A3","ENSG00000185052",25.6325199179416,-1.42221814396268,-1.5612764913651,0.273077304358743,-5.71734254895839,1.08202855220638e-08,4.32658406743857e-08,"Down in tumour"
"ENSG00000237845.1","RP5-940F7.2","ENSG00000237845",32.1211931012132,-1.44224645972587,-1.60407622662255,0.280595977811891,-5.71667576681341,1.0862810274214e-08,4.34236274048401e-08,"Down in tumour"
"ENSG00000163586.9","FABP1","ENSG00000163586",5662.43173744067,-1.67553971770227,-1.87004538274439,0.327280789383682,-5.71388680119587,1.10424467894925e-08,4.4118520247159e-08,"Down in tumour"
"ENSG00000104537.16","ANXA13","ENSG00000104537",90.7652333915353,-1.39847258908222,-1.54656690485815,0.270873991288217,-5.70954375317843,1.13279433677044e-08,4.51953201122702e-08,"Down in tumour"
"ENSG00000137825.10","ITPKA","ENSG00000137825",37.3574322134189,1.1503002221384,1.21129164899533,0.212291485548088,5.70579477489666,1.15801458099924e-08,4.61457270016468e-08,"Up in tumour"
"ENSG00000140478.15","GOLGA6D","ENSG00000140478",29.3951337217666,-1.55394249083572,-1.72957057407856,0.303132607346401,-5.70565664056759,1.15895418931326e-08,4.61738733274505e-08,"Down in tumour"
"ENSG00000064201.15","TSPAN32","ENSG00000064201",56.9600053761645,-1.07868445551794,-1.14495949810095,0.200715895551945,-5.70437879348044,1.16768147724277e-08,4.6497776186561e-08,"Down in tumour"
"ENSG00000215319.2","EIF5P1","ENSG00000215319",12.9152869198934,-1.03646349637409,-1.08823322645613,0.190772081203515,-5.70436313107688,1.16778884162782e-08,4.6497776186561e-08,"Down in tumour"
"ENSG00000233327.10","USP32P2","ENSG00000233327",83.7394187538787,-1.00549097898102,-1.06126121557041,0.186062590092434,-5.70378610253241,1.17175101485148e-08,4.66367742548869e-08,"Down in tumour"
"ENSG00000105784.15","RUNDC3B","ENSG00000105784",158.364294658269,-1.0336797191016,-1.08975939053568,0.191076975023292,-5.70324807791645,1.1754571337389e-08,4.67654734635058e-08,"Down in tumour"
"ENSG00000108924.13","HLF","ENSG00000108924",2018.04979061629,-1.20789822296566,-1.29004358764698,0.226218769135978,-5.70263728590771,1.17967830852965e-08,4.68982452508248e-08,"Down in tumour"
"ENSG00000244503.1","RP11-278L15.6","ENSG00000244503",274.094549397258,-1.20074681753361,-1.27772111659537,0.224085377681988,-5.70193883158524,1.18452337024547e-08,4.70788575647964e-08,"Down in tumour"
"ENSG00000130558.19","OLFM1","ENSG00000130558",38.3694328008508,-1.36365939905154,-1.47444592950793,0.25861518829324,-5.70131220536079,1.18888662412208e-08,4.72333058033889e-08,"Down in tumour"
"ENSG00000158481.12","CD1C","ENSG00000158481",15.6211230256348,-1.21514601161859,-1.31648274846707,0.230979793579841,-5.69955807849492,1.20118397970863e-08,4.76740214765848e-08,"Down in tumour"
"ENSG00000169994.18","MYO7B","ENSG00000169994",136.519749739032,-1.06833685291969,-1.13129114559977,0.198581982995359,-5.69684685657613,1.22043459021931e-08,4.83798554861021e-08,"Down in tumour"
"ENSG00000169862.18","CTNND2","ENSG00000169862",123.035138583505,-1.72073779088281,-2.07242661020297,0.3638667076365,-5.69556534497054,1.22963777775153e-08,4.87349229776451e-08,"Down in tumour"
"ENSG00000072315.3","TRPC5","ENSG00000072315",40.4037420715836,-1.09763847064106,-1.17456848305439,0.206321152133736,-5.69291355203871,1.24889628964812e-08,4.94585919587941e-08,"Down in tumour"
"ENSG00000162989.4","KCNJ3","ENSG00000162989",82.845439850847,-1.5035053090478,-1.67564895753141,0.294426853922205,-5.69122325361719,1.26132459886899e-08,4.99208114085461e-08,"Down in tumour"
"ENSG00000153563.15","CD8A","ENSG00000153563",170.308623183611,-1.23413484758927,-1.32797367578667,0.23352198721137,-5.68671794739683,1.29504080219826e-08,5.11529487086611e-08,"Down in tumour"
"ENSG00000248405.10","PRR5-ARHGAP8","ENSG00000248405",14.619533587145,-1.3997033745825,-1.51221792482068,0.265959925961787,-5.68588639567433,1.30135886297941e-08,5.13922505485862e-08,"Down in tumour"
"ENSG00000142765.17","SYTL1","ENSG00000142765",150.65176664254,-1.06259771505098,-1.12273577646643,0.197477821976382,-5.68537654117285,1.30524749429206e-08,5.1525256590592e-08,"Down in tumour"
"ENSG00000184860.9","SDR42E1","ENSG00000184860",121.924883961897,-1.12008533071531,-1.1919320599464,0.209861058996174,-5.67962472717786,1.34990583438901e-08,5.31926860045027e-08,"Down in tumour"
"ENSG00000205362.11","MT1A","ENSG00000205362",71.4643800782405,-1.44110611204479,-1.60066181151187,0.281921783549256,-5.67768049478236,1.36533429381446e-08,5.37792272188449e-08,"Down in tumour"
"ENSG00000241163.7","LINC00877","ENSG00000241163",11.8891971063091,-1.05812066982408,-1.11446813702345,0.196547407833918,-5.67022556697961,1.42609634219122e-08,5.5966646495119e-08,"Down in tumour"
"ENSG00000204613.10","TRIM10","ENSG00000204613",79.0833102740338,-1.02203562741874,-1.07659457251859,0.190093310534595,-5.66350583032571,1.48311128972476e-08,5.81521825624448e-08,"Down in tumour"
"ENSG00000157766.15","ACAN","ENSG00000157766",33.0312857460579,1.35127622929908,1.41951610320971,0.250684657060616,5.66255677493045,1.49134009370914e-08,5.84632491083085e-08,"Up in tumour"
"ENSG00000198074.9","AKR1B10","ENSG00000198074",2418.01018240797,1.89796337634877,2.10553376013893,0.372071644407254,5.65894711888954,1.52304471432983e-08,5.96352601992685e-08,"Up in tumour"
"ENSG00000172828.12","CES3","ENSG00000172828",423.902917024274,-1.27826174865112,-1.38685000102306,0.245182360010729,-5.65640203872079,1.54579139182695e-08,6.0490013875901e-08,"Down in tumour"
"ENSG00000166428.12","PLD4","ENSG00000166428",31.9264700358111,-1.07949524978582,-1.14414188002947,0.202562078114363,-5.64835180740746,1.61993407193433e-08,6.31665781832074e-08,"Down in tumour"
"ENSG00000153283.12","CD96","ENSG00000153283",157.294968321905,-1.14990525520046,-1.23021685876822,0.21780822994138,-5.64816517309429,1.62169329685937e-08,6.3222720946893e-08,"Down in tumour"
"ENSG00000254622.1","NAV2-AS4","ENSG00000254622",18.2264315269349,-1.14043098801156,-1.22642161456304,0.217266914960181,-5.6447693142226,1.65402876697404e-08,6.44198964673696e-08,"Down in tumour"
"ENSG00000243818.4","RP11-372E1.4","ENSG00000243818",225.80177723299,-1.48958266816139,-1.68570353084472,0.298805863919788,-5.64146736858294,1.68606997991485e-08,6.55517248329495e-08,"Down in tumour"
"ENSG00000280344.1","AC009166.7","ENSG00000280344",52.8534612430989,-1.05130897258368,-1.11751447808166,0.198182139233483,-5.63882538761524,1.71214041120738e-08,6.65130425103586e-08,"Down in tumour"
"ENSG00000152092.15","ASTN1","ENSG00000152092",16.4037026567829,-1.39862366725805,-1.51085718790414,0.268044107534209,-5.63659914706879,1.73441196507544e-08,6.73121882838003e-08,"Down in tumour"
"ENSG00000211637.2","IGLV4-69","ENSG00000211637",41.4596928404747,-1.65661739817058,-1.92544078999327,0.341632203027346,-5.63600495776199,1.74040370666166e-08,6.75182488552611e-08,"Down in tumour"
"ENSG00000146411.5","SLC2A12","ENSG00000146411",145.714585265996,-1.06867277793983,-1.13278101986398,0.201221067485377,-5.6295348892645,1.80696220116424e-08,6.99495459566668e-08,"Down in tumour"
"ENSG00000276128.1","RP11-459O16.8","ENSG00000276128",16.4775597452311,-1.16474497133891,-1.24517182370174,0.221213846844615,-5.62881501977756,1.81451863503041e-08,7.02145989113526e-08,"Down in tumour"
"ENSG00000170608.2","FOXA3","ENSG00000170608",322.081268276635,-1.15316749484655,-1.2249580433937,0.21763957864346,-5.62837904313555,1.81910996966838e-08,7.03785059219043e-08,"Down in tumour"
"ENSG00000132840.9","BHMT2","ENSG00000132840",3558.47371059384,-1.24977190986074,-1.33909017380405,0.238164046787509,-5.62255383155624,1.88154907224503e-08,7.26663429989187e-08,"Down in tumour"
"ENSG00000108830.9","RND2","ENSG00000108830",57.4587809264681,-1.3389456423765,-1.51578346418351,0.269607681306823,-5.62218204183322,1.88560407803163e-08,7.28087427165044e-08,"Down in tumour"
"ENSG00000164120.13","HPGD","ENSG00000164120",879.810591607663,-1.48246173541422,-1.64078009499475,0.291900141673449,-5.62103219816283,1.89819887469841e-08,7.32093732012968e-08,"Down in tumour"
"ENSG00000163825.3","RTP3","ENSG00000163825",182.949293000893,-1.38000244853939,-1.52584292163991,0.271716195591619,-5.61557590749287,1.95908627645014e-08,7.54400674509292e-08,"Down in tumour"
"ENSG00000249267.6","LINC00939","ENSG00000249267",105.793003524015,-1.35130359367353,-1.47323285747951,0.26255931924919,-5.6110476736927,2.01105347913791e-08,7.73659504617621e-08,"Down in tumour"
"ENSG00000102962.4","CCL22","ENSG00000102962",23.7876627571402,-1.33952442425212,-1.45571096806837,0.259540231761392,-5.60880661232773,2.03726513180615e-08,7.82982305899788e-08,"Down in tumour"
"ENSG00000154175.16","ABI3BP","ENSG00000154175",160.880434142573,-1.08771551669711,-1.15777261992512,0.206492491500673,-5.60685093928147,2.06040962454269e-08,7.90955928987074e-08,"Down in tumour"
"ENSG00000213759.9","UGT2B11","ENSG00000213759",245.256233831572,1.35126773079575,1.42381272602134,0.254106270480218,5.60321759604979,2.1040880714997e-08,8.07097193782821e-08,"Up in tumour"
"ENSG00000129244.8","ATP1B2","ENSG00000129244",34.3520631259616,-1.04163883895651,-1.11302836726792,0.198678133519681,-5.60216842966095,2.11686705899962e-08,8.11821891718998e-08,"Down in tumour"
"ENSG00000179277.9","MEIS3P1","ENSG00000179277",12.4410023413443,-1.06573540643411,-1.12370206649664,0.200813885284171,-5.59573888482111,2.19684128319329e-08,8.4121826369452e-08,"Down in tumour"
"ENSG00000255240.5","RP11-142C4.6","ENSG00000255240",62.8270292901031,-1.12698440009693,-1.19701771862976,0.2139379751569,-5.5951624191632,2.20415327929142e-08,8.43845374410348e-08,"Down in tumour"
"ENSG00000170099.5","SERPINA6","ENSG00000170099",2676.50023016463,-1.3050877359827,-1.40887168030231,0.25193268286621,-5.59225450336072,2.24139946319275e-08,8.57110115436129e-08,"Down in tumour"
"ENSG00000280837.1","CPS1-IT1","ENSG00000280837",1079.12021200674,-1.68077556515723,-1.90787480948224,0.341252247516383,-5.59080511078728,2.26019151120972e-08,8.6379553159633e-08,"Down in tumour"
"ENSG00000245164.6","LINC00861","ENSG00000245164",121.40170330908,-1.11630215970839,-1.18857482062531,0.212613544947932,-5.59030620987195,2.26669530482668e-08,8.65779625018033e-08,"Down in tumour"
"ENSG00000277999.1","RP11-426C22.8","ENSG00000277999",26.2170426367704,-1.08015612589854,-1.13565807268458,0.203201120832501,-5.58883764042182,2.28594554851201e-08,8.72795529353745e-08,"Down in tumour"
"ENSG00000147724.11","FAM135B","ENSG00000147724",15.6580809252753,-1.13525303801521,-1.21014186649484,0.216604913708286,-5.58686248514474,2.31208660591127e-08,8.82265860628527e-08,"Down in tumour"
"ENSG00000163395.16","IGFN1","ENSG00000163395",120.547554963805,-1.49428862688675,-1.66771934746553,0.298639700025893,-5.58438595846747,2.34527350459966e-08,8.94067767267741e-08,"Down in tumour"
"ENSG00000109943.8","CRTAM","ENSG00000109943",22.9954539855691,-1.28604203698607,-1.39209468015395,0.249336925779519,-5.58318699006075,2.36150603096834e-08,8.99736070663262e-08,"Down in tumour"
"ENSG00000171124.12","FUT3","ENSG00000171124",21.2817104328412,-1.18622345635588,-1.26020135592707,0.225737322855121,-5.58260078567455,2.3694821421601e-08,9.02253944589744e-08,"Down in tumour"
"ENSG00000117215.14","PLA2G2D","ENSG00000117215",47.4290229603694,-1.671835200524,-1.91645651175965,0.343479967312056,-5.57952921317977,2.41170440437573e-08,9.1727258408549e-08,"Down in tumour"
"ENSG00000269404.6","SPIB","ENSG00000269404",132.904469662877,-1.56106329032216,-1.75800820903162,0.315263606388888,-5.57631192882777,2.45671244099204e-08,9.33135853858288e-08,"Down in tumour"
"ENSG00000229657.2","RP11-494K3.2","ENSG00000229657",23.5822558168144,-1.11135554959093,-1.18101535300742,0.211820963228449,-5.57553574965901,2.46769221570878e-08,9.36946710637327e-08,"Down in tumour"
"ENSG00000233729.1","AC016909.1","ENSG00000233729",9.57238027168869,-1.00305506522184,-1.04278654060034,0.187039707710534,-5.57521476784053,2.47224670810095e-08,9.38315994121612e-08,"Down in tumour"
"ENSG00000139329.4","LUM","ENSG00000139329",596.120116810452,-1.40793780898227,-1.56031969563686,0.280071519531507,-5.57114732068046,2.53067219453483e-08,9.59021041881804e-08,"Down in tumour"
"ENSG00000261578.1","RP11-21L23.2","ENSG00000261578",244.729029752157,-1.178156845594,-1.27269040185936,0.228800374658585,-5.56244894160886,2.66014876098615e-08,1.00558297223451e-07,"Down in tumour"
"ENSG00000183092.16","BEGAIN","ENSG00000183092",23.4738867715463,-1.20245693048521,-1.29642984611018,0.233485221660667,-5.55251350337852,2.81590956514957e-08,1.06230392089662e-07,"Down in tumour"
"ENSG00000273703.1","HIST1H2BM","ENSG00000273703",23.3953790624451,1.19418897632562,1.2510184453585,0.225307173213476,5.55250162485142,2.81610098163217e-08,1.06230392089662e-07,"Up in tumour"
"ENSG00000159289.6","GOLGA6A","ENSG00000159289",88.2893370292369,-1.25225473245339,-1.360531531784,0.245196675234263,-5.54873564449493,2.87742868104095e-08,1.08461142418289e-07,"Down in tumour"
"ENSG00000280114.1","RP5-875O13.7","ENSG00000280114",28.7568298163742,-1.18469727832934,-1.2694712759328,0.228939255867054,-5.54501355010078,2.93931407529071e-08,1.106673834739e-07,"Down in tumour"
"ENSG00000185070.10","FLRT2","ENSG00000185070",211.421562742215,-1.25213405123943,-1.36410063042261,0.246057466904166,-5.5438294459639,2.95927093123983e-08,1.11397583761943e-07,"Down in tumour"
"ENSG00000153898.12","MCOLN2","ENSG00000153898",73.522319310044,-1.22719302932882,-1.33849214990746,0.241440278708968,-5.54378149770477,2.96008181306953e-08,1.11406920186509e-07,"Down in tumour"
"ENSG00000224916.9","APOC4-APOC2","ENSG00000224916",1669.48007228178,-1.32966346632977,-1.45208196362789,0.261932498702692,-5.54372584852896,2.96102320002119e-08,1.11421163874562e-07,"Down in tumour"
"ENSG00000167476.10","JSRP1","ENSG00000167476",33.6040645970368,-1.30548362331,-1.40481460066466,0.253507870101058,-5.54150291312315,2.99886585861916e-08,1.12780832110296e-07,"Down in tumour"
"ENSG00000078053.16","AMPH","ENSG00000078053",17.3755062220918,-1.06422307003024,-1.12812134750226,0.20359019919251,-5.54113779531957,3.00512622489751e-08,1.12994801233656e-07,"Down in tumour"
"ENSG00000204186.7","ZDBF2","ENSG00000204186",295.019948458749,-1.03177711242,-1.10306287973216,0.199291297777095,-5.534927475689,3.11357161174042e-08,1.16838849674797e-07,"Down in tumour"
"ENSG00000218416.4","PP14571","ENSG00000218416",21.4034662971396,-1.05919436036932,-1.12949955950465,0.204108045323688,-5.53383164153777,3.13309724599911e-08,1.17449609450872e-07,"Down in tumour"
"ENSG00000255438.2","CTD-2653D5.1","ENSG00000255438",19.9877866819009,-1.01597800838786,-1.07359399650222,0.194273051416909,-5.52621163188655,3.27219388586536e-08,1.22385739952632e-07,"Down in tumour"
"ENSG00000283406.1","DGCR5","ENSG00000283406",23.2261701329992,-1.05661111004737,-1.1206500525569,0.202844751402143,-5.52466871738377,3.30107884229555e-08,1.23396135081314e-07,"Down in tumour"
"ENSG00000186310.9","NAP1L3","ENSG00000186310",14.1445783287034,-1.15326988078519,-1.24879155982572,0.22616257664439,-5.52165428230538,3.35822753573862e-08,1.25390299216892e-07,"Down in tumour"
"ENSG00000162591.15","MEGF6","ENSG00000162591",425.431428086561,-1.05511497981346,-1.12574120890007,0.20404687345476,-5.51707159163926,3.44695042115028e-08,1.28412365303647e-07,"Down in tumour"
"ENSG00000163568.14","AIM2","ENSG00000163568",35.6133313131971,-1.29463250573314,-1.41078439808502,0.255820836769043,-5.5147360781979,3.49303739177033e-08,1.30055848561531e-07,"Down in tumour"
"ENSG00000152527.13","PLEKHH2","ENSG00000152527",241.992664265462,-1.09172665621345,-1.16927365243138,0.212303715455149,-5.50755152788835,3.63858925692909e-08,1.35246191854268e-07,"Down in tumour"
"ENSG00000255043.1","NAV2-AS5","ENSG00000255043",60.3627117841762,-1.08983262548805,-1.18024299809938,0.214309368460614,-5.50719273999583,3.64601009311265e-08,1.35496578619937e-07,"Down in tumour"
"ENSG00000144596.12","GRIP2","ENSG00000144596",33.6259222323227,-1.16865113098039,-1.26467225987262,0.229791408920323,-5.50356632484521,3.72184420011011e-08,1.3815915651309e-07,"Down in tumour"
"ENSG00000183742.12","MACC1","ENSG00000183742",127.910354818314,-1.29118863341422,-1.41496253603318,0.257171194103481,-5.50202576523336,3.75452069030093e-08,1.39346011669091e-07,"Down in tumour"
"ENSG00000078098.13","FAP","ENSG00000078098",74.2978291011351,1.36897127485134,1.47580633842861,0.268347137746638,5.4996164699994,3.80618226424924e-08,1.41131070731145e-07,"Up in tumour"
"ENSG00000235142.7","RP1-60O19.1","ENSG00000235142",987.552207971005,-1.16851030508164,-1.2475532700023,0.226858695212636,-5.49925260229921,3.81404421297732e-08,1.41396098721596e-07,"Down in tumour"
"ENSG00000164690.7","SHH","ENSG00000164690",245.071213815946,-1.02442693626612,-1.08633327615789,0.197625251045901,-5.49693559101707,3.86447766554865e-08,1.43212144606262e-07,"Down in tumour"
"ENSG00000235300.4","THRA1/BTR","ENSG00000235300",13.1322908657951,-1.38107537014587,-1.51602822502591,0.276128194394451,-5.49030579202735,4.01238458683412e-08,1.48352540796098e-07,"Down in tumour"
"ENSG00000125910.5","S1PR4","ENSG00000125910",31.5118348451005,-1.10460557889871,-1.18527149039294,0.216268387716992,-5.48055822168511,4.23985961397945e-08,1.56478727092104e-07,"Down in tumour"
"ENSG00000213413.2","PVRIG","ENSG00000213413",39.4981405936703,-1.00048547952655,-1.05274053348888,0.192383825155277,-5.47208442622029,4.44772839455626e-08,1.63967010827812e-07,"Down in tumour"
"ENSG00000100024.14","UPB1","ENSG00000100024",2904.66083052668,-1.17952106740985,-1.26618909892962,0.231565649874646,-5.46794872043868,4.55273542923172e-08,1.67494967194765e-07,"Down in tumour"
"ENSG00000236609.3","ZNF853","ENSG00000236609",26.4977912626194,-1.04106107380696,-1.10320558164411,0.201774394782457,-5.4675202115389,4.56375183665636e-08,1.6786905798725e-07,"Down in tumour"
"ENSG00000186480.12","INSIG1","ENSG00000186480",6246.37292687287,-1.07750682913101,-1.15878527587913,0.212171948776872,-5.46153854248541,4.72025737485423e-08,1.73368072407663e-07,"Down in tumour"
"ENSG00000213402.2","PTPRCAP","ENSG00000213402",110.128898594021,-1.1734601459246,-1.2613813243296,0.231009593638443,-5.46029844242664,4.75334859240563e-08,1.74453974948052e-07,"Down in tumour"
"ENSG00000230731.2","RP11-478K15.6","ENSG00000230731",14.5241294047376,-1.22614941780817,-1.32381833387548,0.242484142670945,-5.45940167177003,4.77741829524e-08,1.7528162804835e-07,"Down in tumour"
"ENSG00000198910.12","L1CAM","ENSG00000198910",41.4421515494347,-1.33956743234917,-1.46017462309809,0.267681646064439,-5.45489257319714,4.90024613219406e-08,1.79512440670955e-07,"Down in tumour"
"ENSG00000012223.12","LTF","ENSG00000012223",33.1752766323581,-1.22047240889179,-1.31833771731929,0.241716494386755,-5.4540660150809,4.92309114822052e-08,1.80249247311744e-07,"Down in tumour"
"ENSG00000206052.10","DOK6","ENSG00000206052",54.0781186131377,-1.03865940198212,-1.0942633643414,0.200803690527908,-5.44941859118529,5.05347479506697e-08,1.8474958740074e-07,"Down in tumour"
"ENSG00000235961.5","PNMA6A","ENSG00000235961",299.821296193447,-1.05863030400843,-1.13023518251786,0.207710658063584,-5.44139233419537,5.28657402984103e-08,1.92879557184596e-07,"Down in tumour"
"ENSG00000211772.11","TRBC2","ENSG00000211772",140.332565114869,-1.1252156528176,-1.20941241779043,0.22226783689409,-5.4412389785694,5.29112770976782e-08,1.92974554559488e-07,"Down in tumour"
"ENSG00000167779.7","IGFBP6","ENSG00000167779",33.773884285503,-1.06404425678214,-1.13206702394687,0.208302106471717,-5.43473632178837,5.4877521898409e-08,1.9988788938815e-07,"Down in tumour"
"ENSG00000184557.4","SOCS3","ENSG00000184557",983.330276835154,-1.11071101346373,-1.19312409225759,0.21982912440768,-5.42750691234572,5.71466544068742e-08,2.07618159081362e-07,"Down in tumour"
"ENSG00000254415.3","SIGLEC14","ENSG00000254415",35.12361347891,-1.51394010323934,-1.43491179332439,0.264626225305363,-5.42240963331806,5.88009424416518e-08,2.13471579924361e-07,"Down in tumour"
"ENSG00000104760.16","FGL1","ENSG00000104760",8849.56516118536,-1.32687879536955,-1.44539034202949,0.266848369819232,-5.4165230351927,6.07691647548795e-08,2.20213123030635e-07,"Down in tumour"
"ENSG00000198121.13","LPAR1","ENSG00000198121",57.707316061754,-1.28467402330052,-1.42594510899424,0.263341158899525,-5.41482051249838,6.13502158019578e-08,2.22196673626377e-07,"Down in tumour"
"ENSG00000162267.12","ITIH3","ENSG00000162267",16883.5724155816,-1.20038702362362,-1.2899300381783,0.238274960080656,-5.41361978506539,6.17632431640218e-08,2.23651641409712e-07,"Down in tumour"
"ENSG00000260762.1","ACSM5P1","ENSG00000260762",19.7061373216849,-1.19725051542301,-1.28452021273786,0.237290726454678,-5.41327607669151,6.18819674216988e-08,2.24040567254012e-07,"Down in tumour"
"ENSG00000196600.12","SLC22A25","ENSG00000196600",926.708327143241,-1.4002168600377,-1.54223244156562,0.285437657274313,-5.40304477094099,6.5519097885775e-08,2.36300930111725e-07,"Down in tumour"
"ENSG00000233215.5","LINC01687","ENSG00000233215",46.9619417224931,-1.19063681020299,-1.28430208718949,0.237991393282876,-5.39642240617907,6.79827916748483e-08,2.44918710524258e-07,"Down in tumour"
"ENSG00000274767.1","AC131056.3","ENSG00000274767",32.5260501513017,-1.00649032992379,-1.07497320226399,0.199250330282998,-5.39508868435597,6.84897156354441e-08,2.46565467728691e-07,"Down in tumour"
"ENSG00000169040.14","PMCHL2","ENSG00000169040",33.1687102235455,-1.47498757462182,-1.68877060252633,0.313248961103178,-5.3911451025374,7.00101132554274e-08,2.51809953055547e-07,"Down in tumour"
"ENSG00000117601.13","SERPINC1","ENSG00000117601",18480.3128480944,-1.4548765098485,-1.61280493683465,0.299373080013044,-5.38727442281845,7.15341703316579e-08,2.5691813343758e-07,"Down in tumour"
"ENSG00000127152.17","BCL11B","ENSG00000127152",165.377205760588,-1.07523427017958,-1.15250206179704,0.213939974166105,-5.3870346871325,7.16296142832353e-08,2.57167595775091e-07,"Down in tumour"
"ENSG00000132821.11","VSTM2L","ENSG00000132821",19.5432266341015,-1.33596083837999,-1.48097334069562,0.275025310838029,-5.38486198300422,7.25002579571678e-08,2.6005755812726e-07,"Down in tumour"
"ENSG00000153253.16","SCN3A","ENSG00000153253",35.2736483962788,-1.05556197688481,-1.13619411903466,0.211013626546735,-5.38445851876309,7.26630582493891e-08,2.60594294605936e-07,"Down in tumour"
"ENSG00000280306.1","CTD-3076M17.1","ENSG00000280306",167.516088151803,-1.37946714162891,-1.52647618728788,0.283928253324016,-5.37627435599329,7.60428923330322e-08,2.72123841610506e-07,"Down in tumour"
"ENSG00000078589.12","P2RY10","ENSG00000078589",28.7239095135475,-1.31436604038889,-1.44072518822126,0.267984338444181,-5.37615442971623,7.60935330440958e-08,2.72255838673498e-07,"Down in tumour"
"ENSG00000100181.22","TPTEP1","ENSG00000100181",20.9972697844155,-1.00878344202726,-1.06670900610013,0.198574902450274,-5.37182188150514,7.79450819451697e-08,2.78276877153814e-07,"Down in tumour"
"ENSG00000163075.12","CFAP221","ENSG00000163075",64.8433075776718,-1.23038708812635,-1.35429543324435,0.252125742509213,-5.37150796172615,7.80809201866538e-08,2.78711569567978e-07,"Down in tumour"
"ENSG00000272267.2","RP11-375N15.2","ENSG00000272267",17.6883182801044,-1.20794850386194,-1.30675960187692,0.243435008325536,-5.368001960217,7.96136885796968e-08,2.83926799650079e-07,"Down in tumour"
"ENSG00000167608.11","TMC4","ENSG00000167608",70.7988821221729,-1.01799730311362,-1.07964443898878,0.201157011084654,-5.36717280281332,7.99804211392128e-08,2.85131930044748e-07,"Down in tumour"
"ENSG00000184949.15","FAM227A","ENSG00000184949",30.3422482411013,1.03984036427093,1.08786524776456,0.202827119969751,5.36350981035873,8.16202165683107e-08,2.90611431289184e-07,"Up in tumour"
"ENSG00000275713.2","HIST1H2BH","ENSG00000275713",56.4548675338644,1.08770229388119,1.15786225846615,0.215964632280696,5.3613512834881,8.26017098532266e-08,2.93947436735871e-07,"Up in tumour"
"ENSG00000248587.7","GDNF-AS1","ENSG00000248587",30.1914056411386,-1.3301064446521,-1.49524565637751,0.279145772873755,-5.35650474296719,8.484727396268e-08,3.01450743770118e-07,"Down in tumour"
"ENSG00000270390.1","RP11-470B22.1","ENSG00000270390",21.8623373918109,-1.03114769209085,-1.10052222535645,0.205530421590264,-5.35454662546453,8.57712025511359e-08,3.04569324021283e-07,"Down in tumour"
"ENSG00000172116.21","CD8B","ENSG00000172116",38.7128083035167,-1.18028626860035,-1.27572370425864,0.238409523204649,-5.35097628278703,8.74809879745496e-08,3.10195484589799e-07,"Down in tumour"
"ENSG00000159398.15","CES5A","ENSG00000159398",15.0552971589999,-1.41061928430754,-1.53084378928207,0.286162892748955,-5.3495537963584,8.81713493293098e-08,3.12419534062841e-07,"Down in tumour"
"ENSG00000229927.2","RHEBP1","ENSG00000229927",33.7708170050633,-1.28954851569631,-1.39689870472566,0.261135344702023,-5.34932835813411,8.82812421480635e-08,3.12696962390233e-07,"Down in tumour"
"ENSG00000268027.5","AC006129.2","ENSG00000268027",14.4871217625528,-1.19032402484099,-1.29066638698305,0.241322810654358,-5.34829833733228,8.87850286587186e-08,3.14425133698697e-07,"Down in tumour"
"ENSG00000234996.4","RP11-480I12.9","ENSG00000234996",19.1668454282956,1.07166868189924,1.12678050180013,0.210877629336619,5.34329082389996,9.12741446902264e-08,3.2266282297797e-07,"Up in tumour"
"ENSG00000141934.9","PLPP2","ENSG00000141934",85.5021401219318,-1.3057107957887,-1.46918655615728,0.275290970374618,-5.33684978536709,9.45753284887206e-08,3.33677268587745e-07,"Down in tumour"
"ENSG00000138829.11","FBN2","ENSG00000138829",60.7335111487521,-1.0477864007788,-1.11238254854414,0.208599583961467,-5.33262112713332,9.68051537193359e-08,3.40997403019544e-07,"Down in tumour"
"ENSG00000140563.14","MCTP2","ENSG00000140563",209.052171924088,-1.09341974725927,-1.18151715271877,0.221624705460553,-5.33116175050739,9.7586448982871e-08,3.43504994614613e-07,"Down in tumour"
"ENSG00000105894.11","PTN","ENSG00000105894",41.1629198071988,-1.141286031072,-1.23760308876172,0.232158131080578,-5.33086255907257,9.77473770744526e-08,3.44010283505448e-07,"Down in tumour"
"ENSG00000255987.1","TOMM20P2","ENSG00000255987",17.8182590793642,-1.19758041141597,-1.30017846616173,0.243900182722544,-5.3307810254525,9.77912766290407e-08,3.44103597923307e-07,"Down in tumour"
"ENSG00000259660.2","DNM1P47","ENSG00000259660",79.092307752268,-1.0149273141943,-1.08150495764712,0.202933753906502,-5.32934978448881,9.85650043947646e-08,3.46702884660668e-07,"Down in tumour"
"ENSG00000222328.1","RNU2-2P","ENSG00000222328",10394.1617490318,1.01779574421526,1.08151050500564,0.202953608053315,5.32885576846475,9.88334421966717e-08,3.47585344953575e-07,"Up in tumour"
"ENSG00000106123.11","EPHB6","ENSG00000106123",126.565334243512,-1.08280551144053,-1.16799468394553,0.219215142728539,-5.32807482826081,9.92592326224338e-08,3.49020783673092e-07,"Down in tumour"
"ENSG00000266642.2","RP11-20B24.4","ENSG00000266642",20.8583299550117,1.16125318446051,1.230000709105,0.23109224457356,5.32255295444792,1.02320984326156e-07,3.59212352388721e-07,"Up in tumour"
"ENSG00000226091.7","LINC00937","ENSG00000226091",28.702280458325,-1.0404140532011,-1.11032554165942,0.208631561853198,-5.32194425328941,1.02664036300799e-07,3.60352770083651e-07,"Down in tumour"
"ENSG00000136531.15","SCN2A","ENSG00000136531",42.1282054221682,-1.13671614929825,-1.22621798772533,0.230464092955617,-5.32064657882073,1.03399100426129e-07,3.62868509704677e-07,"Down in tumour"
"ENSG00000262995.1","CTD-2194A8.2","ENSG00000262995",30.5907381040534,-1.04447534268509,-1.10826705976701,0.208749240595825,-5.30908307308678,1.10178110141361e-07,3.85088351408787e-07,"Down in tumour"
"ENSG00000146147.14","MLIP","ENSG00000146147",316.72186372232,-1.34036446680047,-1.49416264218801,0.281540423108499,-5.30709809160226,1.11384244424583e-07,3.89166522488222e-07,"Down in tumour"
"ENSG00000196196.2","HRCT1","ENSG00000196196",21.1046594770517,1.04257995207446,1.09803648379781,0.206955203186514,5.30567227540651,1.12258488278299e-07,3.92082628991065e-07,"Up in tumour"
"ENSG00000089012.14","SIRPG","ENSG00000089012",36.8046522503289,-1.22803333085195,-1.33372237690795,0.251442473480299,-5.3042843496067,1.13115875471373e-07,3.94798540505183e-07,"Down in tumour"
"ENSG00000267046.1","E2F3P1","ENSG00000267046",27.5360177945971,-1.17064328409687,-1.28177401185589,0.242984336271041,-5.27513020603152,1.32661863024314e-07,4.58777179087787e-07,"Down in tumour"
"ENSG00000070190.12","DAPP1","ENSG00000070190",95.4007364866864,-1.04071180760696,-1.11787546264157,0.211916316666979,-5.27507971176321,1.32698395911564e-07,4.58777179087787e-07,"Down in tumour"
"ENSG00000196620.9","UGT2B15","ENSG00000196620",2776.30087030146,-1.330237315658,-1.47343317459521,0.279407677194966,-5.27341692750652,1.33906881609564e-07,4.62632031366399e-07,"Down in tumour"
"ENSG00000248590.2","GLDCP1","ENSG00000248590",22.6261809505123,-1.11394701813571,-1.19946576583433,0.227476465698196,-5.27292246322182,1.34268299573603e-07,4.63718801860116e-07,"Down in tumour"
"ENSG00000115457.9","IGFBP2","ENSG00000115457",3089.49404833721,-1.25515132544285,-1.39379838612331,0.26455208500608,-5.26852164514705,1.37526828290526e-07,4.74393257642799e-07,"Down in tumour"
"ENSG00000214262.4","ANKRD36BP1","ENSG00000214262",29.9008922312906,1.81023493539889,1.779446621756,0.337896923074073,5.26624097540515,1.39245481925782e-07,4.80070688687859e-07,"Up in tumour"
"ENSG00000173597.8","SULT1B1","ENSG00000173597",468.95703764116,-1.03673408416311,-1.11040726997554,0.210991283499315,-5.26281110555522,1.41869318008327e-07,4.88494462046149e-07,"Down in tumour"
"ENSG00000255545.7","RP11-627G23.1","ENSG00000255545",207.287926591729,-1.23159379708131,-1.35428963200739,0.257336604256368,-5.26271665051661,1.41942248100193e-07,4.88602246373413e-07,"Down in tumour"
"ENSG00000187987.9","ZSCAN23","ENSG00000187987",16.0526420484612,-1.0147511101595,-1.08141743547901,0.205529660174764,-5.26161253105498,1.42797448562055e-07,4.91033686481716e-07,"Down in tumour"
"ENSG00000088386.16","SLC15A1","ENSG00000088386",350.946496563559,-1.25680934742464,-1.38799585318905,0.263848168961138,-5.26058550511862,1.43597408303248e-07,4.93527262119498e-07,"Down in tumour"
"ENSG00000138823.13","MTTP","ENSG00000138823",2985.34117601609,-1.19639209282047,-1.29429584776893,0.246103659961444,-5.25914912428245,1.44723492222179e-07,4.9731112526972e-07,"Down in tumour"
"ENSG00000145321.12","GC","ENSG00000145321",22646.3952689331,-1.18438314132279,-1.27432222344465,0.242574196363829,-5.25332967210302,1.49373814870418e-07,5.12667924003846e-07,"Down in tumour"
"ENSG00000116147.16","TNR","ENSG00000116147",22.8043381007578,-1.37592173063703,-1.55190571810948,0.295542040390986,-5.25104894063936,1.51235486707872e-07,5.18517926279041e-07,"Down in tumour"
"ENSG00000182175.13","RGMA","ENSG00000182175",36.9078445416439,1.0885876636985,1.15522786680421,0.220033244468764,5.25024238765976,1.51899199534846e-07,5.20613135306182e-07,"Up in tumour"
"ENSG00000103522.15","IL21R","ENSG00000103522",101.562877179437,-1.17631521966566,-1.28497315527461,0.244792043840134,-5.2492439505664,1.52724716477637e-07,5.23170701495651e-07,"Down in tumour"
"ENSG00000236459.1","HNRNPA1P22","ENSG00000236459",22.7161507347552,-1.1467413988183,-1.23796072395262,0.236318298248442,-5.23853096915565,1.61859817902946e-07,5.52551116894274e-07,"Down in tumour"
"ENSG00000188660.3","LINC00319","ENSG00000188660",77.9111196493825,-1.01605918590507,-1.0887157996599,0.207984837826211,-5.23459215122988,1.65349562169678e-07,5.63686511199525e-07,"Down in tumour"
"ENSG00000144648.15","ACKR2","ENSG00000144648",166.094969563279,-1.00512796038241,-1.07541392684157,0.205549178443724,-5.23190574140874,1.67771300343451e-07,5.71351918048508e-07,"Down in tumour"
"ENSG00000261150.2","EPPK1","ENSG00000261150",739.401818786569,1.15036103267964,1.24384932103991,0.237913425228504,5.22815944432415,1.71205837121187e-07,5.82547212332758e-07,"Up in tumour"
"ENSG00000273079.5","GRIN2B","ENSG00000273079",23.883740733468,-1.34621008727661,-1.48639159822669,0.284518215767073,-5.22424054368301,1.74871334440549e-07,5.94406375164311e-07,"Down in tumour"
"ENSG00000141469.16","SLC14A1","ENSG00000141469",99.136018751386,-1.03068326158622,-1.09808448960752,0.210210321330303,-5.22374202493179,1.75343022658564e-07,5.95805055361537e-07,"Down in tumour"
"ENSG00000148584.14","A1CF","ENSG00000148584",5668.98936424871,-1.08089253661963,-1.15211907250184,0.220613377312678,-5.22234456738734,1.76671834582723e-07,5.99908324222996e-07,"Down in tumour"
"ENSG00000247011.2","RP11-700H6.1","ENSG00000247011",41.2715076463951,-1.01301724243651,-1.08827268790945,0.208449927524652,-5.22078707741812,1.78164289817683e-07,6.04664915699828e-07,"Down in tumour"
"ENSG00000145192.12","AHSG","ENSG00000145192",23041.7926435865,-1.39057539650926,-1.52919459566295,0.292917501587111,-5.22056410892942,1.78378942843339e-07,6.05289630670015e-07,"Down in tumour"
"ENSG00000197415.11","VEPH1","ENSG00000197415",42.24070826817,-1.09979202916394,-1.1830034847403,0.226629833858566,-5.21998125577139,1.78941240540253e-07,6.07093584849712e-07,"Down in tumour"
"ENSG00000248485.1","PCP4L1","ENSG00000248485",39.4203602564455,-1.09603791693602,-1.1799258724282,0.22627160434788,-5.21464403732306,1.84170550486198e-07,6.24086236222105e-07,"Down in tumour"
"ENSG00000240869.3","RN7SL128P","ENSG00000240869",56.7653510999391,-1.13661967839073,-1.22935189697227,0.236057445122282,-5.20785055661112,1.9104068538889e-07,6.45708382155447e-07,"Down in tumour"
"ENSG00000271913.5","RP1-111C20.4","ENSG00000271913",19.0267131949249,-1.03476564198705,-1.12360514851627,0.215868664529412,-5.20504053224075,1.9395426766638e-07,6.54661804215665e-07,"Down in tumour"
"ENSG00000207263.1","SNORD116-16","ENSG00000207263",42.5839515616487,-1.07491903627721,-1.15849417121978,0.222576312202861,-5.20493020912263,1.94069528348187e-07,6.54939160203865e-07,"Down in tumour"
"ENSG00000225746.9","SNHG23","ENSG00000225746",107.432944423146,-1.04632393787704,-1.12297890839293,0.216004504090543,-5.19886801954004,2.00505822700169e-07,6.75278500715407e-07,"Down in tumour"
"ENSG00000224397.5","SMIM25","ENSG00000224397",30.8594242513665,-1.1571072153032,-1.24576756104649,0.239698949961268,-5.19721743148138,2.02293701152056e-07,6.81068077377556e-07,"Down in tumour"
"ENSG00000206656.1","SNORD116-17","ENSG00000206656",26.1541849726195,-1.08158652932193,-1.18232892321927,0.227624344078769,-5.19421122553626,2.05589617073864e-07,6.90989181651044e-07,"Down in tumour"
"ENSG00000207460.1","SNORD116-19","ENSG00000207460",26.1541849726195,-1.08158652932193,-1.18232892321927,0.227624344078769,-5.19421122553626,2.05589617073864e-07,6.90989181651044e-07,"Down in tumour"
"ENSG00000150594.6","ADRA2A","ENSG00000150594",31.6025060370563,-1.33776547982545,-1.49682772493604,0.288395535470511,-5.19019034914668,2.10079210158063e-07,7.05360102910692e-07,"Down in tumour"
"ENSG00000277669.1","AC009133.22","ENSG00000277669",111.241712698739,-1.2182221819558,-1.33421354308409,0.257393844115807,-5.18354876616162,2.17703271761362e-07,7.29844318762303e-07,"Down in tumour"
"ENSG00000106624.10","AEBP1","ENSG00000106624",1584.03127054636,-1.11261745950976,-1.21460733253096,0.234338150169237,-5.1831395428093,2.18181674139941e-07,7.31200453141186e-07,"Down in tumour"
"ENSG00000236816.2","ANKRD20A7P","ENSG00000236816",208.360614535373,-1.09462616316589,-1.16830294564312,0.225445858245132,-5.18218855177545,2.19297356524312e-07,7.34690686812069e-07,"Down in tumour"
"ENSG00000133019.11","CHRM3","ENSG00000133019",72.4624175860319,1.16693144184376,1.26767678821821,0.244627591564551,5.18206789393872,2.19439303206021e-07,7.35041822365336e-07,"Up in tumour"
"ENSG00000099834.18","CDHR5","ENSG00000099834",1831.68396366188,-1.01113438552673,-1.09042166528946,0.210483228493662,-5.18056318830311,2.21216973286596e-07,7.40870990230388e-07,"Down in tumour"
"ENSG00000276980.1","CTD-3128G10.7","ENSG00000276980",696.597769502275,-1.11256629470724,-1.2013923934528,0.232238170341411,-5.17310479877896,2.3023579246718e-07,7.69383258535015e-07,"Down in tumour"
"ENSG00000185332.6","TMEM105","ENSG00000185332",41.3897570379651,-1.23162675061217,-1.35871731768467,0.262802110768127,-5.17011569546896,2.33949111006858e-07,7.80342897566354e-07,"Down in tumour"
"ENSG00000060566.13","CREB3L3","ENSG00000060566",1519.68509962047,-1.14704782006186,-1.24348115138425,0.240578562618177,-5.16871136751194,2.35713601639262e-07,7.85566478741523e-07,"Down in tumour"
"ENSG00000139874.5","SSTR1","ENSG00000139874",106.694988869482,-1.18350410946639,-1.29655334329417,0.251024111041297,-5.16505501370292,2.40368215661247e-07,7.99866861564066e-07,"Down in tumour"
"ENSG00000146216.11","TTBK1","ENSG00000146216",71.3368996731077,-1.08478818994674,-1.18368649088099,0.229233244368494,-5.16367725868855,2.42145057986966e-07,8.05373404929593e-07,"Down in tumour"
"ENSG00000165449.11","SLC16A9","ENSG00000165449",32.4335939493905,-1.33324103809653,-1.50801902701273,0.292206754626476,-5.16079455090081,2.45903927964314e-07,8.17188792175567e-07,"Down in tumour"
"ENSG00000250596.1","RP11-440I14.2","ENSG00000250596",11.7065956497041,-1.29015814576374,-1.45300163549142,0.281551554774928,-5.16069476743949,2.46035043508188e-07,8.17487261399624e-07,"Down in tumour"
"ENSG00000164616.15","FBXL21","ENSG00000164616",15.6406161554481,-1.19649380428346,-1.30229343687084,0.252847277870342,-5.15051396969617,2.59773581073277e-07,8.60391313618368e-07,"Down in tumour"
"ENSG00000181847.11","TIGIT","ENSG00000181847",109.27552743699,-1.02584253033134,-1.10394167261486,0.214373993225701,-5.1496063305244,2.61033757760713e-07,8.64131320849271e-07,"Down in tumour"
"ENSG00000126218.11","F10","ENSG00000126218",1200.35015758964,-1.01096681468403,-1.08160248199807,0.210170907006848,-5.14629973007076,2.65674810528643e-07,8.78466676377119e-07,"Down in tumour"
"ENSG00000165443.11","PHYHIPL","ENSG00000165443",87.2491635739009,1.04666238216166,1.11620173010076,0.216916711685705,5.14576180611684,2.66437324155827e-07,8.80693713596574e-07,"Up in tumour"
"ENSG00000172986.12","GXYLT2","ENSG00000172986",67.8916758531992,1.28248851793755,1.38168670016321,0.268575230055994,5.14450532119119,2.68226650612491e-07,8.85868529212921e-07,"Up in tumour"
"ENSG00000100628.11","ASB2","ENSG00000100628",39.1339930012194,-1.05371128703964,-1.12260850414271,0.218403536204526,-5.14006560356894,2.7464256154925e-07,9.05547263159138e-07,"Down in tumour"
"ENSG00000143847.15","PPFIA4","ENSG00000143847",70.7893783441281,1.17793954451986,1.27113838695108,0.247565323783546,5.13455748779452,2.82808641187898e-07,9.31386262068562e-07,"Up in tumour"
"ENSG00000157214.13","STEAP2","ENSG00000157214",198.927036111703,1.02919239732335,1.10034972629696,0.214306563843169,5.13446581646564,2.82946512941244e-07,9.31685298726676e-07,"Up in tumour"
"ENSG00000267121.5","CTD-2020K17.1","ENSG00000267121",88.0978744238458,-1.02372996332828,-1.11079121743579,0.216538268340789,-5.12976863603443,2.90098507719527e-07,9.52958038630875e-07,"Down in tumour"
"ENSG00000249278.1","RP11-688H10.1","ENSG00000249278",9.45437043073444,-1.09081182706097,-1.15515432681865,0.225622984537987,-5.11984330490125,3.05789628135475e-07,1.00190268327851e-06,"Down in tumour"
"ENSG00000185101.12","ANO9","ENSG00000185101",207.893064252095,-1.13068546194343,-1.23177621745319,0.240640303495779,-5.11874444787176,3.07576392117782e-07,1.00675699176241e-06,"Down in tumour"
"ENSG00000261499.2","CH17-260O16.1","ENSG00000261499",11.6987060074345,1.19783617713449,1.23065639539623,0.240614038194727,5.11464918933895,3.14324576469016e-07,1.02748577077642e-06,"Up in tumour"
"ENSG00000278715.1","SNORD116-20","ENSG00000278715",18.4894631971927,-1.08402194059922,-1.1860551008584,0.23226092698131,-5.10656319284321,3.28070929457221e-07,1.06977066009008e-06,"Down in tumour"
"ENSG00000239218.2","RPS20P22","ENSG00000239218",23.5873279745346,-1.09721046193575,-1.19909569458678,0.234839592397082,-5.10602016613651,3.2901459391691e-07,1.07231777661739e-06,"Down in tumour"
"ENSG00000165376.10","CLDN2","ENSG00000165376",665.514179745289,-1.20016935853722,-1.34572999451616,0.263719176986564,-5.10289016480862,3.34505161272739e-07,1.08806255662635e-06,"Down in tumour"
"ENSG00000135426.15","TESPA1","ENSG00000135426",47.1855810206294,-1.02196595668104,-1.10988946971291,0.217600615940781,-5.10058055173411,3.38613229685283e-07,1.10015949690755e-06,"Down in tumour"
"ENSG00000101311.15","FERMT1","ENSG00000101311",59.4781632347968,1.23066610744388,1.34144349440075,0.263029784754517,5.09996803461897,3.39710847567143e-07,1.10336344041622e-06,"Up in tumour"
"ENSG00000140937.13","CDH11","ENSG00000140937",234.17338904807,1.05627092474804,1.13569720403131,0.222791240787901,5.09758462682337,3.4401463914792e-07,1.11642593091569e-06,"Up in tumour"
"ENSG00000158560.14","DYNC1I1","ENSG00000158560",80.9859764018291,1.20963006314239,1.29818507052833,0.25474765247746,5.09596480243599,3.46969594172532e-07,1.12528415813429e-06,"Up in tumour"
"ENSG00000179840.5","PIK3CD-AS1","ENSG00000179840",11.892587735899,-1.15497436618373,-1.2741631364803,0.250134666322065,-5.0939086341584,3.50755850337323e-07,1.13681194460892e-06,"Down in tumour"
"ENSG00000184254.16","ALDH1A3","ENSG00000184254",99.4145850832528,-1.13417171362257,-1.25121320296104,0.245707909259278,-5.09227890438286,3.53785158042361e-07,1.14587950141261e-06,"Down in tumour"
"ENSG00000273328.5","RP11-141M3.6","ENSG00000273328",89.3224858118574,-1.15326530579746,-1.28469605127884,0.25238542805795,-5.09021483991486,3.57658057166137e-07,1.1578550744994e-06,"Down in tumour"
"ENSG00000249050.1","RP11-375N15.1","ENSG00000249050",65.9110983686042,-1.32650320421226,-1.51688624694538,0.298308529122658,-5.08495768259336,3.6770804400468e-07,1.18883458265022e-06,"Down in tumour"
"ENSG00000280390.1","AC010872.1","ENSG00000280390",132.121065587624,-1.09123600310138,-1.17323590847615,0.230751309830872,-5.08441711267455,3.68756758633614e-07,1.19203046278542e-06,"Down in tumour"
"ENSG00000140459.17","CYP11A1","ENSG00000140459",61.0672461139748,-1.24114584080544,-1.38794036657422,0.273664098298981,-5.07169327361998,3.94291538862224e-07,1.27063048334419e-06,"Down in tumour"
"ENSG00000143278.3","F13B","ENSG00000143278",1382.62634696576,-1.31570487042541,-1.45744654108453,0.287554300080973,-5.06842200125029,4.01127294448653e-07,1.29160770115864e-06,"Down in tumour"
"ENSG00000176919.11","C8G","ENSG00000176919",1173.4556215573,-1.08752074195338,-1.1739726305078,0.231706660982194,-5.06663306756649,4.04913728055457e-07,1.30337573904727e-06,"Down in tumour"
"ENSG00000110811.19","P3H3","ENSG00000110811",79.765828458928,-1.0294279202133,-1.11099913467549,0.219398516432964,-5.06384068925527,4.10893058361984e-07,1.32133327443684e-06,"Down in tumour"
"ENSG00000207279.1","SNORD116-24","ENSG00000207279",34.2642175684772,-1.00214785367682,-1.09187883291257,0.215731117969045,-5.06129501942898,4.16418278133427e-07,1.33801411998294e-06,"Down in tumour"
"ENSG00000236824.2","BCYRN1","ENSG00000236824",64.4134122564131,1.07561403756668,1.15478051880612,0.228232307164407,5.05967158266632,4.19979207782502e-07,1.34874472251228e-06,"Up in tumour"
"ENSG00000178772.6","CPN2","ENSG00000178772",2033.44222066368,-1.18774820541924,-1.29215405121819,0.255688197137548,-5.05363198490963,4.33486508451037e-07,1.38812465001964e-06,"Down in tumour"
"ENSG00000273983.1","HIST1H3G","ENSG00000273983",44.449152257014,1.07640378496264,1.15742120886416,0.229121717555394,5.05155609521973,4.38225195818785e-07,1.40261825692775e-06,"Up in tumour"
"ENSG00000281383.1","CH507-513H4.5","ENSG00000281383",560.526385846919,-1.12684040698524,-1.22512172334508,0.242779414422906,-5.04623394968324,4.50603609887557e-07,1.43954179681078e-06,"Down in tumour"
"ENSG00000162896.5","PIGR","ENSG00000162896",1692.00226406678,-1.1944305679235,-1.32084213627947,0.261862103520587,-5.04403698939823,4.55811125469909e-07,1.45528401727625e-06,"Down in tumour"
"ENSG00000108405.3","P2RX1","ENSG00000108405",36.5795182665607,-1.08195672880119,-1.18809663212343,0.235879673511851,-5.03687585468755,4.73191459358638e-07,1.50722216850427e-06,"Down in tumour"
"ENSG00000280179.1","CH507-42P11.6","ENSG00000280179",106.811655094716,-1.10599821542745,-1.19830246070503,0.238136028095777,-5.03200826135841,4.85368344012926e-07,1.54302853084611e-06,"Down in tumour"
"ENSG00000201185.1","RNA5SP202","ENSG00000201185",88.1728251211038,-1.39847801679619,-1.58848990078308,0.315770189038164,-5.03052522349122,4.89138029277408e-07,1.55401428787925e-06,"Down in tumour"
"ENSG00000248705.1","AC114812.10","ENSG00000248705",41.3531639260939,-1.01162601135515,-1.09181562458114,0.217256165935807,-5.02547589329979,5.02185649917236e-07,1.592910347566e-06,"Down in tumour"
"ENSG00000227802.1","DNAJB3","ENSG00000227802",206.289624850074,-1.07922577195313,-1.1677557540276,0.232558270689792,-5.02134691044924,5.13103908178136e-07,1.62571884977907e-06,"Down in tumour"
"ENSG00000233254.1","RPL21P134","ENSG00000233254",13.6284752232186,1.05498655403012,1.05707140891725,0.210565812290786,5.02014737063515,5.16318523588562e-07,1.63538046685684e-06,"Up in tumour"
"ENSG00000275144.1","SNX18P5","ENSG00000275144",76.8104601880929,-1.11777119572614,-1.19918005811321,0.23888488882919,-5.01990755459906,5.16963525650598e-07,1.63716145011236e-06,"Down in tumour"
"ENSG00000207174.1","SNORD116-15","ENSG00000207174",31.3874611723942,-1.11213356129144,-1.22047421763143,0.243453517267256,-5.01317143137279,5.35401552738081e-07,1.69095307696583e-06,"Down in tumour"
"ENSG00000169676.5","DRD5","ENSG00000169676",19.7551976896239,-1.00718720308075,-1.07741988381093,0.215286123849623,-5.00459511530574,5.59795661650985e-07,1.76349443435587e-06,"Down in tumour"
"ENSG00000279232.2","CTC-463N11.4","ENSG00000279232",52.4632020377589,-1.01353193080726,-1.09976088052737,0.219986211384792,-4.99922642244023,5.75607783407859e-07,1.81071278718877e-06,"Down in tumour"
"ENSG00000261226.1","RP11-830F9.7","ENSG00000261226",14.4293784205795,-1.03704446099828,-1.12645105703639,0.225466258499327,-4.99609593264153,5.85025661903815e-07,1.83946194218621e-06,"Down in tumour"
"ENSG00000105717.13","PBX4","ENSG00000105717",26.2041637955426,-1.14371101323998,-1.25437821602674,0.251806607092769,-4.98151430778228,6.30886187039479e-07,1.97456203353453e-06,"Down in tumour"
"ENSG00000006611.15","USH1C","ENSG00000006611",72.6672817441934,-1.39247203686097,-1.82735643231995,0.366897414900401,-4.9805650247386,6.33988952353801e-07,1.98364580049617e-06,"Down in tumour"
"ENSG00000123561.14","SERPINA7","ENSG00000123561",1548.42214970883,-1.319791131239,-1.46889272904649,0.294963219246403,-4.97991828540298,6.36111260408394e-07,1.98965710765856e-06,"Down in tumour"
"ENSG00000181215.14","C4orf50","ENSG00000181215",19.3919499351142,-1.13793938730655,-1.25860285414073,0.252851416484032,-4.97763813880085,6.43648438517919e-07,2.0116427512372e-06,"Down in tumour"
"ENSG00000198610.10","AKR1C4","ENSG00000198610",1416.53723638705,-1.16275183038378,-1.27926768608132,0.257163776489749,-4.97452519768978,6.54077563686191e-07,2.0423027635338e-06,"Down in tumour"
"ENSG00000167077.12","MEI1","ENSG00000167077",63.2694796268458,-1.06273826734135,-1.17224693668568,0.236910375737516,-4.94806077208061,7.49565083864134e-07,2.32359306263474e-06,"Down in tumour"
"ENSG00000131459.12","GFPT2","ENSG00000131459",96.8162779277419,-1.25210844903292,-1.42955820371543,0.289395751705563,-4.93980369542499,7.82012585299151e-07,2.41849610950408e-06,"Down in tumour"
"ENSG00000271880.1","AGAP11","ENSG00000271880",22.1466637328187,-1.53491478243262,-1.8702064918414,0.378661646605932,-4.93899107185708,7.85278073573515e-07,2.42821573351673e-06,"Down in tumour"
"ENSG00000167105.7","TMEM92","ENSG00000167105",50.2124875320138,-1.18903105612552,-1.32939988720143,0.269370711021414,-4.93520576962709,8.00663003985661e-07,2.4742424415126e-06,"Down in tumour"
"ENSG00000144810.15","COL8A1","ENSG00000144810",215.529615237128,1.08065476344348,1.17059167936563,0.237383420392625,4.93122762082335,8.17144490126711e-07,2.52202415298269e-06,"Up in tumour"
"ENSG00000152969.17","JAKMIP1","ENSG00000152969",40.0033098483101,-1.01164700155032,-1.09292068158695,0.221709510176763,-4.92951646826331,8.24333870257895e-07,2.54064781906174e-06,"Down in tumour"
"ENSG00000182183.14","FAM159A","ENSG00000182183",18.3855279498218,-1.02483198794183,-1.11430465389151,0.226078565646746,-4.92883812626732,8.27200742254352e-07,2.54908676497593e-06,"Down in tumour"
"ENSG00000255398.2","HCAR3","ENSG00000255398",19.5127146138475,-1.0716758573018,-1.16872949780723,0.237562257955816,-4.91967666860869,8.66872928670732e-07,2.66552383922814e-06,"Down in tumour"
"ENSG00000283239.1","KBTBD11-OT1","ENSG00000283239",67.9741719827929,-1.21983754872842,-1.38402315291088,0.281356199245633,-4.9191137661857,8.69369319142027e-07,2.67113116016426e-06,"Down in tumour"
"ENSG00000134184.12","GSTM1","ENSG00000134184",626.196812615474,-1.14399023271548,-1.23289936297785,0.250634127653581,-4.91912005168718,8.69341405675276e-07,2.67113116016426e-06,"Down in tumour"
"ENSG00000188338.14","SLC38A3","ENSG00000188338",4057.00848575653,-1.21364577152205,-1.34494908155454,0.273522471614609,-4.91714290827833,8.7816445408627e-07,2.69647983861768e-06,"Down in tumour"
"ENSG00000112379.8","ARFGEF3","ENSG00000112379",286.524163289986,1.23671814489374,1.36768131422422,0.278288912082399,4.91460943948517,8.89596215271704e-07,2.72861891970755e-06,"Up in tumour"
"ENSG00000241111.1","PRICKLE2-AS1","ENSG00000241111",18.6667706670065,-1.18362048570832,-1.29235592301931,0.262964809670853,-4.91455843326309,8.89827835527189e-07,2.728906468638e-06,"Down in tumour"
"ENSG00000179399.14","GPC5","ENSG00000179399",47.8836511279584,-1.28717116991734,-1.47877104879505,0.300902643078291,-4.91445018118466,8.9031960275518e-07,2.72956875733167e-06,"Down in tumour"
"ENSG00000084453.16","SLCO1A2","ENSG00000084453",449.023612523129,-1.04170650730186,-1.13216577690508,0.231188149065446,-4.89716182028249,9.72307667781608e-07,2.96668501131515e-06,"Down in tumour"
"ENSG00000050730.15","TNIP3","ENSG00000050730",15.6345645084689,-1.1331395576981,-1.2424090927337,0.253870960778167,-4.89386060117101,9.88768873675101e-07,3.01180398840432e-06,"Down in tumour"
"ENSG00000138795.9","LEF1","ENSG00000138795",80.8399875941245,1.02250801793853,1.10326616989434,0.225627428904863,4.88976972015019,1.00954008104527e-06,3.06846235014265e-06,"Up in tumour"
"ENSG00000270720.1","RP11-84C13.2","ENSG00000270720",10.2761305807144,-1.10080073882328,-1.16034007121413,0.237356847489793,-4.88858898947089,1.01561286183638e-06,3.0854989062667e-06,"Down in tumour"
"ENSG00000270106.5","TSNAX-DISC1","ENSG00000270106",35.9968149326203,1.59458669916216,1.99744900078166,0.408889542810318,4.88505767854343,1.03398580523042e-06,3.13602222539469e-06,"Up in tumour"
"ENSG00000130829.17","DUSP9","ENSG00000130829",72.9201707665844,1.31297897597509,1.40370006130237,0.287511009962073,4.8822480276061,1.04883216023038e-06,3.17861505855762e-06,"Up in tumour"
"ENSG00000260802.1","LINC00890","ENSG00000260802",201.11670715141,-1.48001718299638,-1.94269388688871,0.398546139953434,-4.87445164345512,1.09111107282389e-06,3.29916918185202e-06,"Down in tumour"
"ENSG00000105366.15","SIGLEC8","ENSG00000105366",19.3464752138198,-1.16500790991799,-1.30259252231683,0.267406050846009,-4.87121558467259,1.10913736878542e-06,3.35111524047776e-06,"Down in tumour"
"ENSG00000205277.9","MUC12","ENSG00000205277",36.8030183451538,-1.09706924141875,-1.20959366476842,0.248628695315928,-4.86506058052313,1.14421754789539e-06,3.44875182306639e-06,"Down in tumour"
"ENSG00000227225.1","MTND1P14","ENSG00000227225",31.5740928991919,-1.07583207127868,-1.17061599491706,0.240617137702056,-4.86505660443264,1.14424055080468e-06,3.44875182306639e-06,"Down in tumour"
"ENSG00000132677.12","RHBG","ENSG00000132677",453.425568276218,-1.29896809664799,-1.59249643054739,0.327573890701038,-4.86148766966532,1.16506838873892e-06,3.50618802163743e-06,"Down in tumour"
"ENSG00000215861.5","WI2-1896O14.1","ENSG00000215861",35.1925738602379,-1.0805436156864,-1.1854306879307,0.243913102940144,-4.86005332899892,1.1735413621495e-06,3.53114992110444e-06,"Down in tumour"
"ENSG00000100558.8","PLEK2","ENSG00000100558",94.3922480472375,-1.05962819860391,-1.15827252249352,0.238426151744575,-4.85799277477906,1.18581735655826e-06,3.56591961992671e-06,"Down in tumour"
"ENSG00000164825.3","DEFB1","ENSG00000164825",267.875024452837,-1.30318435453895,-1.56860513878088,0.323107996970433,-4.85473944776558,1.20545133051666e-06,3.62056536056475e-06,"Down in tumour"
"ENSG00000279314.1","RP1-257C22.2","ENSG00000279314",13.4728522827705,-1.04156460116773,-1.07961004092916,0.222379295778262,-4.85481365138263,1.20500004309568e-06,3.62056536056475e-06,"Down in tumour"
"ENSG00000281028.1","RP11-717K11.2","ENSG00000281028",50.7956184249895,1.5003502106866,1.65186002372197,0.340260060161405,4.85469855891518,1.20570007552919e-06,3.62075885221503e-06,"Up in tumour"
"ENSG00000275392.1","RP11-164O23.8","ENSG00000275392",45.3727705310442,-1.17836616063868,-1.29820548584305,0.267503703419619,-4.85303743180937,1.21584730685272e-06,3.65012372888455e-06,"Down in tumour"
"ENSG00000264982.1","RP11-344B2.2","ENSG00000264982",40.0518542376053,-1.21549906665908,-1.33659365278212,0.275651975550065,-4.84884481642094,1.24182519057373e-06,3.72190278573983e-06,"Down in tumour"
"ENSG00000151892.14","GFRA1","ENSG00000151892",790.609585291949,-1.14707324957045,-1.27083082929208,0.262134910985179,-4.84800297875596,1.24710528850068e-06,3.73659627237268e-06,"Down in tumour"
"ENSG00000256947.1","RP11-64D24.2","ENSG00000256947",11.7611202408359,-1.10291688268553,-1.19453868308094,0.247046899657545,-4.83527089284179,1.3296443725008e-06,3.96828272993189e-06,"Down in tumour"
"ENSG00000243135.6","UGT1A3","ENSG00000243135",650.134298467306,-1.1159464458834,-1.22629966390241,0.253967361917303,-4.82857188673607,1.37515691767e-06,4.09978624362741e-06,"Down in tumour"
"ENSG00000237417.1","XRCC6P1","ENSG00000237417",17.8975510752452,-1.04022725601505,-1.13802149501575,0.235769199564803,-4.82684547903787,1.38712662640945e-06,4.13298168245104e-06,"Down in tumour"
"ENSG00000174123.10","TLR10","ENSG00000174123",27.1402314670075,-1.05994429922159,-1.16209366849133,0.241041804504503,-4.82112914347033,1.42747901956127e-06,4.24171929652847e-06,"Down in tumour"
"ENSG00000260807.6","RP11-161M6.2","ENSG00000260807",16.2498913155496,-1.098720668218,-1.20434332549006,0.250110275857651,-4.81524927898407,1.47016247069887e-06,4.36134978755137e-06,"Down in tumour"
"ENSG00000261286.1","RP11-517C16.2","ENSG00000261286",13.9582629209088,-1.02968003939353,-1.12444110026569,0.233912979259666,-4.80709152533794,1.53141892005333e-06,4.53559399739871e-06,"Down in tumour"
"ENSG00000277775.1","HIST1H3F","ENSG00000277775",39.6597005460516,1.06007163520099,1.15032680481171,0.23931880082928,4.80667127206734,1.53464016287061e-06,4.54445433029592e-06,"Up in tumour"
"ENSG00000280634.1","THRIL","ENSG00000280634",21.1485655043631,1.17450884816032,1.21828351006943,0.253459363598177,4.80662261900431,1.53501350922219e-06,4.5448799383747e-06,"Up in tumour"
"ENSG00000282278.1","RP11-231C18.3","ENSG00000282278",46.1136717696859,-1.30927924081291,-1.5288795438393,0.319482008566334,-4.78549496636791,1.70566461328789e-06,5.02085361255313e-06,"Down in tumour"
"ENSG00000229920.2","RPS4XP5","ENSG00000229920",56.3059972972454,-1.04858925941269,-1.14926172328128,0.240853999823745,-4.77161153280536,1.82757732072675e-06,5.35582438690324e-06,"Down in tumour"
"ENSG00000283029.1","RN7SL1","ENSG00000283029",3875.52816877548,-1.11243130557321,-1.22342081001052,0.256641853013918,-4.76703544508844,1.86956429069167e-06,5.46753634835405e-06,"Down in tumour"
"ENSG00000109072.13","VTN","ENSG00000109072",37621.7177233342,-1.05504495701186,-1.1479734572068,0.24085638449963,-4.76621560018709,1.877183863268e-06,5.48738741776155e-06,"Down in tumour"
"ENSG00000227733.9","RP4-565E6.1","ENSG00000227733",67.2724431016811,1.16126495798234,1.24729768302158,0.262752862622951,4.7470374654355,2.06417728107894e-06,6.00739022561322e-06,"Up in tumour"
"ENSG00000058085.14","LAMC2","ENSG00000058085",140.050834387108,-1.23520138876778,-1.4225885973814,0.300309686614216,-4.73707196534386,2.1682818424071e-06,6.29186373065e-06,"Down in tumour"
"ENSG00000185269.11","NOTUM","ENSG00000185269",523.164566927686,-1.23295714639425,-1.49839358079904,0.316431432701354,-4.73528678237606,2.18745565524534e-06,6.34564118192453e-06,"Down in tumour"
"ENSG00000280614.1","CH507-513H4.4","ENSG00000280614",97340.2054738775,-1.00311331246158,-1.09127153161859,0.230972385465381,-4.72468398947262,2.30473467594057e-06,6.65950561180901e-06,"Down in tumour"
"ENSG00000280800.1","CH507-513H4.6","ENSG00000280800",97340.2054738775,-1.00311331246158,-1.09127153161859,0.230972385465381,-4.72468398947262,2.30473467594057e-06,6.65950561180901e-06,"Down in tumour"
"ENSG00000281181.1","CH507-513H4.3","ENSG00000281181",97340.2054738775,-1.00311331246158,-1.09127153161859,0.230972385465381,-4.72468398947262,2.30473467594057e-06,6.65950561180901e-06,"Down in tumour"
"ENSG00000115009.11","CCL20","ENSG00000115009",116.195139775894,1.21541840776154,1.34424240851379,0.28492093651141,4.71794886319265,2.38234353679932e-06,6.86571427254935e-06,"Up in tumour"
"ENSG00000170961.6","HAS2","ENSG00000170961",53.3370074109892,-1.24299311269533,-1.43477681166581,0.30514854289568,-4.70189632252745,2.57756377597994e-06,7.39280101694985e-06,"Down in tumour"
"ENSG00000146242.8","TPBG","ENSG00000146242",55.073590184824,-1.10448199451881,-1.24309045360836,0.265051395356525,-4.68999777170105,2.73208024170514e-06,7.80769047416544e-06,"Down in tumour"
"ENSG00000237484.5","LINC01684","ENSG00000237484",13.5685561942212,-1.04888639851215,-1.1561456277422,0.24729590080637,-4.67515079696953,2.93737700493179e-06,8.358180428208e-06,"Down in tumour"
"ENSG00000165828.14","PRAP1","ENSG00000165828",1791.56256203511,-1.03786010573031,-1.14606123271247,0.245347134571359,-4.67118246444869,2.99470767219477e-06,8.50663733578518e-06,"Down in tumour"
"ENSG00000211452.10","DIO1","ENSG00000211452",780.149267262436,-1.05183281606766,-1.18946841714362,0.25501980250372,-4.66421981926784,3.09790094615607e-06,8.78589388555194e-06,"Down in tumour"
"ENSG00000148346.11","LCN2","ENSG00000148346",349.916167285062,1.20005971025786,1.34125114237149,0.288178963479928,4.65422987915255,3.25193840548168e-06,9.19903056448462e-06,"Up in tumour"
"ENSG00000123838.10","C4BPA","ENSG00000123838",10641.4049240001,-1.08875681757754,-1.2031504304797,0.258698172232592,-4.65078829160787,3.3066864614244e-06,9.34855665347423e-06,"Down in tumour"
"ENSG00000137561.4","TTPA","ENSG00000137561",811.176390543459,-1.06039313559806,-1.16891220507971,0.252460069775844,-4.6300874673669,3.65511301703237e-06,1.02690776360712e-05,"Down in tumour"
"ENSG00000122121.10","XPNPEP2","ENSG00000122121",325.583326153816,-1.29859207720543,-1.5205628125898,0.328703909555887,-4.62593467368318,3.72912832435307e-06,1.04681090517544e-05,"Down in tumour"
"ENSG00000284543.1","LINC01226","ENSG00000284543",25.3416187510309,1.0035921303971,1.08211794793767,0.233925740136106,4.62590370477426,3.72968564391568e-06,1.04681888754996e-05,"Up in tumour"
"ENSG00000117983.17","MUC5B","ENSG00000117983",1233.54670581514,-1.09111516264139,-1.23905381387659,0.268231684487587,-4.61934173154673,3.84959387468846e-06,1.07894380574496e-05,"Down in tumour"
"ENSG00000163581.13","SLC2A2","ENSG00000163581",6396.94230742606,-1.12338980145977,-1.24292510341371,0.269368923573805,-4.61421119750348,3.9459102914664e-06,1.10468744553033e-05,"Down in tumour"
"ENSG00000241119.1","UGT1A9","ENSG00000241119",998.88761947347,-1.2029247454734,-1.40821060056367,0.307279678130308,-4.5828302383423,4.58724442302717e-06,1.27075337809625e-05,"Down in tumour"
"ENSG00000155428.12","TRIM74","ENSG00000155428",23.9322223780477,-1.02590979934457,-1.13355228379674,0.248281255477683,-4.56559751808823,4.9807358690337e-06,1.373032103841e-05,"Down in tumour"
"ENSG00000205971.2","AC074389.6","ENSG00000205971",13.6791207108547,-1.05717105520255,-1.16787432273477,0.256613695914546,-4.55109895273741,5.33664406353073e-06,1.46705827707589e-05,"Down in tumour"
"ENSG00000101187.15","SLCO4A1","ENSG00000101187",45.5770350427759,-1.00928509637328,-1.12509909189856,0.247527648633611,-4.54534714852773,5.48447857230281e-06,1.50352194434335e-05,"Down in tumour"
"ENSG00000138079.13","SLC3A1","ENSG00000138079",131.626193330961,-1.00620518950112,-1.12126030875459,0.24772376695494,-4.52625245666697,6.0038851694037e-06,1.63706983273188e-05,"Down in tumour"
"ENSG00000113889.11","KNG1","ENSG00000113889",18887.393463673,-1.16071066955987,-1.30985760934671,0.290622437215571,-4.50707667961341,6.57268858238947e-06,1.78087919385674e-05,"Down in tumour"
"ENSG00000275152.4","CCL16","ENSG00000275152",561.182950743844,-1.08538691807085,-1.23524005972624,0.274700289588917,-4.49668277224881,6.90218490784521e-06,1.86555982358296e-05,"Down in tumour"
"ENSG00000136881.11","BAAT","ENSG00000136881",9828.25978378597,-1.00354975974727,-1.11275007184689,0.249515690922654,-4.45963966327002,8.20975615968055e-06,2.19766978183064e-05,"Down in tumour"
"ENSG00000251074.1","RP11-1267H10.3","ENSG00000251074",13.737984690746,-1.05793472908533,-1.17858755427181,0.264295307172654,-4.45935861245498,8.22052797680244e-06,2.19980173653496e-05,"Down in tumour"
"ENSG00000167767.13","KRT80","ENSG00000167767",46.6095301411434,-1.07205397939371,-1.22027292259516,0.274311296681319,-4.44849678944432,8.6473341515063e-06,2.30856062666259e-05,"Down in tumour"
"ENSG00000213424.8","KRT222","ENSG00000213424",22.1562968959346,-1.10561407377777,-1.24904218298838,0.281175488463339,-4.44221574865774,8.90372154657225e-06,2.37220838028408e-05,"Down in tumour"
"ENSG00000129988.5","LBP","ENSG00000129988",3211.52486018753,-1.02527562370339,-1.14556232503933,0.258316678740585,-4.43472071034858,9.21917278150817e-06,2.45163357334934e-05,"Down in tumour"
"ENSG00000224287.2","MSL3P1","ENSG00000224287",25.3999666542911,1.23893221776128,1.31790318577395,0.297322441297848,4.43257219341112,9.31155090309728e-06,2.47453715124872e-05,"Up in tumour"
"ENSG00000186265.9","BTLA","ENSG00000186265",26.6797622035902,-1.04182880829627,-1.19102591256634,0.269801406823761,-4.41445404821162,1.01265222199457e-05,2.67745463931853e-05,"Down in tumour"
"ENSG00000256966.6","RP11-613M10.8","ENSG00000256966",21.7225410616166,1.34224940975641,1.50848003034714,0.342096393206478,4.40951749361669,1.03601189776734e-05,2.73337556551706e-05,"Up in tumour"
"ENSG00000177301.14","KCNA2","ENSG00000177301",23.9607325292237,-1.10993107292632,-1.27905399048861,0.291781285422236,-4.3836053043556,1.16731183022834e-05,3.057782299591e-05,"Down in tumour"
"ENSG00000124107.5","SLPI","ENSG00000124107",315.980469216763,-1.03560247918896,-1.27461750655523,0.290793604800066,-4.38323775184665,1.16928383954235e-05,3.06213747500156e-05,"Down in tumour"
"ENSG00000145934.16","TENM2","ENSG00000145934",248.814711388629,-1.10805670641602,-1.27305609882756,0.293311931193166,-4.34028064814439,1.42300855187749e-05,3.68226019967463e-05,"Down in tumour"
"ENSG00000267520.2","RP11-373L24.1","ENSG00000267520",104.285921414747,-1.0741882553536,-1.21539000475349,0.280271027579245,-4.33648106709796,1.44781891439608e-05,3.74108091026653e-05,"Down in tumour"
"ENSG00000107807.12","TLX1","ENSG00000107807",38.0644537745129,1.04704177285578,1.14809488056662,0.264881134411157,4.33437769405092,1.46173027345494e-05,3.77505575450074e-05,"Up in tumour"
"ENSG00000108602.17","ALDH3A1","ENSG00000108602",296.944008770484,1.29295299411195,1.57154984095087,0.364059192737567,4.3167426404852,1.58348600211735e-05,4.07249719853283e-05,"Up in tumour"
"ENSG00000260537.2","RP11-529K1.3","ENSG00000260537",24.0171179587289,1.28348424657394,1.7377413645791,0.417730309511112,4.15995996702478,3.18303381098045e-05,7.85558456617656e-05,"Up in tumour"
"ENSG00000068781.21","STON1-GTF2A1L","ENSG00000068781",21.6202331803652,-1.1167008963422,-1.223746539234,0.294248995889079,-4.15888093529913,3.19810537433875e-05,7.8898292003349e-05,"Down in tumour"
"ENSG00000166104.14","RP11-299H22.3","ENSG00000166104",53.83002206686,-1.07944255409685,-1.36182590094171,0.333651137738505,-4.08158626454024,4.47293697029276e-05,0.000108006394355258,"Down in tumour"
"ENSG00000276911.1","RP4-608O15.3","ENSG00000276911",1622.65625197363,-1.07395447577105,-1.25551661869009,0.312759302640478,-4.01432222188234,5.96168578582098e-05,0.000141384671409963,"Down in tumour"
"ENSG00000137673.8","MMP7","ENSG00000137673",274.443006611076,-1.05974245862238,-1.42723375398846,0.360521443498417,-3.95880405930618,7.53260010093315e-05,0.00017596217844656,"Down in tumour"
"ENSG00000279119.1","CTB-58E17.10","ENSG00000279119",13.012442682802,1.00332800833399,1.07012251966401,0.27210494787854,3.9327565632569,8.39772720745753e-05,0.00019426860053437,"Up in tumour"
"ENSG00000263424.1","CTD-2541J13.2","ENSG00000263424",31.6845416117038,-1.02672389442561,-1.14780867116581,0.297352585536742,-3.86009312511589,0.00011334382128296,0.000257124842940244,"Down in tumour"
"ENSG00000226065.1","ZBTB45P2","ENSG00000226065",38.7308236941059,-1.01348108711344,-1.30990334881219,0.339909265963178,-3.85368532128835,0.000116353119859536,0.000263468401942545,"Down in tumour"
"ENSG00000165300.7","SLITRK5","ENSG00000165300",68.4760528257658,1.10882523502272,1.26614661868346,0.328883927520925,3.84982819995939,0.000118200703356143,0.000267315644598737,"Up in tumour"
"ENSG00000273294.1","C1QTNF3-AMACR","ENSG00000273294",46.9186114939417,1.08598828783146,1.39029672291063,0.40680242056099,3.41762155936383,0.000631708771988205,0.00127520772299465,"Up in tumour"
