"Cluster","ID","Description","GeneRatio","BgRatio","RichFactor","FoldEnrichment","oddsRatio","zScore","pvalue","p.adjust","qvalue","geneID","Count"
"Up in tumour","GO:0000280","nuclear division","73/461","338/13463",0.215976331360947,6.30735216727207,9.04299747130908,18.60744633263,2.72363405935188e-38,9.02612327269214e-35,9.02612327269214e-35,"NCAPG2/TPX2/CENPI/KIF23/CHEK1/SMC4/PLK1/UBE2C/KIF15/AURKA/TUBG1/KIF2C/BUB1/MZT1/PTTG1/KIF18B/UBE2S/DYNC1I1/CENPK/RACGAP1/CENPE/SPC24/HASPIN/NEK2/TOP2A/BIRC5/AURKB/FBXO43/SGO2/PRC1/KIFC1/TRIP13/TTK/NDC80/CDC20/EME1/PKMYT1/MKI67/ANLN/ZWINT/KIF11/CENPF/BUB1B/SPAG5/KNL1/PSRC1/KIF14/NUF2/NUSAP1/TDRKH/CCNB1/BORA/CDCA8/KIF18A/RAD51/DLGAP5/KIF4A/FANCD2/CDK1/ESPL1/CDT1/SPDL1/SGO1/CDCA2/UHRF1/NCAPG/FIGNL1/TESMIN/RAD51AP1/MAD2L1/SKA3/RAD54L/NCAPH",73
"Up in tumour","GO:0007059","chromosome segregation","72/461","370/13463",0.194594594594595,5.68292196752067,7.89054709201015,17.1988090259371,1.36681188240678e-34,1.13410564533744e-31,1.13410564533744e-31,"NCAPG2/TPX2/CENPI/KIF23/HJURP/STIL/SMC4/PLK1/UBE2C/KIF15/TUBG1/KIF2C/SACK1D/ECT2/BUB1/MZT1/CDC6/CENPQ/PTTG1/KIF18B/DYNC1I1/CENPK/RACGAP1/CENPE/SPC24/HASPIN/BRCA1/NEK2/TOP2A/BIRC5/CENPW/CENPL/AURKB/SGO2/PRC1/KIFC1/TRIP13/TTK/NDC80/CENPM/CDC20/MKI67/ZWINT/KIF11/CENPF/BUB1B/SPAG5/KNL1/PSRC1/KIF14/NUF2/CENPH/NUSAP1/CCNB1/CDCA8/KIF18A/DLGAP5/KIF4A/FANCD2/CDK1/ESPL1/CDT1/SPDL1/SGO1/CDCA2/UHRF1/NCAPG/CENPU/MAD2L1/SKA3/RMI2/NCAPH",72
"Up in tumour","GO:0140014","mitotic nuclear division","61/461","256/13463",0.23828125,6.95874288232104,10.0157307692308,18.1247787933884,1.36886619835539e-34,1.13410564533744e-31,1.13410564533744e-31,"NCAPG2/TPX2/CENPI/KIF23/CHEK1/SMC4/PLK1/UBE2C/KIF15/AURKA/TUBG1/KIF2C/BUB1/MZT1/KIF18B/UBE2S/DYNC1I1/CENPK/RACGAP1/CENPE/SPC24/HASPIN/NEK2/BIRC5/AURKB/FBXO43/PRC1/KIFC1/TRIP13/TTK/NDC80/CDC20/PKMYT1/MKI67/ANLN/ZWINT/KIF11/CENPF/BUB1B/SPAG5/KNL1/PSRC1/KIF14/NUF2/NUSAP1/CCNB1/BORA/CDCA8/KIF18A/DLGAP5/KIF4A/CDK1/ESPL1/CDT1/SPDL1/CDCA2/UHRF1/NCAPG/MAD2L1/SKA3/NCAPH",61
"Up in tumour","GO:0098813","nuclear chromosome segregation","62/461","269/13463",0.230483271375465,6.73101145884573,9.60480912425992,17.8780172462447,2.98965609542591e-34,1.9815440600483e-31,1.9815440600483e-31,"NCAPG2/TPX2/CENPI/KIF23/SMC4/PLK1/UBE2C/KIF15/TUBG1/KIF2C/SACK1D/ECT2/BUB1/MZT1/CDC6/CENPQ/PTTG1/KIF18B/DYNC1I1/CENPK/RACGAP1/CENPE/SPC24/HASPIN/NEK2/TOP2A/BIRC5/AURKB/SGO2/PRC1/KIFC1/TRIP13/TTK/NDC80/CDC20/ZWINT/KIF11/CENPF/BUB1B/SPAG5/KNL1/PSRC1/KIF14/NUF2/NUSAP1/CCNB1/CDCA8/KIF18A/DLGAP5/KIF4A/FANCD2/CDK1/ESPL1/CDT1/SPDL1/SGO1/UHRF1/NCAPG/MAD2L1/SKA3/RMI2/NCAPH",62
"Up in tumour","GO:0044770","cell cycle phase transition","74/461","478/13463",0.154811715481172,4.52110656295664,5.96267301148719,14.7595227595079,9.38559269330801e-29,3.88798177320284e-26,3.88798177320284e-26,"BARD1/CDKN2C/STIL/CHEK1/PLK1/MELK/UBE2C/CDC7/ORC1/EZH2/AURKA/CLSPN/SACK1D/FOXM1/TICRR/RFC4/MTBP/PRKDC/BUB1/DTL/CDC6/UBE2S/RRM2/DYNC1I1/E2F7/H2AX/CENPE/E2F1/CDKN3/CCNE2/SPC24/HASPIN/BRCA1/WDR76/NEK2/BIRC5/CCNF/BCAT1/AURKB/CCNB2/BLM/TRIP13/TTK/DBF4/NDC80/CDC20/CCNE1/EME1/PKMYT1/ANLN/ZWINT/CENPF/BUB1B/E2F3/KNL1/KIF14/NUF2/CCNB1/CDCA8/RAD51/CDC25A/CDKN2B/DLGAP5/CDKN2A/ATAD5/FANCD2/CDK1/ESPL1/CDT1/SPDL1/CDC45/MAD2L1/SKA3/CCNA2",74
"Up in tumour","GO:0090068","positive regulation of cell cycle process","47/461","205/13463",0.229268292682927,6.69552933707211,9.2287042132942,15.472916837928,5.53667236648748e-26,1.83485322225395e-23,1.83485322225395e-23,"NCAPG2/KIF23/STIL/SMC4/PLK1/UBE2C/CDC7/EZH2/AURKA/SACK1D/MTBP/ECT2/BUB1/DTL/CDC6/FEN1/RRM2/DYNC1I1/E2F7/RACGAP1/CCNE2/PLK4/BIRC5/AURKB/E2F8/DBF4/NDC80/CDC20/CCNE1/CIT/SPAG5/KNL1/KIF14/NUSAP1/CCNB1/LEF1/CDCA8/CDC25A/DLGAP5/ATAD5/CDK1/ESPL1/NCAPG/RAD51AP1/MAD2L1/SKA3/NCAPH",47
"Up in tumour","GO:0007346","regulation of mitotic cell cycle","65/461","428/13463",0.151869158878505,4.43517242078375,5.71510560146924,13.5992538967256,8.78283712960069e-25,2.23894786519205e-22,2.23894786519205e-22,"BARD1/CDKN2C/STIL/CHEK1/PLK1/UBE2C/CDC7/ORC1/AURKA/CLSPN/FOXM1/TICRR/MTBP/PRKDC/BUB1/DTL/CKS2/CDC6/RRM2/DYNC1I1/E2F7/CENPE/E2F1/CCNE2/SPC24/HASPIN/BRCA1/NEK2/BIRC5/AURKB/FBXO43/BLM/TRIP13/TTK/DBF4/NDC80/CDC20/CCNE1/EME1/PKMYT1/MKI67/ANLN/ZWINT/TP73/CENPF/BUB1B/KNL1/KIF14/NUF2/NUSAP1/CCNB1/BORA/CDCA8/CDC25A/CDKN2B/GMNN/DLGAP5/CDKN2A/FANCD2/CDK1/ESPL1/SPDL1/CDCA2/MAD2L1/SKA3",65
"Up in tumour","GO:0006334","nucleosome assembly","31/461","85/13463",0.364705882352941,10.6508357789971,17.2863049095607,16.8065653150209,3.71651354846045e-24,8.79751849971281e-22,8.79751849971281e-22,"H3C10/H3C15/H3C14/H2BC14/H2BC7/H4C4/H3C13/H2BC10/H1-2/H3C1/H1-5/H4C14/H4C9/H2AX/H2BC8/H4C1/H4C8/H2BC3/H3C7/H3C11/H3C8/H2BC21/H2BC11/H4C11/H4C15/H2BC15/H2BC9/ATAD2/HMGB2/H2BC13/ASF1B",31
"Up in tumour","GO:0051783","regulation of nuclear division","34/461","112/13463",0.303571428571429,8.86547102572048,13.1932985047739,15.7389959604395,2.27979711743487e-23,4.4442633218701e-21,4.4442633218701e-21,"CHEK1/PLK1/UBE2C/AURKA/BUB1/DYNC1I1/SPC24/HASPIN/NEK2/BIRC5/AURKB/FBXO43/TRIP13/TTK/NDC80/CDC20/PKMYT1/MKI67/ZWINT/CENPF/BUB1B/KNL1/NUF2/NUSAP1/CCNB1/BORA/CDCA8/DLGAP5/ESPL1/SPDL1/CDCA2/RAD51AP1/MAD2L1/SKA3",34
"Up in tumour","GO:0034728","nucleosome organization","32/461","98/13463",0.326530612244898,9.53596883438842,14.6200466200466,15.9691408712368,3.62128275136729e-23,6.32350360517437e-21,6.32350360517437e-21,"H3C10/H3C15/H3C14/H2BC14/H2BC7/H4C4/H3C13/H2BC10/H1-2/H3C1/H1-5/H4C14/H4C9/H2AX/H2BC8/H4C1/H4C8/H2BC3/H3C7/H3C11/H3C8/H2BC21/H2BC11/H4C11/HMGA1/H4C15/H2BC15/H2BC9/ATAD2/HMGB2/H2BC13/ASF1B",32
"Up in tumour","GO:0007088","regulation of mitotic nuclear division","33/461","106/13463",0.311320754716981,9.0917816068432,13.6556458840097,15.7486306421536,4.17389105680294e-23,6.91613748112248e-21,6.91613748112248e-21,"CHEK1/PLK1/UBE2C/AURKA/BUB1/DYNC1I1/SPC24/HASPIN/NEK2/BIRC5/AURKB/FBXO43/TRIP13/TTK/NDC80/CDC20/PKMYT1/MKI67/ZWINT/CENPF/BUB1B/KNL1/NUF2/NUSAP1/CCNB1/BORA/CDCA8/DLGAP5/ESPL1/SPDL1/CDCA2/MAD2L1/SKA3",33
"Up in tumour","GO:0006260","DNA replication","51/461","299/13463",0.17056856187291,4.98126800107372,6.3970692368214,13.1088093000501,7.16277207106446e-22,9.89059443479484e-20,9.89059443479484e-20,"MCM6/EXO1/BARD1/CHEK1/FAM111B/CDC7/GINS3/ORC1/GINS1/TICRR/MMS22L/RFC4/DTL/CDC6/FEN1/RECQL4/PCLAF/E2F7/BRCA1/MCM4/ORC6/E2F8/BLM/POLQ/TK1/GINS2/WDHD1/GINS4/DBF4/EME1/MSH2/RNASEH2A/TYMS/POLE2/TRAIP/MCM2/MCM10/MCM8/RAD51/CDC25A/CACYBP/GMNN/ATAD5/DSCC1/MCM3/CDK1/CDT1/ESCO2/CDC45/CCNA2/RMI2",51
"Up in tumour","GO:0051983","regulation of chromosome segregation","33/461","129/13463",0.255813953488372,7.47076628159209,10.3655081775701,13.9049848006063,3.95334110097799e-20,4.51771462366933e-18,4.51771462366933e-18,"NCAPG2/SMC4/PLK1/UBE2C/KIF2C/BUB1/CDC6/DYNC1I1/CENPE/SPC24/HASPIN/BIRC5/AURKB/TRIP13/TTK/NDC80/CDC20/ZWINT/CENPF/BUB1B/KNL1/NUF2/CCNB1/CDCA8/DLGAP5/CDK1/ESPL1/SPDL1/NCAPG/MAD2L1/SKA3/RMI2/NCAPH",33
"Up in tumour","GO:1902850","microtubule cytoskeleton organization involved in mitosis","34/461","149/13463",0.228187919463087,6.6639782206758,8.92287954383464,13.0906317980281,5.30617186243245e-19,5.4952042350316e-17,5.4952042350316e-17,"TPX2/KIF23/STIL/PLK1/KIF15/AURKA/TUBG1/MZT1/RACGAP1/CENPE/GJA1/BIRC5/AURKB/SAPCD2/PRC1/KIFC1/TTK/NDC80/KIF11/PSRC1/NUF2/CENPH/NUSAP1/CCNB1/BORA/CDCA8/DLGAP5/STMN1/KIF4A/CDK1/ESPL1/SPDL1/UHRF1/WDR62",34
"Up in tumour","GO:0050000","chromosome localization","29/461","108/13463",0.268518518518519,7.84178918614927,10.9812177684013,13.4418732155913,1.83532647114799e-18,1.68951997927346e-16,1.68951997927346e-16,"KIF2C/SACK1D/ECT2/CENPQ/RACGAP1/CENPE/SPC24/NEK2/BIRC5/AURKB/KIFC1/TTK/NDC80/ZWINT/CENPF/SPAG5/KNL1/PSRC1/KIF14/NUF2/CCNB1/CDCA8/KIF18A/DLGAP5/CDK1/CDT1/SPDL1/SGO1/SKA3",29
"Up in tumour","GO:0071459","protein localization to chromosome, centromeric region","18/461","33/13463",0.545454545454545,15.929402484717,35.1792325056433,16.1681959881891,1.95115447371758e-18,1.74760160159461e-16,1.74760160159461e-16,"H4C4/MTBP/CENPQ/H4C14/H4C9/HASPIN/H4C1/AURKB/H4C8/TTK/H2AC8/H2AC4/KNL1/H2BC11/H4C11/H4C15/CDK1/SPDL1",18
"Up in tumour","GO:0007094","mitotic spindle assembly checkpoint signaling","21/461","52/13463",0.403846153846154,11.7938845319539,19.9700146627566,14.6841574781187,7.71931896460334e-18,6.39545576217387e-16,6.39545576217387e-16,"PLK1/BUB1/DYNC1I1/SPC24/HASPIN/BIRC5/AURKB/TRIP13/TTK/NDC80/CDC20/ZWINT/CENPF/BUB1B/KNL1/NUF2/CCNB1/CDCA8/SPDL1/MAD2L1/SKA3",21
"Up in tumour","GO:0051321","meiotic cell cycle","36/461","198/13463",0.181818181818182,5.30980082823901,6.71372549019608,11.5036681027285,1.2092095336335e-16,7.03038665694989e-15,7.03038665694989e-15,"EXO1/SMC4/AURKA/TUBG1/MCMDC2/ASPM/PTTG1/H2AX/XRCC2/NEK2/TOP2A/FBXO43/SGO2/TRIP13/TTK/NDC80/CDC20/EME1/PKMYT1/MKI67/ZWINT/KNL1/NUF2/TDRKH/RAD51/CDC25A/FANCD2/ESPL1/SGO1/CDCA2/FIGNL1/TESMIN/RAD51AP1/SKA3/RAD54L/NCAPH",36
"Up in tumour","GO:0002227","innate immune response in mucosa","14/461","26/13463",0.538461538461538,15.7251793759386,33.9038031319911,14.1512982523824,1.66303575452228e-14,8.61140701638569e-13,8.61140701638569e-13,"H2BC14/H2BC7/H2BC10/H2BC5/H2BC8/H2BC17/H2BC12/H2BC3/H2BC18/H2BC21/H2BC11/H2BC15/H2BC9/H2BC13",14
"Up in tumour","GO:0070828","heterochromatin organization","31/461","189/13463",0.164021164021164,4.79005841912566,5.86052399175743,9.88043520690184,3.12099505539117e-13,1.47756823050948e-11,1.47756823050948e-11,"H2AC13/H3C10/H3C15/H3C14/H2AC16/MECOM/H2AC7/EZH2/H3C13/H1-2/SUV39H2/H3C1/H2AX/H2AC12/H2AC21/LMNB1/OIP5/HELLS/H3C7/H2AC8/H3C11/H2AC4/H3C8/CDKN2B-AS1/H2AC11/H2AC15/H2AZ1/CDK1/CBX2/UHRF1/H2AC17",31
"Up in tumour","GO:0045814","negative regulation of gene expression, epigenetic","31/461","204/13463",0.151960784313725,4.43784824124878,5.34613523323027,9.31636670967147,2.53440668578543e-12,1.08407035465266e-10,1.08407035465266e-10,"H2AC13/CHEK1/H3C10/H3C15/H3C14/H2AC16/H2AC7/EZH2/H3C13/H1-2/SUV39H2/H3C1/H2AX/H2AC12/H2AC21/BRCA1/LMNB1/OIP5/HELLS/H3C7/H2AC8/H3C11/H2AC4/H3C8/CDKN2B-AS1/H2AC11/H2AC15/H2AZ1/CBX2/UHRF1/H2AC17",31
"Up in tumour","GO:0031507","heterochromatin formation","29/461","179/13463",0.162011173184358,4.73135883857051,5.75166666666667,9.46300944168361,2.55152346598996e-12,1.08407035465266e-10,1.08407035465266e-10,"H2AC13/H3C10/H3C15/H3C14/H2AC16/H2AC7/EZH2/H3C13/H1-2/SUV39H2/H3C1/H2AX/H2AC12/H2AC21/LMNB1/OIP5/HELLS/H3C7/H2AC8/H3C11/H2AC4/H3C8/CDKN2B-AS1/H2AC11/H2AC15/H2AZ1/CBX2/UHRF1/H2AC17",29
"Up in tumour","GO:0002385","mucosal immune response","14/461","35/13463",0.4,11.6815618221258,19.3601789709172,11.9141561906659,3.00949407419853e-12,1.24668292023674e-10,1.24668292023674e-10,"H2BC14/H2BC7/H2BC10/H2BC5/H2BC8/H2BC17/H2BC12/H2BC3/H2BC18/H2BC21/H2BC11/H2BC15/H2BC9/H2BC13",14
"Up in tumour","GO:0019731","antibacterial humoral response","14/461","47/13463",0.297872340425532,8.69903539945539,12.3087248322148,9.95574800900317,3.03890127796642e-10,1.06009671949271e-08,1.06009671949271e-08,"H2BC14/H2BC7/H2BC10/H2BC5/H2BC8/H2BC17/H2BC12/H2BC3/H2BC18/H2BC21/H2BC11/H2BC15/H2BC9/H2BC13",14
"Up in tumour","GO:0006275","regulation of DNA replication","20/461","119/13463",0.168067226890756,4.90821925299404,5.91080876795163,8.06323948428285,3.48162142542844e-09,1.14238548553167e-07,1.14238548553167e-07,"MCM6/CDC7/TICRR/DTL/CDC6/E2F7/MCM4/E2F8/DBF4/MCM2/CDC25A/CACYBP/GMNN/ATAD5/DSCC1/MCM3/CDK1/CDT1/ESCO2/CCNA2",20
"Up in tumour","GO:0042770","signal transduction in response to DNA damage","24/461","180/13463",0.133333333333333,3.8938539407086,4.52244323182538,7.35978196898665,1.14809649011238e-08,3.58942619644569e-07,3.58942619644569e-07,"BARD1/CHEK1/PLK1/CDC7/CLSPN/FOXM1/TICRR/PRKDC/DTL/E2F7/H2AX/E2F1/BRCA1/WDR76/SOX4/BLM/DBF4/EME1/GTSE1/RAD51/PSMD10/CDKN2A/FANCD2/CDK1",24
"Up in tumour","GO:0030261","chromosome condensation","11/461","35/13463",0.314285714285714,9.17837000309885,13.2183333333333,9.12210959638344,1.33680911738626e-08,3.99115803154781e-07,3.99115803154781e-07,"NCAPG2/SMC4/PLK1/H1-2/H1-5/TOP2A/NUSAP1/CCNB1/CDK1/NCAPG/NCAPH",11
"Up in tumour","GO:0000910","cytokinesis","23/461","169/13463",0.136094674556213,3.97449588622624,4.62388190404704,7.32704843907233,1.5688114436386e-08,4.60092134886578e-07,4.60092134886578e-07,"KIF23/PLK1/AURKA/CKAP2/ECT2/CDC6/E2F7/RACGAP1/KIF20A/BIRC5/IQGAP3/AURKB/E2F8/PRC1/ANLN/CIT/KIF14/NUSAP1/CDCA8/STMN1/KIF4A/ESPL1/CEP55",23
"Up in tumour","GO:0140694","membraneless organelle assembly","36/461","372/13463",0.0967741935483871,2.82618431180463,3.19310924369748,6.72558151908151,1.84216415053304e-08,5.26287240936768e-07,5.26287240936768e-07,"TPX2/CENPI/KIF23/HJURP/STIL/PLK1/KIF15/PRKDC/MZT1/NEB/CENPK/RACGAP1/CENPE/BRCA1/NEK2/PLK4/BIRC5/CENPW/AURKB/OIP5/PRC1/KIFC1/NDC80/MAPT/SQLE/ANLN/KIF11/CENPF/SPAG5/CENPH/CDCA8/DLGAP5/KIF4A/UHRF1/WDR62/SKA3",36
"Up in tumour","GO:0051383","kinetochore organization","10/461","29/13463",0.344827586206897,10.0703119156257,15.1511261524098,9.20701231461658,2.24447482969275e-08,6.30355049627268e-07,6.30355049627268e-07,"CENPI/HJURP/CENPK/CENPE/CENPW/OIP5/CENPF/NUF2/CENPH/DLGAP5",10
"Up in tumour","GO:0045653","negative regulation of megakaryocyte differentiation","7/461","14/13463",0.5,14.6019522776573,28.6233480176211,9.5878325997046,1.46986555238368e-07,3.69025336409055e-06,3.69025336409055e-06,"H4C4/H4C14/H4C9/H4C1/H4C8/H4C11/H4C15",7
"Up in tumour","GO:0051302","regulation of cell division","19/461","151/13463",0.125827814569536,3.67466348709256,4.19117647058824,6.22352076808049,9.65463761246289e-07,2.23744538795119e-05,2.23744538795119e-05,"KIF23/PLK1/AURKA/THBS4/ECT2/CDC6/KIF18B/MDK/E2F7/RACGAP1/KIF20A/BIRC5/AURKB/E2F8/PRC1/BLM/CIT/KIF14/CDCA8",19
"Up in tumour","GO:0000079","regulation of cyclin-dependent protein serine/threonine kinase activity","8/461","29/13463",0.275862068965517,8.05624953250056,10.9164301482182,7.1625956135885,4.04907775915071e-06,8.77035535544148e-05,8.77035535544147e-05,"CDC6/CDKN3/CCNE2/BLM/PKMYT1/CDC25A/PSMD10/CDKN2A",8
"Up in tumour","GO:2000242","negative regulation of reproductive process","7/461","25/13463",0.28,8.17709327548807,11.1218795888399,6.76318786732998,1.48320724678406e-05,0.000297899928232871,0.000297899928232871,"GJA1/FBXO43/TRIP13/TTK/PKMYT1/ZWINT/KNL1",7
"Up in tumour","GO:0040020","regulation of meiotic nuclear division","5/461","11/13463",0.454545454545455,13.2745020705975,23.75,7.66843907865841,1.79398898513128e-05,0.000356004760282937,0.000356004760282937,"FBXO43/TRIP13/ZWINT/KNL1/RAD51AP1",5
"Up in tumour","GO:0030219","megakaryocyte differentiation","9/461","46/13463",0.195652173913043,5.71380741299632,6.97709878019613,6.03008197253618,2.13393451512204e-05,0.000415991704889085,0.000415991704889085,"H4C4/H4C14/H4C9/H4C1/H4C8/H4C11/H4C15/CDKN2B/HMGB2",9
"Up in tumour","GO:0048514","blood vessel morphogenesis","33/461","468/13463",0.0705128205128205,2.05924968018244,2.2274734128263,4.39170642750056,7.00118539788213e-05,0.0013108434129142,0.0013108434129142,"CDH13/CD34/HEY1/PLXDC1/JCAD/THY1/THBS4/DLL4/COL4A1/EFNA3/ROBO1/MDK/E2F7/NOTCH3/BRCA1/SOX4/ADM2/NRCAM/E2F8/FAP/COL4A2/VASH2/ANXA2/APOLD1/E2F2/ESM1/COL15A1/COL8A1/HSPB1/PKM/CCN3/GJA5/LOX",33
"Up in tumour","GO:0007292","female gamete generation","10/461","67/13463",0.149253731343284,4.35879172467381,5.03559341813514,5.18959039806976,8.65723767094942e-05,0.00158508760450422,0.00158508760450422,"MDK/HROB/TOP2A/TRIP13/NDC80/TDRKH/CCNB1/MCM8/SKA3/NCAPH",10
"Up in tumour","GO:0051438","regulation of ubiquitin-protein transferase activity","5/461","15/13463",0.333333333333333,9.73463485177151,14.2456140350877,6.37326106190997,0.000104057430227016,0.00187416480311049,0.0018741648031105,"UBE2C/UBE2S/CDC20/CDKN2A/MAD2L1",5
"Up in tumour","GO:0051653","spindle localization","8/461","44/13463",0.181818181818182,5.30980082823901,6.36055923473142,5.39167414541839,0.000106476183562956,0.00190736255312236,0.00190736255312236,"ASPM/GJA1/SAPCD2/NDC80/NUSAP1/ESPL1/SPDL1/SKA3",8
"Up in tumour","GO:0001890","placenta development","8/461","48/13463",0.166666666666667,4.86731742588576,5.72273730684327,5.054000437378,0.000201089807500344,0.00350742958976916,0.00350742958976916,"HEY1/PEG10/STC1/STC2/E2F7/PLK4/E2F8/SPP1",8
"Up in tumour","GO:0044837","actomyosin contractile ring organization","4/461","10/13463",0.4,11.6815618221258,18.9584245076586,6.36246435512334,0.000241781156086702,0.00410903975010938,0.00410903975010938,"ECT2/RACGAP1/IQGAP3/ANLN",4
"Up in tumour","GO:0007019","microtubule depolymerization","7/461","38/13463",0.184210526315789,5.37966662861057,6.45139974420918,5.09068096190529,0.000264888817747645,0.00447878337763109,0.00447878337763109,"TPX2/KIF2C/CKAP2/KIF18B/AURKB/KIF18A/STMN1",7
"Up in tumour","GO:0010212","response to ionizing radiation","12/461","110/13463",0.109090909090909,3.1858804969434,3.51911276760147,4.33444511662307,0.000378537821713926,0.00624116587641766,0.00624116587641766,"BARD1/TICRR/ECT2/LCN2/H2AX/BRCA1/BLM/MSH2/RAD51/FANCD2/FIGNL1/RAD51AP1",12
"Up in tumour","GO:0050673","epithelial cell proliferation","19/461","241/13463",0.0788381742738589,2.30238251680903,2.47462394521218,3.84148089328896,0.000642452332364177,0.0100428633464853,0.0100428633464853,"CDH13/CD34/JCAD/THBS4/DLL4/PRKDC/ROBO1/MDK/NME1/FAP/LAMC1/VASH2/CDKN2B/EPPK1/NME2/CCN3/HMGB2/UHRF1/FERMT1",19
"Up in tumour","GO:0086014","atrial cardiac muscle cell action potential","4/461","13/13463",0.307692307692308,8.98581678625063,12.6360320933625,5.42412951847638,0.000758428036661517,0.0115294977683315,0.0115294977683315,"KCNJ5/GJA1/GJC1/GJA5",4
"Up in tumour","GO:0086026","atrial cardiac muscle cell to AV node cell signaling","4/461","13/13463",0.307692307692308,8.98581678625063,12.6360320933625,5.42412951847638,0.000758428036661517,0.0115294977683315,0.0115294977683315,"KCNJ5/GJA1/GJC1/GJA5",4
"Up in tumour","GO:0071479","cellular response to ionizing radiation","8/461","60/13463",0.133333333333333,3.8938539407086,4.3980302258448,4.23010744741598,0.000952793118752969,0.0143525290706697,0.0143525290706697,"BARD1/ECT2/LCN2/BRCA1/BLM/RAD51/FIGNL1/RAD51AP1",8
"Up in tumour","GO:0009148","pyrimidine nucleoside triphosphate biosynthetic process","4/461","16/13463",0.25,7.30097613882863,9.47483588621444,4.74848749709656,0.00177914587273238,0.0249834297552335,0.0249834297552335,"NME1/TYMS/UCK2/NME2",4
"Up in tumour","GO:0085020","protein K6-linked ubiquitination","4/461","16/13463",0.25,7.30097613882863,9.47483588621444,4.74848749709656,0.00177914587273238,0.0249834297552335,0.0249834297552335,"BARD1/UBE2T/UBE2S/BRCA1",4
"Up in tumour","GO:0030858","positive regulation of epithelial cell differentiation","6/461","41/13463",0.146341463414634,4.27374213004603,4.88552590266876,3.95301036857422,0.00253570607444505,0.0351603762791251,0.0351603762791251,"TRIM16/SFRP4/CD24/TP73/LEF1/NME2",6
"Up in tumour","GO:0072089","stem cell proliferation","6/461","43/13463",0.13953488372093,4.07496342632296,4.62073062073062,3.80275284097745,0.00324594684638828,0.044450693590623,0.044450693590623,"CD34/MECOM/GJA1/CCNE1/HMGB2/FERMT1",6
"Down in tumour","GO:0002250","adaptive immune response","193/1700","468/13463",0.412393162393162,3.26591126194067,5.35002473306388,18.9669669675465,1.20540693246169e-56,5.55210433091855e-53,5.55210433091855e-53,"CD247/IGLV2-8/TRBC1/IGHA1/IL18R1/IGKV1-27/FGL1/IGHA2/IGHV1-69/IGLV3-10/TRGV2/GATA3/SH2D1A/CD6/IGHV3-33/IGHV7-4-1/SLAMF7/IGHV3-73/PRKCQ/C4BPB/C1RL/IGLV1-47/IGHV3-53/TRGC2/RSAD2/BACH2/IGLV3-19/IGHV4-39/KLRK1/IGLC3/IGHV3-11/C1QC/C9/IGLV3-25/IGHV4-34/CD8B/C1QB/IGKV1-8/IGHV3-49/IGHG2/IGLV1-40/CD3E/ITK/SIGLEC10/C6/FCGR3B/C3/IGLV8-61/LILRB5/PIK3CD/ARG1/LILRA1/KLRD1/IGKV4-1/AZGP1/IGHV1-69D/CD19/IGHV3-30/IGHV2-70/CD4/CLEC10A/IGHV3-21/CAMK4/IGKV1-16/IGKV3D-15/FGA/LILRB1/IGHV6-1/IGHG1/IGLV3-21/IGHV4-59/IL21R/IGHV3-7/C7/LAX1/PRKCB/IGHV2-26/IGKV1D-39/TNFRSF13B/IGLV4-69/TBX21/IGKV1-6/IGHV2-5/IGKV1-39/IGHV3-74/SLAMF6/IL2RB/FCAMR/IGHV3-20/IGHV5-51/RNF125/IGKV1-5/IGKV1D-33/CFI/IGLC2/IL27/NLRP3/ADGRE1/LAG3/CRTAM/CD244/ZAP70/MBL2/IGKV3D-20/MCOLN2/IL1RL1/C4A/IGHV3-13/IL12RB1/IGKV1D-13/IGHV3-23/RAG1/IRF4/RORA/IGKV1-17/IGLV1-44/IGHG4/STAT4/ZBTB16/LIME1/IGHV3-72/C8A/IL33/JCHAIN/BTLA/IGKV2-28/CD226/IGHV4-4/IGHM/IGHV1-18/C1S/SKAP1/FCMR/CR1/CLU/CD69/C1QA/PTPRC/THEMIS/IGHV3-43/LILRB2/IGLV6-57/IGLL5/CD79A/TRGC1/IGHV3-66/IGHV1-24/IGHG3/C1R/CCL19/IGLV2-14/IGKV1-12/EOMES/IGLV1-51/SOCS3/C4BPA/IGKV2D-28/CD81/C5/FCGR2B/IGKV1-9/IGLV2-23/JUNB/MASP2/FGB/IGKC/KLRC4-KLRK1/C8B/IGKV2-30/LY9/CD8A/CD1D/IGHV3-48/IGHV4-61/IGKV3-15/PRF1/IGHV3-15/TNFRSF13C/IGHD/CD1C/IGKV2-24/IGKV3-20/IGLC1/TRBC2/EBI3/IL17RC/IGLV2-11/CLEC4M/IGHV1-3/TXK/IL18RAP/C8G/TRAT1",193
"Down in tumour","GO:0016064","immunoglobulin mediated immune response","75/1700","129/13463",0.581395348837209,4.60430916552668,10.0076923076923,15.6371236832482,8.14402126541805e-35,1.22238610119453e-31,1.22238610119453e-31,"IGHA1/IGHA2/IGHV1-69/IGHV3-33/IGHV7-4-1/IGHV3-73/C4BPB/C1RL/IGHV3-53/IGHV4-39/IGLC3/IGHV3-11/C1QC/C9/IGHV4-34/C1QB/IGHV3-49/IGHG2/C6/FCGR3B/C3/IGHV1-69D/CD19/IGHV3-30/IGHV2-70/IGHV3-21/IGHV6-1/IGHG1/IGHV4-59/IL21R/IGHV3-7/C7/IGHV2-26/IGHV2-5/IGHV3-74/IL2RB/IGHV3-20/IGHV5-51/CFI/IGLC2/MBL2/C4A/IGHV3-13/IGHV3-23/IGHG4/IGHV3-72/C8A/CD226/IGHV4-4/IGHV1-18/C1S/FCMR/CR1/CLU/C1QA/IGHV3-43/IGLL5/IGHV3-66/IGHV1-24/IGHG3/C1R/C4BPA/CD81/C5/FCGR2B/MASP2/IGKC/C8B/IGHV3-48/IGHV4-61/IGHV3-15/IGHD/IGLC1/IGHV1-3/C8G",75
"Down in tumour","GO:0044282","small molecule catabolic process","127/1700","323/13463",0.393188854489164,3.11382443999272,4.76474499526448,14.6181595855703,1.06155979261357e-34,1.22238610119453e-31,1.22238610119453e-31,"PRODH2/OTC/SULT1B1/CYP4F3/HK3/MFSD2A/IDO2/FTCD/CYP4F12/CYP4A11/AKR1D1/ASPG/ACMSD/LPIN2/DPEP2/ECHDC2/AADAT/ETFDH/GCDH/DAO/CYP1A1/CYP27A1/ACACB/GK/PON3/GOT1/ABCB11/ASS1/AASS/BDH2/GOT2/GLDC/RIDA/GLB1L2/ARG1/KMO/ACAT1/PAH/ACADSB/ACOX2/CYP26A1/FAAH/ADHFE1/PIPOX/HOGA1/NTSR1/ACADVL/ALDH1L1/TDO2/ALDH2/HAAO/SORD/AMDHD1/CRYL1/BCKDHB/GPT/SHMT1/FUT6/ACOX1/PLIN5/CDO1/GLS2/HSD17B6/ACAA1/HMGCL/ECHS1/AGXT2/NUDT7/HGD/KYNU/ACADS/UPB1/UROC1/LDHD/TKFC/GDA/EHHADH/MAT1A/LDHAL6B/SULT1E1/ALDH6A1/OAT/HAGH/GLYCTK/XDH/CDA/HPD/TAT/LOC102724560/IVD/CSAD/SULT1A2/PGM1/HAL/CBS/PON1/SARDH/SCP2/ENO3/ALDH1B1/ABAT/ADH4/SDS/ALDH8A1/ALDOB/ACAA2/CYP4F2/HAO1/ALDH4A1/HDC/ACAD11/ACADL/SULT1A1/CYP39A1/SLC27A2/CYP3A4/PHYH/ABHD2/UPP2/GPT2/MLYCD/SULT2A1/PRODH/ADCY10/AGXT/DCXR/GSTZ1",127
"Down in tumour","GO:0002449","lymphocyte mediated immunity","106/1700","259/13463",0.409266409266409,3.24114921644333,5.04612886559894,13.8448451435439,7.44208719567494e-31,5.71304227054646e-28,5.71304227054646e-28,"IGHA1/IL18R1/IGHA2/NKG7/IGHV1-69/GATA3/IGHV3-33/IGHV7-4-1/SLAMF7/IGHV3-73/C4BPB/C1RL/IGHV3-53/RSAD2/IGHV4-39/KLRK1/KLRB1/IGLC3/IGHV3-11/C1QC/C9/IGHV4-34/C1QB/IGHV3-49/IGHG2/C6/FCGR3B/C3/ARG1/KLRD1/AZGP1/IGHV1-69D/CALHM6/CD19/IGHV3-30/IGHV2-70/IGHV3-21/LILRB1/IGHV6-1/IGHG1/IGHV4-59/IL21R/IGHV3-7/C7/IGHV2-26/TBX21/IGHV2-5/IGHV3-74/SLAMF6/IL2RB/IGHV3-20/IGHV5-51/CFI/IGLC2/NLRP3/LAG3/CRTAM/MBL2/C4A/IGHV3-13/IL12RB1/IGHV3-23/IGHG4/IGHV3-72/KLRC4/C8A/BTLA/CD226/IGHV4-4/IGHV1-18/C1S/FCMR/CR1/CLU/C1QA/PTPRC/IGHV3-43/IGLL5/IGHV3-66/IGHV1-24/NCR1/IGHG3/C1R/C4BPA/GSDMB/CD81/C5/FCGR2B/MASP2/IGKC/KLRC4-KLRK1/C8B/CD8A/CD1D/IGHV3-48/IGHV4-61/PRF1/IGHV3-15/TIGIT/VAV1/IGHD/CD1C/IGLC1/IGHV1-3/CLNK/C8G",106
"Down in tumour","GO:0046395","carboxylic acid catabolic process","97/1700","225/13463",0.431111111111111,3.41414640522876,5.50040451497193,13.8823784688102,1.75076752464897e-30,1.00800440231665e-27,1.00800440231665e-27,"PRODH2/OTC/CYP4F3/MFSD2A/IDO2/FTCD/CYP4F12/CYP4A11/AKR1D1/ASPG/ACMSD/LPIN2/DPEP2/ECHDC2/AADAT/ETFDH/GCDH/DAO/ACACB/PON3/GOT1/ABCB11/ASS1/AASS/BDH2/GOT2/GLDC/RIDA/ARG1/KMO/ACAT1/PAH/ACADSB/ACOX2/CYP26A1/FAAH/PIPOX/HOGA1/ACADVL/ALDH1L1/TDO2/HAAO/SORD/AMDHD1/CRYL1/BCKDHB/GPT/SHMT1/ACOX1/PLIN5/CDO1/GLS2/ACAA1/HMGCL/ECHS1/AGXT2/NUDT7/HGD/KYNU/ACADS/UROC1/LDHD/EHHADH/MAT1A/LDHAL6B/ALDH6A1/OAT/HPD/TAT/LOC102724560/IVD/CSAD/HAL/CBS/PON1/SARDH/SCP2/ABAT/SDS/ALDH8A1/ACAA2/CYP4F2/HAO1/ALDH4A1/HDC/ACAD11/ACADL/SLC27A2/PHYH/ABHD2/GPT2/MLYCD/SULT2A1/PRODH/AGXT/DCXR/GSTZ1",97
"Down in tumour","GO:0006956","complement activation","45/1700","59/13463",0.76271186440678,6.04022931206381,22.8185153215365,14.7495678909093,4.75995154422784e-29,2.43603742363482e-26,2.43603742363482e-26,"IGHA1/IGHA2/CFB/C4BPB/C1RL/CFHR3/VSIG4/C1QC/C9/C1QB/IGHG2/A2M/C6/C3/CFHR4/CFD/FCN3/CD5L/CFP/IGHG1/COLEC11/C7/COLEC10/MASP1/CFI/MBL2/C4A/IGHG4/C8A/C1S/CR1/CLU/GZMK/C1QA/IGHG3/C1R/C4BPA/C5/MASP2/C8B/SERPING1/IGHD/FCN2/FCN1/C8G",45
"Down in tumour","GO:0170039","proteinogenic amino acid metabolic process","67/1700","140/13463",0.478571428571429,3.79000420168067,6.57022540244445,12.6150235758128,1.38179535472407e-24,4.54610671704221e-22,4.54610671704221e-22,"PRODH2/OTC/IDO2/FTCD/ASPG/ACMSD/AADAT/GCDH/CTH/DAO/BHMT/BAAT/GOT1/ASS1/AASS/GOT2/GLDC/RIDA/ARG1/KMO/ACAT1/PAH/ACADSB/PIPOX/PHGDH/TDO2/HAAO/FOLH1/AMDHD1/GPT/MTHFD1/SHMT1/DCT/CDO1/GLS2/HMGCL/ECHS1/AGXT2/HGD/KYNU/UROC1/GLYAT/BHMT2/PSAT1/ASL/MAT1A/GGT1/ALDH6A1/OAT/HPD/TAT/LOC102724560/IVD/CSAD/HAL/IYD/CBS/SDS/HAO1/ALDH4A1/HDC/TTC36/GPT2/PRODH/AGXT/GSTZ1/NAGS",67
"Down in tumour","GO:0170035","L-amino acid catabolic process","52/1700","90/13463",0.577777777777778,4.57566013071895,9.73588400613184,12.9384803254829,2.47853040076975e-24,7.61074068396363e-22,7.61074068396363e-22,"PRODH2/OTC/IDO2/FTCD/ASPG/ACMSD/AADAT/GCDH/DAO/GOT1/ASS1/AASS/GOT2/RIDA/ARG1/KMO/ACAT1/PAH/ACADSB/PIPOX/HOGA1/TDO2/HAAO/AMDHD1/GPT/SHMT1/CDO1/GLS2/HMGCL/ECHS1/AGXT2/HGD/KYNU/UROC1/MAT1A/ALDH6A1/OAT/HPD/TAT/LOC102724560/IVD/CSAD/HAL/CBS/SDS/ALDH8A1/ALDH4A1/HDC/GPT2/PRODH/AGXT/GSTZ1",52
"Down in tumour","GO:0170040","proteinogenic amino acid catabolic process","50/1700","86/13463",0.581395348837209,4.60430916552668,9.87121212121212,12.747120862142,1.28709694616564e-23,3.4872756082582e-21,3.4872756082582e-21,"PRODH2/IDO2/FTCD/ASPG/ACMSD/AADAT/GCDH/DAO/GOT1/ASS1/AASS/GOT2/GLDC/RIDA/ARG1/KMO/ACAT1/PAH/ACADSB/PIPOX/TDO2/HAAO/AMDHD1/GPT/SHMT1/CDO1/GLS2/HMGCL/ECHS1/AGXT2/HGD/KYNU/UROC1/MAT1A/ALDH6A1/OAT/HPD/TAT/LOC102724560/IVD/CSAD/HAL/CBS/SDS/ALDH4A1/HDC/GPT2/PRODH/AGXT/GSTZ1",50
"Down in tumour","GO:0170033","L-amino acid metabolic process","66/1700","145/13463",0.455172413793103,3.60469776876268,5.97387787986304,11.9878703990744,1.04660305730032e-22,2.53718614838173e-20,2.53718614838173e-20,"PRODH2/OTC/IDO2/FTCD/ASPG/ACMSD/AADAT/GCDH/CTH/DAO/BHMT/GOT1/ASS1/AASS/GOT2/RIDA/ARG1/KMO/ACAT1/PAH/ACADSB/PIPOX/HOGA1/PHGDH/TDO2/HAAO/FOLH1/AMDHD1/GPT/MTHFD1/SHMT1/DCT/CDO1/GLS2/HMGCL/ECHS1/AGXT2/HGD/KYNU/GNMT/UROC1/BHMT2/PSAT1/ASL/MAT1A/GGT1/ALDH6A1/OAT/HPD/TAT/LOC102724560/IVD/CSAD/HAL/IYD/CBS/SDS/ALDH8A1/ALDH4A1/HDC/TTC36/GPT2/PRODH/AGXT/GSTZ1/NAGS",66
"Down in tumour","GO:0009410","response to xenobiotic stimulus","98/1700","288/13463",0.340277777777778,2.69479983660131,3.7261120967212,11.0524752405562,1.81051727518187e-21,4.16962128474386e-19,4.16962128474386e-19,"OTC/SULT1B1/HTR2A/GATA3/CYP4F12/CMBL/CYP3A7/SLC28A3/CYP1A1/CYP2C19/PON3/CYP2C18/ABCB11/PRICKLE1/ASS1/CYP2A6/UGT2B15/CYP2A7/AOX1/NAT1/CYP26A1/ALAS1/SLCO1A2/CES3/COL18A1/ALDH2/ABCC6/SLC10A1/CPS1/ABCG8/ADRA1A/CYP2D6/CYP2B6/ABCG5/GSTM1/TNF/ACAA1/SLC22A7/LCK/FBP1/SFRP1/UGT1A9/FOS/GSTM2/CYP1A2/SLCO1B1/GLYAT/CAT/UGT2B7/SLC26A5/CRHBP/RORA/CD38/CDH1/CYP3A5/GSTA1/CD69/UGT1A1/SULT1A2/BCHE/CYP2E1/IGFBP2/SLC34A1/SLCO1B3/RBP4/NR1I2/ACSL1/ABAT/AIM2/AGPAT2/ACSM2B/SLC22A1/FOSB/CYP4F2/CYP2J2/PDE2A/CYP2C9/POR/GPLD1/SULT1A1/SCN11A/CYP2C8/SRD5A2/SLCO2B1/CYP3A4/CYP2A13/GSTA2/SLC6A11/UPP2/VAV1/SRD5A1/DRD1/MT-CYB/TBXA2R/HMGCS2/NAT2/SULT2A1/FMO2",98
"Down in tumour","GO:0006631","fatty acid metabolic process","106/1700","326/13463",0.325153374233129,2.57502345723565,3.48910117486027,10.9437945561842,2.12801294680159e-21,4.66744172998482e-19,4.66744172998482e-19,"HAO2/CYP4F3/MFSD2A/CYP4F12/ACSM2A/CYP4A11/ACOT12/PTGDS/AOAH/KIF12/LPIN2/ECHDC2/ETFDH/GCDH/CYP1A1/CYP2C19/ACSL5/ACACB/CYP4Z1/BAAT/CYP2C18/ABCB11/PNPLA3/CYP2A6/BDH2/CYP2A7/C3/MLXIPL/ACAT1/NAAA/FAAH2/ACADSB/ACOX2/FAAH/CYGB/ACADVL/ACSM3/CYP4V2/CRYL1/AKR1C4/CYP2D6/MMUT/DGAT2/CYP2B6/ACOX1/PLIN5/LIPC/GSTM1/ACAA1/PPARGC1A/ECHS1/ANGPTL4/NUDT7/ACSM5/ACADS/ACBD4/UGT1A9/GSTM2/CYP1A2/PTGR1/AVPR1A/EHHADH/MGLL/FADS6/PTGIS/PLA2G5/GGT1/LIPG/CYP4A22/IVD/PTGS2/GSTA1/UGT1A1/SLC27A5/PRKAG2/CYP2E1/GGT5/SCP2/PDK4/ACSL1/APOC3/ADH4/ECHDC3/ACSM2B/PECR/ACAA2/CYP4F2/CYP2J2/HPGD/HAO1/CYP2C9/ANGPTL3/SLC45A3/POR/ACAD11/ACADL/CYP2C8/SLC27A2/CYP3A4/PHYH/ABHD2/CYP2A13/APOA4/MLYCD/APOA5/UGT1A4",106
"Down in tumour","GO:0071466","cellular response to xenobiotic stimulus","63/1700","149/13463",0.422818791946309,3.34847611527833,5.22546206191132,10.9583510981219,1.1131246445776e-19,2.1362717137185e-17,2.1362717137185e-17,"SULT1B1/CYP4F12/CMBL/CYP3A7/SLC28A3/CYP1A1/CYP2C19/PON3/CYP2C18/ABCB11/CYP2A6/UGT2B15/CYP2A7/AOX1/NAT1/CYP26A1/SLCO1A2/CES3/ALDH2/SLC10A1/CYP2D6/CYP2B6/GSTM1/ACAA1/SLC22A7/FBP1/UGT1A9/GSTM2/CYP1A2/SLCO1B1/GLYAT/UGT2B7/CRHBP/RORA/CYP3A5/GSTA1/CD69/UGT1A1/SULT1A2/BCHE/CYP2E1/SLCO1B3/NR1I2/ACSL1/AIM2/ACSM2B/SLC22A1/CYP4F2/CYP2J2/PDE2A/CYP2C9/GPLD1/SULT1A1/CYP2C8/SLCO2B1/CYP3A4/CYP2A13/GSTA2/UPP2/VAV1/NAT2/SULT2A1/FMO2",63
"Down in tumour","GO:0008202","steroid metabolic process","86/1700","256/13463",0.3359375,2.66042738970588,3.63363947809607,10.1966611600506,1.40742775357503e-18,2.40096749369133e-16,2.40096749369133e-16,"FAXDC2/RDH16/APOA1/AKR1D1/CYP3A7/GC/CH25H/CYP1A1/CYP2C19/CYP8B1/TSKU/HSD17B3/AKR1C8/CYP27A1/CYP11A1/BAAT/PBX1/ABCB11/LCAT/UGT2B10/SEC14L2/CYP2A6/EPHX2/EDNRB/UGT2B15/BMP6/AGTR1/ACOX2/RDH5/ACADVL/CYP4V2/AKR1C4/LDLR/CYP2D6/DGAT2/CYP2B6/TNF/HSD17B6/SLC22A24/ACAA1/UGT1A9/INSIG1/CYP1A2/SERPINA6/CYP3A43/UGT2B7/SULT1E1/RORA/CLN8/CYP3A5/BMP5/UGT1A1/SLC27A5/PRKAG2/SULT1A2/CYP2E1/NR1H4/NR1I2/SCP2/HSD11B1/SDR42E1/ACAA2/NR0B2/HSD17B2/CYP2C9/ANGPTL3/POR/ACADL/SULT1A1/CYP39A1/CYP2C8/SLC27A2/SRD5A2/CYP3A4/APOA4/CACNA1H/SRD5A1/EGR1/HMGCS2/SULT2A1/APOA5/NPC1L1/SHH/UGT1A4/CETP/APOF",86
"Down in tumour","GO:0120254","olefinic compound metabolic process","57/1700","132/13463",0.431818181818182,3.41974598930481,5.40650030432136,10.6205152132527,1.88455353038257e-18,3.10009055747932e-16,3.10009055747932e-16,"CYP4F3/ADH1A/CYP4F12/RDH16/CYP4A11/CYP3A7/PTGDS/CYP1A1/CYP2C19/HSD17B3/CYP4Z1/CYP11A1/CYP2C18/CYP2A6/EPHX2/EDNRB/CYP2A7/BMP6/FAAH2/FAAH/RDH5/AKR1C4/ALDH1A3/CYP2D6/DGAT2/CYP2B6/HSD17B6/ACAA1/ADH1C/GSTM2/CYP1A2/MGLL/PTGIS/BCO2/CYP4A22/CYP3A5/PTGS2/BMP5/GSTA1/CYP2E1/RBP4/SCP2/ADH6/ADH4/ALDH8A1/CYP4F2/CYP2J2/CYP2C9/CYP2C8/SRD5A2/CYP3A4/CYP2A13/CACNA1H/SRD5A1/LRAT/EGR1/ADH1B",57
"Down in tumour","GO:0002526","acute inflammatory response","39/1700","72/13463",0.541666666666667,4.28968137254902,8.34601280718078,10.6398078328204,3.02690432237042e-17,4.64730710294606e-15,4.64730710294606e-15,"CCR7/GATA3/F7/CD6/SAA1/F2/ASS1/EDNRB/FCGR3B/SIGIRR/CREB3L3/KLKB1/VNN1/DNASE1L3/IGHG1/SAA2/LBP/TNF/CRP/TNFSF11/AHSG/CD163/PLA2G2D/IL1RN/NLRP3/HP/MBL2/SERPINF2/ORM1/PTGS2/SAA4/ORM2/ITIH4/F12/FCGR2B/SERPINA1/SCN11A/SERPINA3/APCS",39
"Down in tumour","GO:0042445","hormone metabolic process","63/1700","168/13463",0.375,2.96977941176471,4.27293830177153,9.76670947496187,1.43843804131174e-16,2.13724052202641e-14,2.13724052202641e-14,"SULT1B1/DIO1/ADH1A/GATA3/RDH16/AKR1D1/CYP3A7/PCSK6/GHR/CYP1A1/SLC16A2/CHST9/HSD17B3/AKR1C8/CYP11A1/CYP2C18/UGT2B10/EDNRB/UGT2B15/BMP6/MME/CYP26A1/RDH5/AKR1C4/ALDH1A3/CYP2D6/DGAT2/HSD17B6/ENPEP/ADH1C/UGT1A9/CYP1A2/HPN/UGT2B7/SULT1E1/BCO2/CYP3A5/BMP5/UGT1A1/BCHE/RBP1/IYD/RBP4/SCP2/ADH6/ADH4/ALDH8A1/HSD17B2/CYP2C9/POR/SULT1A1/CYP2C8/SRD5A2/CYP3A4/CACNA1H/SRD5A1/LRAT/EGR1/SULT2A1/ACE2/ADH1B/SHH/UGT1A4",63
"Down in tumour","GO:0002768","immune response-regulating cell surface receptor signaling pathway","95/1700","320/13463",0.296875,2.35107536764706,3.03526479750779,9.29881305452712,2.37582543615136e-16,3.41970373716036e-14,3.41970373716036e-14,"CD247/TRBC1/CCR7/IGHA1/FGL1/IGHA2/FCRL3/GATA3/FCHO1/SH2D1A/TNIP3/FPR1/MAPK10/PRKCQ/CD300A/TRGC2/IGLC3/BANK1/CD8B/IGHG2/PRAM1/CD3E/ITK/LCP2/FCGR3B/C3/NR4A3/LILRB5/GP6/PIGR/PIK3CD/LILRA1/KLRD1/CD19/CD4/LILRA5/FCN3/SCIMP/LILRB1/CD14/IGHG1/COLEC11/LBP/LAX1/UBASH3A/COLEC10/PRKCB/MASP1/FYB2/CD22/LCK/NFAM1/LAG3/ZAP70/BLK/MBL2/CARD11/IGHG4/LIME1/KLRC4/CD38/BTLA/CD226/IGHM/SKAP1/FCMR/TESPA1/CR1/PTPRC/THEMIS/LILRB2/CD79A/TRGC1/NCR1/GBP1/IGHG3/CD81/FCGR2B/LTF/MASP2/IGKC/GPLD1/PVRIG/CD8A/BLNK/VAV1/IGHD/IGLC1/TRBC2/FCN2/MS4A1/LILRA2/TXK/FCN1/TRAT1",95
"Down in tumour","GO:0016042","lipid catabolic process","85/1700","281/13463",0.302491103202847,2.39555160142349,3.10606874328679,8.9872870074519,2.78078652658593e-15,3.8813038610469e-13,3.8813038610469e-13,"CYP4F3/MFSD2A/CYP4F12/CYP4A11/PNPLA7/AKR1D1/ASPG/AOAH/LPIN2/DPEP2/ECHDC2/ETFDH/GCDH/CYP1A1/CYP27A1/ACACB/ABCB11/PNPLA3/SMPD3/BDH2/PLA2G2A/ACAT1/NAAA/FAAH2/ACOX2/CYP26A1/FAAH/ADHFE1/PLCXD3/ACADVL/ADRA2A/NEU4/PLCH2/LDLR/CPS1/HCAR3/ACOX1/GBA3/PLIN5/LIPC/TNF/HSD17B6/ACAA1/ECHS1/NUDT7/PLA2G2D/ACADS/CYP1A2/LRCOL1/PLPP2/EHHADH/MGLL/SULT1E1/PLCB2/PLA2G5/BCO2/LIPG/IVD/SORL1/SCP2/FABP1/PLIN1/HSD11B1/APOC3/HCAR2/ACAA2/CYP4F2/HPGD/HAO1/ANGPTL3/PLPP3/ACAD11/GPLD1/ACADL/CYP39A1/SLC27A2/SRD5A2/CYP3A4/PHYH/ABHD2/APOA4/SRD5A1/MLYCD/SULT2A1/APOA5",85
"Down in tumour","GO:0019730","antimicrobial humoral response","43/1700","95/13463",0.452631578947368,3.58457585139319,5.84435495102363,9.61032493214804,3.76300477956083e-15,5.09776471019329e-13,5.09776471019329e-13,"IGHA1/CCL3/IGHA2/DAO/LEAP2/F2/IGHG2/DEFB1/CCL14/CCL4L1/HRG/CCL2/CXCL2/CXCL14/HAMP/FGA/IGHG1/COLEC11/RNASE4/CCL16/SLPI/CCL3L1/KNG1/CXCL12/CCL21/IGHG4/TSLP/JCHAIN/IGHM/CXCL6/TF/IGHG3/CCL19/CCL22/LTF/ANG/FGB/GNLY/CCL4/IGHD/IGKV3-20/CCL5/CCL3L3",43
"Down in tumour","GO:0008228","opsonization","18/1700","21/13463",0.857142857142857,6.78806722689076,41.9500594530321,10.090936512849,5.607757156879e-14,7.37980841845276e-12,7.37980841845276e-12,"CFB/C4BPB/C3/FCN3/CFP/COLEC11/LBP/COLEC10/MASP1/CRP/MBL2/C4A/PLA2G5/GZMK/C4BPA/MASP2/FCN2/FCN1",18
"Down in tumour","GO:0001906","cell killing","53/1700","149/13463",0.355704697986577,2.81697196999605,3.91084168184578,8.47827093200103,4.48217261491392e-13,5.16122176607337e-11,5.16122176607337e-11,"GBP7/NKG7/SLAMF7/DAO/KLRK1/KLRB1/C9/F2/C6/PLA2G2A/FCGR3B/ARG1/KLRD1/AZGP1/CXCL2/CXCL14/HAMP/DNASE1L3/LILRB1/IGHG1/C7/SLAMF6/GBP5/CRTAM/KNG1/IL12RB1/CXCL12/CCL21/KLRC4/C8A/CD226/CR1/CLU/PTPRC/NCR1/GBP1/CCL19/GSDMB/CCL22/GZMH/C5/FCGR2B/LTF/KLRC4-KLRK1/GNLY/C8B/GZMM/CD1D/PRF1/TIGIT/VAV1/CD1C/C8G",53
"Down in tumour","GO:0010876","lipid localization","96/1700","367/13463",0.26158038147139,2.07156275044078,2.53800922049121,7.91227753725037,9.19117437055214e-13,1.03254997928691e-10,1.03254997928691e-10,"MFSD2A/PRAP1/APOA1/CYP4A11/SYT7/ABCG2/TSKU/ACSL5/ACACB/CIDEB/LPA/RBP5/ABCB11/LCAT/APOM/GOT2/APOC4/PLA2G2A/C3/BMP6/CFHR4/AGTR1/NTSR1/CDC50B/SLCO1A2/APOH/AKR1C4/SPNS3/SLC10A1/LDLR/TRPC5/ABCG8/SLCO1B3-SLCO1B7/ABCA8/PLIN5/LBP/THRSP/ABCG5/LIPC/TNF/CRP/TNFSF11/SLC22A24/SLC13A3/ABCB4/SLC22A7/PLA2G2D/SLCO1B1/HSD17B13/GLTPD2/SERPINA5/PLA2R1/PLA2G5/LIPG/STARD5/CLN8/CLU/SLC27A5/RBP1/ABCA9/MTTP/NR1H4/XKR6/SLCO1B3/RBP4/TTPA/PLSCR4/APOL3/PON1/SCP2/FABP1/ACSL1/ABCA13/APOC3/SLC51A/SLC22A1/ABCA10/CYP4F2/PLIN2/SLC27A2/SLCO2B1/GRAMD1C/APOA4/SLCO4A1/ABCA6/C1QTNF1/ANO9/APOA5/NPC1L1/SHH/SPNS2/CETP/ANO3/APOF/PITPNM3/ATG2A",96
"Down in tumour","GO:0006066","alcohol metabolic process","81/1700","288/13463",0.28125,2.22733455882353,2.79302843945538,8.00394508562085,9.94748060025279e-13,1.09090703916106e-10,1.09090703916106e-10,"SULT1B1/ADH1A/RDH16/APOA1/AKR1D1/CYP3A7/CH25H/CYP1A1/TSKU/AKR1C8/MOGAT1/CYP27A1/GK/CYP11A1/GOT1/CYP2C18/LCAT/GCH1/SEC14L2/EPHX2/EDNRB/BMP6/AGTR1/NAAA/RDH5/NTSR1/ACADVL/ALDH2/SORD/IGF1/AKR1C4/LDLR/PCK1/ALDH1A3/CYP2D6/DGAT2/HSD17B6/ADH1C/PCK2/CD244/INSIG1/CYP1A2/PLPP2/TKFC/SULT1E1/CLN8/CYP3A5/MOGAT2/BMP5/SULT1A2/NR1H4/RBP4/SCP2/ALDH1B1/ADH6/ADH4/PECR/ACAA2/NR0B2/HAO1/CYP2C9/PTH1R/ANGPTL3/PLPP3/ACADL/SULT1A1/CYP39A1/CYP2C8/CYP3A4/APOA4/CACNA1H/LRAT/QDPR/HMGCS2/SULT2A1/ADH1B/APOA5/NPC1L1/UGT1A4/CETP/APOF",81
"Down in tumour","GO:0141061","disruption of cell in another organism","29/1700","58/13463",0.5,3.95970588235294,7.02214242968282,8.58715591904519,5.17141975248307e-12,4.96240820415355e-10,4.96240820415355e-10,"GBP7/NKG7/DAO/C9/F2/C6/PLA2G2A/ARG1/CXCL2/CXCL14/HAMP/C7/GBP5/KNG1/CXCL12/CCL21/C8A/GBP1/CCL19/GSDMB/CCL22/GZMH/C5/LTF/GNLY/C8B/GZMM/PRF1/C8G",29
"Down in tumour","GO:0016101","diterpenoid metabolic process","33/1700","73/13463",0.452054794520548,3.58000805801773,5.80172465506899,8.40257522483601,6.26772604127872e-12,5.89166247880199e-10,5.89166247880199e-10,"ADH1A/RDH16/TTR/CYP3A7/CYP1A1/CYP2C18/APOM/CYP26A1/RDH5/CYP4V2/AKR1C4/LDLR/ALDH1A3/CYP2D6/DGAT2/HSD17B6/ADH1C/UGT1A9/CYP1A2/BCO2/CYP3A5/UGT1A1/RBP1/RBP4/ADH6/ADH4/ALDH8A1/PECR/CYP2C8/CYP3A4/SRD5A1/LRAT/ADH1B",33
"Down in tumour","GO:0009617","response to bacterium","101/1700","407/13463",0.248157248157248,1.96525943055355,2.36495235993084,7.517204975817,7.2767404939578e-12,6.6147028966104e-10,6.6147028966104e-10,"IL7R/GBP7/CCR7/IGHA1/IL18R1/IGHA2/CFB/SLC9A9/AXL/TNIP3/CD6/C4BPB/DAO/SELP/SHPK/CYP1A1/STAB1/CNR2/LEAP2/F2/ASS1/IGHG2/IL10RA/DEFB1/GCH1/EDNRB/SIGLEC16/PLA2G2A/BMP6/SIGIRR/KMO/CCL2/CXCL2/EMILIN1/HAMP/ALPL/SSC5D/TRIB1/SCIMP/FGA/CPS1/LILRB1/CFP/IL24/LDOC1/CD14/IGHG1/RNASE4/LBP/ZFP36/TNF/CRP/GBP5/SLPI/ADGRB1/IL27/ADAMTS13/NLRP3/FOS/HP/MBL2/IGHG4/TSLP/IL33/JCHAIN/CDH1/IGHM/NOCT/STAB2/LILRB2/CXCL6/TF/NR1H4/ANXA3/TLR10/PLSCR4/NR1I2/GBP1/IGHG3/SMAD6/C4BPA/GSDMB/PALM3/HPGD/FCGR2B/LTF/FGFR2/ANG/NUGGC/FGB/GNLY/CD1D/NR4A1/IGHD/IGKV3-20/FCN2/TBXA2R/HMGCS2/LILRA2/PGLYRP2/IL18RAP",101
"Down in tumour","GO:0015711","organic anion transport","87/1700","331/13463",0.262839879154079,2.08153723120668,2.54630156616832,7.57373733876603,8.33355198255706e-12,7.38160392916496e-10,7.38160392916496e-10,"SLC25A25/SLC2A9/MFSD2A/SLC22A25/ALB/SLC25A47/CLTRN/CYP4A11/SLC39A14/SLC22A10/ABCG2/SLC16A2/SLC52A1/ACSL5/RBP5/ABCB11/GOT2/PLA2G2A/SLC2A2/KMO/CALHM6/CLDN2/NTSR1/SLC39A5/SLC17A2/SLCO1A2/GABBR1/ABCC6/AKR1C4/SLC10A1/SLC25A15/SLC38A3/SLC25A42/SLCO1B3-SLCO1B7/MPC1/THRSP/SLC1A2/SLC16A9/TNF/SLC38A4/SLC1A1/TNFSF11/SLC22A24/SLC13A3/ABCB4/SLC6A12/SLC22A7/PLA2G2D/SLCO1B1/GLTPD2/AVPR1A/SLC26A5/PLA2R1/SLC7A2/PLA2G5/SLC7A8/SLC38A2/STARD5/SLC17A1/CR1/SLC27A5/SLC13A5/RBP1/MTTP/NR1H4/SLCO1B3/FABP1/ACSL1/SLC6A13/ABAT/SLC51A/SLCO4C1/SLC22A1/CYP4F2/SLC17A9/SLC17A3/SLC27A2/SLCO2B1/SLC4A4/SLC6A11/SLCO4A1/SLC23A2/SLC3A1/SLC25A18/ACE2/CFTR/ADCY10",87
"Down in tumour","GO:0008037","cell recognition","38/1700","94/13463",0.404255319148936,3.20146433041302,4.7798048822417,8.14228544781597,1.08142106456252e-11,9.39816117617916e-10,9.39816117617916e-10,"CCR7/CFB/FUT3/CD6/C4BPB/C3/ROBO2/FCN3/CFP/COLEC11/LBP/COLEC10/MASP1/CRP/IGSF9/IGLON5/FETUB/ADGRB1/CRTAM/MBL2/C4A/PLA2G5/CCL21/EPHA3/CD226/GZMK/CCL19/TNN/C4BPA/CD81/DSCAM/MASP2/PRF1/CNTN4/CLEC4M/FCN2/DSCAML1/FCN1",38
"Down in tumour","GO:0006869","lipid transport","90/1700","352/13463",0.255681818181818,2.02484959893048,2.4538665781613,7.40685365333814,1.86231180652958e-11,1.53175146087058e-09,1.53175146087058e-09,"MFSD2A/PRAP1/APOA1/CYP4A11/SYT7/ABCG2/TSKU/ACSL5/CIDEB/LPA/RBP5/ABCB11/LCAT/APOM/GOT2/APOC4/PLA2G2A/BMP6/CFHR4/AGTR1/NTSR1/CDC50B/SLCO1A2/APOH/AKR1C4/SPNS3/SLC10A1/LDLR/TRPC5/ABCG8/SLCO1B3-SLCO1B7/ABCA8/LBP/THRSP/ABCG5/LIPC/TNFSF11/SLC22A24/SLC13A3/ABCB4/SLC22A7/PLA2G2D/SLCO1B1/HSD17B13/GLTPD2/SERPINA5/PLA2R1/PLA2G5/LIPG/STARD5/CLN8/CLU/SLC27A5/RBP1/ABCA9/MTTP/NR1H4/XKR6/SLCO1B3/RBP4/TTPA/PLSCR4/APOL3/PON1/SCP2/FABP1/ACSL1/ABCA13/APOC3/SLC51A/SLC22A1/ABCA10/CYP4F2/SLC27A2/SLCO2B1/GRAMD1C/APOA4/SLCO4A1/ABCA6/C1QTNF1/ANO9/APOA5/NPC1L1/SHH/SPNS2/CETP/ANO3/APOF/PITPNM3/ATG2A",90
"Down in tumour","GO:0009636","response to toxic substance","61/1700","202/13463",0.301980198019802,2.39150553290623,3.06769825918762,7.57517534424139,2.63207777115089e-11,2.05480512100356e-09,2.05480512100356e-09,"CCL3/ALB/CYP1A1/ABCG2/HBB/PON3/APOM/ASS1/GCH1/EPHX2/MT1E/ADK/HBA1/INMT/ALAS1/CYGB/ALDH2/CLYBL/CPS1/GSTM1/TNF/AMBP/AQP9/ADAMTS13/FOS/HP/GSTM2/GLYAT/CAT/MT1G/CP/HAGH/MT1F/PTPN13/CDH1/MT1A/PTGS2/GSTA1/FBLN5/TTPA/PON1/MT1M/FABP1/ADH4/AKR7A3/MT2A/SCN11A/MT1H/IPCEF1/SLC17A3/MT1X/KDM6B/APOA4/CCL4/SRD5A1/MTARC2/CCL5/MT-CYB/AKR7L/HBA2/GSTZ1",61
"Down in tumour","GO:0141060","disruption of anatomical structure in another organism","29/1700","62/13463",0.467741935483871,3.70424098671727,6.16887002883412,8.11321224245029,4.23042306460529e-11,3.1943161697659e-09,3.1943161697659e-09,"GBP7/NKG7/DAO/C9/F2/C6/PLA2G2A/ARG1/CXCL2/CXCL14/HAMP/C7/GBP5/KNG1/CXCL12/CCL21/C8A/GBP1/CCL19/GSDMB/CCL22/GZMH/C5/LTF/GNLY/C8B/GZMM/PRF1/C8G",29
"Down in tumour","GO:0003013","circulatory system process","98/1700","406/13463",0.241379310344828,1.91158215010142,2.27513903075701,7.09018117118779,8.11597594610239e-11,5.75110541657656e-09,5.75110541657656e-09,"HTR2A/MFSD2A/FGG/TRPV4/KLF2/UTS2B/ABCG2/SLC16A2/HBB/CACNB2/ATP1B2/LPA/ADRA2B/GCH1/EDNRB/BMP6/KCNJ8/MME/AGTR1/FAAH/EMILIN1/EHD3/NTSR1/ACSM3/RAMP3/SCN7A/ADRA2A/SLC5A1/KCNN2/P2RX1/ADRA1B/FGA/CPS1/SLC38A3/ABCC9/ADRA1A/SLC1A2/KCNJ3/CTNNA3/TNF/CRP/SLC1A1/ENPEP/DMD/SLC13A3/KCNMA1/TEK/KCNE1/KCND3/GSTM2/KNG1/SERPINF2/SCN9A/AVPR1A/SLC7A2/CXCL12/SLC7A8/CD38/SLC38A2/DLL1/SVEP1/SGCD/PTGS2/BMP10/ADRB2/ID2/DRD5/LEPR/SLC24A3/SLC6A13/ABAT/SCN2A/ITGA9/SLC22A1/GCGR/CYP4F2/CYP2J2/SCN3A/ELN/PDE2A/FGB/SCN11A/SERPING1/ENG/FXYD1/SCNN1A/SLCO2B1/SLC4A4/TMIGD3/CACNA1H/DRD1/ATP2A3/ANK2/TBXA2R/ACE2/ADCY10/TJP3/SLC8A1",98
"Down in tumour","GO:0031638","zymogen activation","25/1700","50/13463",0.5,3.95970588235294,7.00776119402985,7.97059607162827,1.5262318113489e-10,1.03379760633427e-08,1.03379760633427e-08,"FGG/F7/C1RL/F10/F2/CFD/KLKB1/APOH/FGA/MASP1/HP/SERPINF2/HPN/GGT1/F11/C1S/GZMK/CLEC3B/HPR/C1R/F12/MASP2/FGB/F9/HGFAC",25
"Down in tumour","GO:0006690","icosanoid metabolic process","36/1700","93/13463",0.387096774193548,3.06557874762808,4.44306680161943,7.5986725966114,1.63525563008619e-10,1.09159238147493e-08,1.09159238147493e-08,"CYP4F3/CYP4F12/CYP4A11/PTGDS/DPEP2/CYP1A1/CYP2C19/CYP4Z1/CYP2C18/CYP2A6/CYP2A7/FAAH2/FAAH/AKR1C4/CYP2D6/CYP2B6/ACOX1/GSTM1/CYP1A2/PTGR1/AVPR1A/MGLL/PTGIS/PLA2G5/GGT1/CYP4A22/PTGS2/GSTA1/CYP2E1/GGT5/CYP4F2/CYP2J2/HPGD/CYP2C9/CYP2C8/CYP2A13",36
"Down in tumour","GO:0009074","aromatic amino acid family catabolic process","16/1700","23/13463",0.695652173913043,5.50915601023018,15.9565659993213,8.2277246755145,4.00604967310859e-10,2.59885419638566e-08,2.59885419638566e-08,"IDO2/FTCD/ACMSD/KMO/PAH/TDO2/HAAO/AMDHD1/HGD/KYNU/UROC1/HPD/TAT/HAL/HDC/GSTZ1",16
"Down in tumour","GO:0050865","regulation of cell activation","110/1700","492/13463",0.223577235772358,1.77060019129603,2.06116434522046,6.6198041297222,7.46409911537308e-10,4.58395207005445e-08,4.58395207005445e-08,"IL7R/CCR7/HTR2A/CCL3/FGL1/FCRL3/GATA3/AXL/FCHO1/CD6/PRKCQ/SELP/SHPK/CD300A/VSIG4/CNR2/KLRK1/PDGFRA/BANK1/CLEC12A/F2/CD3E/PLA2G2A/NR4A3/GP6/PIK3CD/ARG1/RIPOR2/KLRD1/HRG/CCL2/EMILIN1/CD19/CYGB/CD4/LILRA5/LST1/CAMK4/VNN1/IGF1/LDLR/PCK1/LILRB1/LBP/LAX1/TNF/TNFSF11/TNFRSF13B/TBX21/CD22/LCK/NFAM1/PLA2G2D/IL27/NLRP3/SFRP1/LAG3/CRTAM/RASAL3/ZAP70/IL1RL1/CARD11/IL12RB1/RUNX3/MZB1/RAG1/IRF4/PLA2G5/CCL21/LRRK2/ZBTB16/TSLP/CD38/IL33/BTLA/SVEP1/CD226/TESPA1/CR1/TTBK1/CD69/PTPRC/LILRB2/MMRN1/IGFBP2/ID2/CCL19/SIRPG/IKZF3/CD81/FCGR2B/RHOH/IGF2/JUNB/KLRC4-KLRK1/CAPN3/CD1D/TIGIT/TNFRSF13C/VAV1/PEAR1/EBI3/CCL5/GLI2/TNFSF14/C1QTNF1/LILRA2/CST7/SHH/CLNK",110
"Down in tumour","GO:0050878","regulation of body fluid levels","70/1700","268/13463",0.261194029850746,2.06850307287094,2.50836586726157,6.71674221304114,1.24952711830356e-09,7.28521760367875e-08,7.28521760367875e-08,"HTR2A/FGG/FGL1/AXL/ANXA8/CYP4F12/CYP4A11/F7/TRPV4/SAA1/PRKCQ/C4BPB/SELP/F10/HBB/PDGFRA/ADRA2B/F2/PRICKLE1/EDNRB/PLG/GP6/HRG/EMILIN1/ADCY1/KLKB1/ANGPTL6/VTN/AQP3/ADRA2A/APOH/FGA/SERPINA10/PRRG2/CDO1/TFPI2/LCK/ANGPTL4/ADAMTS13/PROC/KNG1/PRRG4/SERPINF2/SERPINC1/F11/F13B/SVEP1/CPB2/PRKAR2B/MMRN1/ANO1/F12/CYP4F2/ANGPTL1/ADCY5/SERPINA1/FGB/SERPING1/ERBB4/SCNN1A/F9/HAS2/HGFAC/VAV1/PEAR1/C1QTNF1/TBXA2R/PROZ/CFTR/AQP4",70
"Down in tumour","GO:0006790","sulfur compound metabolic process","62/1700","229/13463",0.270742358078603,2.1441202157719,2.62826727497386,6.63840952528307,2.44390575724657e-09,1.38970739726885e-07,1.38970739726885e-07,"PANK1/SULT1B1/ACSM2A/ACOT12/DPEP2/GHR/AADAT/GCDH/CTH/CHST9/ACSL5/ACACB/BHMT/BAAT/AASS/NAT8/ACAT1/PIPOX/ACSM3/VNN1/BCKDHB/CPS1/MTHFD1/MMUT/DGAT2/CDO1/SLC1A2/GSTM1/SLC1A1/SLC19A3/FMO3/NUDT7/ACSM5/GNMT/GSTM2/GLYAT/BHMT2/MAT1A/MSRA/SULT1E1/GGT1/HAGH/LOC102724560/GSTA1/CSAD/SULT1A2/GGT5/CBS/PDK4/ACSL1/ACSM2B/SULT1A1/SLC27A2/GSTT2B/GSTA2/CHST7/MLYCD/HMGCS2/SULT2A1/CHST4/AGXT/GSTZ1",62
"Down in tumour","GO:0042573","retinoic acid metabolic process","17/1700","28/13463",0.607142857142857,4.80821428571429,10.791551882461,7.6683471156844,2.65353599348478e-09,1.49051058365743e-07,1.49051058365743e-07,"ADH1A/CYP3A7/CYP1A1/CYP2C18/CYP26A1/ALDH1A3/ADH1C/UGT1A9/BCO2/CYP3A5/UGT1A1/RBP1/ADH6/ALDH8A1/CYP2C8/CYP3A4/ADH1B",17
"Down in tumour","GO:0051384","response to glucocorticoid","34/1700","94/13463",0.361702127659574,2.86446808510638,3.98061224489796,6.89587886914838,4.20947533641801e-09,2.30819564280254e-07,2.30819564280254e-07,"MT-ND3/PTGDS/GHR/GOT1/LCAT/ASS1/BMP6/TDO2/NTRK3/ALPL/CPS1/PCK1/CDO1/ZFP36/TNF/TBX21/IL1RN/PCK2/UGT1A9/FOS/AVPR1A/DUSP1/TAT/FLT3/UGT1A1/BCHE/IGFBP2/ERRFI1/FOSB/POR/CPN1/SRD5A1/HMGCS2/UGT1A4",34
"Down in tumour","GO:0170044","non-proteinogenic amino acid catabolic process","14/1700","20/13463",0.7,5.54358823529412,16.2710557532622,7.73011705131242,4.59748874744519e-09,2.49129802008618e-07,2.49129802008618e-07,"OTC/DAO/ASS1/GOT2/HOGA1/AGXT2/KYNU/LOC102724560/CBS/SARDH/ABAT/ALDH8A1/ALDH4A1/PRODH",14
"Down in tumour","GO:0008210","estrogen metabolic process","18/1700","32/13463",0.5625,4.45466911764706,8.98089009682351,7.43785106127323,4.98160567053199e-09,2.6680553161012e-07,2.6680553161012e-07,"CYP3A7/CYP1A1/UGT2B10/UGT2B15/CYP2D6/HSD17B6/UGT1A9/CYP1A2/UGT2B7/SULT1E1/CYP3A5/UGT1A1/HSD17B2/CYP2C9/SULT1A1/CYP2C8/CYP3A4/UGT1A4",18
"Down in tumour","GO:0002697","regulation of immune effector process","71/1700","282/13463",0.25177304964539,1.99389445139758,2.38622828531446,6.41225589528157,5.20353803989831e-09,2.75488462204271e-07,2.75488462204271e-07,"HTR2A/IL18R1/FCRL3/CFB/APOA1/FES/C4BPB/CD300A/RSAD2/VSIG4/KLRK1/KLRB1/A2M/C6/C3/NR4A3/ARG1/KLRD1/AZGP1/CALHM6/FCN3/SCIMP/DNASE1L3/CD5L/PCK1/LILRB1/CFP/COLEC11/LBP/COLEC10/MASP1/TNF/TBX21/SLAMF6/CD22/CFI/IL27/NLRP3/LAG3/CRTAM/CD244/MBL2/C4A/IL12RB1/MZB1/PLA2G5/KLRC4/IL33/BTLA/CD226/CR1/CLU/CD69/PTPRC/RBP4/NCR1/CCL19/C4BPA/CD81/FCGR2B/JUNB/MASP2/KLRC4-KLRK1/SERPING1/CD1D/TIGIT/CD1C/FCN2/NCF1/FCN1/CLNK",71
"Down in tumour","GO:0007596","blood coagulation","54/1700","192/13463",0.28125,2.22733455882353,2.76361667283005,6.51151369264041,6.15645893039597e-09,3.15073887037821e-07,3.15073887037821e-07,"HTR2A/FGG/FGL1/AXL/ANXA8/F7/SAA1/PRKCQ/C4BPB/SELP/F10/HBB/PDGFRA/ADRA2B/F2/PLG/GP6/HRG/EMILIN1/KLKB1/ANGPTL6/VTN/ADRA2A/APOH/FGA/SERPINA10/PRRG2/TFPI2/LCK/ANGPTL4/ADAMTS13/PROC/KNG1/PRRG4/SERPINF2/SERPINC1/F11/F13B/SVEP1/CPB2/MMRN1/F12/CYP4F2/ANGPTL1/SERPINA1/FGB/SERPING1/F9/HGFAC/VAV1/PEAR1/C1QTNF1/TBXA2R/PROZ",54
"Down in tumour","GO:0050817","coagulation","54/1700","192/13463",0.28125,2.22733455882353,2.76361667283005,6.51151369264041,6.15645893039597e-09,3.15073887037821e-07,3.15073887037821e-07,"HTR2A/FGG/FGL1/AXL/ANXA8/F7/SAA1/PRKCQ/C4BPB/SELP/F10/HBB/PDGFRA/ADRA2B/F2/PLG/GP6/HRG/EMILIN1/KLKB1/ANGPTL6/VTN/ADRA2A/APOH/FGA/SERPINA10/PRRG2/TFPI2/LCK/ANGPTL4/ADAMTS13/PROC/KNG1/PRRG4/SERPINF2/SERPINC1/F11/F13B/SVEP1/CPB2/MMRN1/F12/CYP4F2/ANGPTL1/SERPINA1/FGB/SERPING1/F9/HGFAC/VAV1/PEAR1/C1QTNF1/TBXA2R/PROZ",54
"Down in tumour","GO:0072001","renal system development","52/1700","186/13463",0.279569892473118,2.21402909550917,2.73831691059267,6.33805195574015,1.46317926860188e-08,7.09410916966345e-07,7.09410916966345e-07,"GATA3/HS3ST3A1/CYP4A11/PDGFRA/FOXF1/PRICKLE1/ASS1/BASP1/BMP6/KCNJ8/MME/AGTR1/ACAT1/CYP26A1/BMPER/HS3ST3B1/ROBO2/PROM1/TCF21/MAGI2/ENPEP/TEK/SFRP1/EPCAM/CAT/SULF2/LRRK2/ZBTB16/CYP4A22/DLL1/KLHL3/CR1/WNT11/GFRA1/COL4A3/SLC34A1/RBP4/SMAD6/ID3/DACT2/SLC22A1/HPGD/FGFR2/GDNF/COL4A4/HAS2/EGR1/GLI2/HMGCS2/TACSTD2/RET/SHH",52
"Down in tumour","GO:0170038","proteinogenic amino acid biosynthetic process","22/1700","48/13463",0.458333333333333,3.62973039215686,5.9185385532227,6.93835810544463,1.52248723144887e-08,7.30476686255575e-07,7.30476686255575e-07,"OTC/CTH/BHMT/GOT1/ASS1/PAH/PHGDH/FOLH1/MTHFD1/SHMT1/GLS2/AGXT2/BHMT2/PSAT1/ASL/GGT1/OAT/LOC102724560/CBS/HAO1/AGXT/NAGS",22
"Down in tumour","GO:0022407","regulation of cell-cell adhesion","89/1700","393/13463",0.2264631043257,1.79345457266876,2.08241652781862,6.06877105511589,1.71336184353384e-08,8.05280066460906e-07,8.05280066460906e-07,"IL7R/CCR7/HTR2A/FGG/FGL1/SPINT2/GATA3/FCHO1/APOA1/FUT3/CD6/TRPV4/PRKCQ/SELP/CD300A/VSIG4/KLRK1/ASS1/CD3E/PLA2G2A/NR4A3/BMP6/PLG/GP6/PIK3CD/ARG1/RIPOR2/PKHD1/CCL2/CD4/VNN1/IGF1/FGA/PCK1/LILRB1/LAX1/TNF/TNFSF11/TBX21/LCK/PLA2G2D/IL1RN/NLRP3/LAG3/CRTAM/EPCAM/RASAL3/ZAP70/ANK3/SERPINF2/CARD11/IL12RB1/RUNX3/RAG1/PLA2G5/CXCL12/CCL21/ZBTB16/EPHA3/BTLA/CDH1/SKAP1/TESPA1/CR1/CD69/PTPRC/LILRB2/MMRN1/IGFBP2/CCL19/SIRPG/CD81/RHOH/IGF2/PLPP3/FGB/KLRC4-KLRK1/CD1D/HAS2/TIGIT/TNFRSF13C/VAV1/EBI3/CCL5/GLI2/TNFSF14/C1QTNF1/CHST4/SHH",89
"Down in tumour","GO:0170041","non-proteinogenic amino acid metabolic process","22/1700","49/13463",0.448979591836735,3.55565426170468,5.69884783472388,6.81304401725613,2.43501459696725e-08,1.0995761993756e-06,1.0995761993756e-06,"OTC/AADAT/CTH/DAO/ASS1/GOT2/KMO/HOGA1/CPS1/MTHFD1/MMUT/AGXT2/KYNU/GNMT/UPB1/LOC102724560/CBS/SARDH/ABAT/ALDH8A1/ALDH4A1/PRODH",22
"Down in tumour","GO:0006814","sodium ion transport","45/1700","153/13463",0.294117647058824,2.32923875432526,2.93429003021148,6.28607976767579,2.57216904462765e-08,1.15023404073349e-06,1.15023404073349e-06,"SLC9A9/PRSS8/SLC28A3/ATP1B2/SLC34A2/PER1/SHROOM2/EDNRB/SIK1/SLC17A2/CNGA1/SCN7A/SLC10A1/SLC5A1/SLC38A3/SLC38A4/SLC6A19/DMD/SLC13A3/SLC6A12/FXYD2/WNK2/FXYD6/ANK3/SCN9A/TRPV3/SLC38A2/KLHL3/SLC17A1/SLC13A5/SLC34A1/SLC24A3/SLC24A4/SLC6A13/SCN2A/NALCN/SCN3A/SCN11A/SLC17A3/FXYD1/SCNN1A/SLC4A4/SLC6A11/SLC23A2/SLC8A1",45
"Down in tumour","GO:0097305","response to alcohol","53/1700","195/13463",0.271794871794872,2.15245550527903,2.6335248894704,6.16252857999783,3.03315111010833e-08,1.34333596280375e-06,1.34333596280375e-06,"CCR7/CCL3/GATA3/F7/GHR/CYP8B1/CNR2/GOT2/ALAS1/FAAH/ADCY1/CD4/TDO2/ADRA2A/NTRK3/GABBR1/SLC10A1/CPS1/CDO1/GRIN2B/TNF/FBP1/SFRP1/FOS/AVPR1A/CAT/CRHBP/CCL21/CDH1/TAT/PTPRC/RBP4/CCL19/ABAT/FOSB/NR0B2/HPGD/MAP4K1/FGFR2/ADCY5/PTGER2/GPLD1/SCN11A/DBH/SCNN1A/MT-ND4/SLC23A2/MT-CYB/TBXA2R/HMGCS2/PTGDR/CFTR/CA3",53
"Down in tumour","GO:0034368","protein-lipid complex remodeling","17/1700","32/13463",0.53125,4.2071875,7.91111111111111,6.90502683128866,4.23707541310825e-08,1.82392236941837e-06,1.82392236941837e-06,"APOA1/PCSK6/LCAT/APOM/PLA2G2A/AGTR1/APOH/LIPC/ANGPTL4/PLA2G5/LIPG/NR1H4/APOC3/ANGPTL3/APOA4/APOA5/CETP",17
"Down in tumour","GO:0034369","plasma lipoprotein particle remodeling","17/1700","32/13463",0.53125,4.2071875,7.91111111111111,6.90502683128866,4.23707541310825e-08,1.82392236941837e-06,1.82392236941837e-06,"APOA1/PCSK6/LCAT/APOM/PLA2G2A/AGTR1/APOH/LIPC/ANGPTL4/PLA2G5/LIPG/NR1H4/APOC3/ANGPTL3/APOA4/APOA5/CETP",17
"Down in tumour","GO:0160257","complement activation, GZMK pathway","10/1700","12/13463",0.833333333333333,6.59950980392157,34.7958579881657,7.37706400210048,5.21524399552882e-08,2.18376489485507e-06,2.18376489485507e-06,"C9/C6/C3/C7/C4A/C8A/GZMK/C5/C8B/C8G",10
"Down in tumour","GO:0042730","fibrinolysis","14/1700","24/13463",0.583333333333333,4.6196568627451,9.75931198102017,6.74698510352006,1.41728765711379e-07,5.48573693165221e-06,5.48573693165221e-06,"FGG/F2/PLG/HRG/KLKB1/VTN/APOH/FGA/SERPINF2/F11/CPB2/F12/FGB/SERPING1",14
"Down in tumour","GO:0006575","modified amino acid metabolic process","42/1700","146/13463",0.287671232876712,2.27818694601128,2.83983251368655,5.9032042654166,1.47769493959285e-07,5.67188574313721e-06,5.67188574313721e-06,"SULT1B1/DIO1/GATA3/FTCD/DMGDH/SLC16A2/BHMT/ASS1/GCH1/GOT2/NAT8/HOGA1/ALDH1L1/VNN1/SLC25A42/MTHFD1/SHMT1/SLC1A2/GSTM1/SLC1A1/BBOX1/AGXT2/GNMT/GSTM2/BHMT2/HPN/GGT1/GAMT/HAGH/GSTA1/IYD/GGT5/SARDH/ALDH4A1/POR/ACADL/SULT1A1/GSTT2B/GSTA2/SULT2A1/PRODH/GSTZ1",42
"Down in tumour","GO:0042110","T cell activation","92/1700","430/13463",0.213953488372093,1.69438577291382,1.93393240896111,5.56330729832295,1.68088063953569e-07,6.2944196956922e-06,6.2944196956922e-06,"CD247/IL7R/TRBC1/CCR7/IL18R1/FGL1/NKG7/GATA3/FCHO1/CD6/SLAMF7/PRKCQ/CD300A/RSAD2/VSIG4/KLRK1/CD8B/CD3E/ITK/PLA2G2A/PIK3CD/ARG1/RIPOR2/CCL2/CD4/CAMK4/VNN1/IGF1/PCK1/LILRB1/LAX1/TNFSF11/TBX21/SLAMF6/LCK/PLA2G2D/IL27/NLRP3/LAG3/CRTAM/RASAL3/ZAP70/HSH2D/CARD11/IL12RB1/RUNX3/RAG1/IRF4/PLA2G5/RORA/CCL21/STAT4/ZBTB16/CD38/BTLA/TESPA1/CR1/CD69/PTPRC/THEMIS/LILRB2/IGFBP2/TRGC1/LEPR/CCL19/SEMA6D/SIRPG/EOMES/SOCS3/IKZF3/CD81/FCGR2B/RHOH/IGF2/JUNB/KLRC4-KLRK1/LY9/CD8A/CD1D/TIGIT/TNFRSF13C/VAV1/CD1C/TRBC2/EBI3/CCL5/GLI2/TNFSF14/SH2D2A/SHH/NLRC3/IL18RAP",92
"Down in tumour","GO:0007600","sensory perception","62/1700","255/13463",0.243137254901961,1.92550403690888,2.26910107739123,5.67218102628101,1.88153850736287e-07,6.98900513299467e-06,6.98900513299467e-06,"HTR2A/TRPM8/CCL3/RTP3/COL11A2/RPGRIP1/GRAP/PIGR/SFRP5/MME/RIPOR2/AZGP1/CCL2/RDH5/NTSR1/REEP6/CNGA1/ANKRD24/COL18A1/CYP4V2/ADRA2A/ABCC6/TNF/USH1C/CABP4/MYO7B/RETREG1/KCNE1/PIRT/TMEM100/SCN9A/HPN/GRM8/SLC26A5/MGLL/CLRN3/PLCB2/CXCL12/OAT/TECTA/CHRNA4/MYO15A/LUM/COL4A3/KCNA2/CDH23/RBP4/ANO1/SLC24A4/OR10J6P/ESPN/TRPV1/SCN11A/SCNN1A/LRAT/SULT2A1/TACSTD2/ANO9/SPNS2/CRYAA/PKD1L3/EPHB1",62
"Down in tumour","GO:0035725","sodium ion transmembrane transport","36/1700","118/13463",0.305084745762712,2.41609172482552,3.08187734521576,5.87345038940805,2.30552401946877e-07,8.36160916037256e-06,8.36160916037256e-06,"SLC9A9/SLC28A3/ATP1B2/SLC34A2/SHROOM2/SLC17A2/CNGA1/SCN7A/SLC5A1/SLC38A4/SLC6A19/DMD/SLC13A3/SLC6A12/FXYD2/WNK2/FXYD6/SCN9A/TRPV3/SLC38A2/SLC17A1/SLC13A5/SLC34A1/SLC24A3/SLC24A4/SLC6A13/SCN2A/NALCN/SCN3A/SCN11A/SLC17A3/FXYD1/SCNN1A/SLC4A4/SLC6A11/SLC8A1",36
"Down in tumour","GO:0050727","regulation of inflammatory response","71/1700","309/13463",0.229773462783172,1.81967066438226,2.11057719588756,5.54127773994346,2.67163451625068e-07,9.61370982957081e-06,9.61370982957081e-06,"CCR7/HTR2A/IL18R1/CCL3/NKG7/GATA3/APOA1/TRPV4/SAA1/AOAH/SHPK/CLEC12A/IL10RA/SIGLEC10/EDNRB/ZBP1/PLA2G2A/NR4A3/SIGIRR/AGTR1/DDT/CREB3L3/KLKB1/GNA14/CD4/LILRA5/IGF1/LDLR/DNASE1L3/LBP/NLRP14/TNF/TNFSF11/AHSG/GBP5/TEK/PLA2G2D/IL1RN/FNDC4/NLRP3/PROC/IL1RL1/MGLL/PTGIS/RORA/GGT1/LRRK2/TSLP/IL33/PTGS2/GZMK/TTBK1/CD69/PRKAR2B/PTPRC/NR1H4/MEFV/GBP1/F12/IL1RAP/AIM2/CD81/FCGR2B/PDE2A/APCS/CCL5/TNFSF14/NCF1/ACE2/CST7/NLRC3",71
"Down in tumour","GO:0042537","benzene-containing compound metabolic process","11/1700","16/13463",0.6875,5.44459558823529,15.315334517466,6.76238270149901,3.00140314885422e-07,1.05530251172691e-05,1.05530251172691e-05,"AADAT/EPHX2/KMO/HAAO/GSTM1/ACAA1/KYNU/GSTM2/CYP2E1/ALDH8A1/SRD5A2",11
"Down in tumour","GO:0032892","positive regulation of organic acid transport","15/1700","29/13463",0.517241379310345,4.09624746450304,7.47075031793133,6.34530052959684,4.25113595515967e-07,1.43975972128422e-05,1.43975972128422e-05,"CLTRN/CYP4A11/ACSL5/ABCB11/KMO/NTSR1/GABBR1/SLC38A3/TNFSF11/AVPR1A/PLA2R1/ACSL1/ABAT/CYP4F2/ACE2",15
"Down in tumour","GO:0098739","import across plasma membrane","50/1700","194/13463",0.257731958762887,2.0410855063675,2.44507575757576,5.55249752494841,4.43165164640284e-07,1.48994069221398e-05,1.48994069221398e-05,"KCNJ15/SLC2A9/SLC9A9/CLTRN/P2RX5/TRPV4/SLC39A14/SLC16A2/ACSL5/ATP1B2/SLC15A1/KCNJ8/SLC2A2/SLC28A1/NTSR1/SLC39A5/IGF1/SLC5A1/P2RX1/SLC38A3/TRPV6/ABCC9/SLC1A2/KCNJ3/SLC25A27/TNF/SLC38A4/SLC6A19/SLC1A1/KCNJ10/KCNJ16/FXYD2/FXYD6/TRPV3/SLC7A2/SLC7A8/SLC38A2/PRKAG2/SLC34A1/ACSL1/SLC24A4/SLC6A13/TRPV1/FXYD1/SCNN1A/CACNA1H/ANK2/MS4A1/ACE2/SLC8A1",50
"Down in tumour","GO:0019216","regulation of lipid metabolic process","63/1700","267/13463",0.235955056179775,1.86862524785195,2.18062991843041,5.4498824020875,4.69710430094613e-07,1.56774365290999e-05,1.56774365290999e-05,"HTR2A/MFSD2A/APOA1/KIF12/CH25H/ACACB/CIDEB/ABCB11/CCDC3/SEC14L2/EPHX2/C3/BMP6/MLXIPL/AGTR1/SIK1/ACADVL/ADRA2A/APOH/PLCH2/SPATA18/LDLR/PCK1/TM6SF2/HCAR3/DGAT2/PLIN5/THRSP/PSAPL1/TNF/PPARGC1A/ANGPTL4/UGT1A9/INSIG1/HSD17B13/ASXL3/AVPR1A/RORA/PTGS2/SORL1/BMP5/UGT1A1/PRKAG2/NR1H4/ID2/SCP2/PDK4/FABP1/PLIN1/APOC3/HCAR2/HPGD/ANGPTL3/SLC45A3/POR/GPLD1/ACADL/SERPINA3/APOA4/EGR1/MLYCD/APOA5/UGT1A4",63
"Down in tumour","GO:0046164","alcohol catabolic process","16/1700","33/13463",0.484848484848485,3.83971479500891,6.56476177169205,6.20888896083092,5.47640850247754e-07,1.81470054405838e-05,1.81470054405838e-05,"SULT1B1/AKR1D1/CYP27A1/GK/NTSR1/ALDH2/SORD/TKFC/SULT1E1/SULT1A2/ALDH1B1/ADH4/HAO1/SULT1A1/CYP39A1/SULT2A1",16
"Down in tumour","GO:0016048","detection of temperature stimulus","9/1700","12/13463",0.75,5.93955882352941,20.8633944411591,6.50761278385415,1.23008876370465e-06,3.88067729152304e-05,3.88067729152304e-05,"HTR2A/NTSR1/SCN9A/CXCL12/ANO1/TRPV1/SCN11A/EPHB1/ANO3",9
"Down in tumour","GO:0048245","eosinophil chemotaxis","9/1700","12/13463",0.75,5.93955882352941,20.8633944411591,6.50761278385415,1.23008876370465e-06,3.88067729152304e-05,3.88067729152304e-05,"CCL3/CCL4L1/CCL2/CCL16/CCL21/CCL19/CCL22/CCL4/CCL5",9
"Down in tumour","GO:0072677","eosinophil migration","10/1700","15/13463",0.666666666666667,5.27960784313725,13.9147928994083,6.30435933974893,1.65123159202242e-06,5.07038180857018e-05,5.07038180857018e-05,"CCL3/CD300A/CCL4L1/CCL2/CCL16/CCL21/CCL19/CCL22/CCL4/CCL5",10
"Down in tumour","GO:0002521","leukocyte differentiation","92/1700","453/13463",0.203090507726269,1.60835735618751,1.80707266989154,5.00713639593073,1.87128256794503e-06,5.70803146222174e-05,5.70803146222174e-05,"IL7R/CCR7/IL18R1/CCL3/FCRL3/CFB/GATA3/AXL/EEIG1/P2RX5/FES/CBFA2T3/RSAD2/C1QC/CLEC12A/PBX1/CD3E/ITK/HCLS1/PIK3CD/CD19/CD4/TAL1/CAMK4/TRIB1/VNN1/IKZF1/PCK1/LILRB1/POU2AF1/TNF/TNFSF11/TBX21/SLAMF6/IL2RB/LCK/NFAM1/IL27/NLRP3/SFRP1/LAG3/CRTAM/FOS/ZAP70/IL1RL1/IL12RB1/RUNX3/RAG1/IRF4/RORA/MT1G/STAT4/ZBTB16/IL33/DLL1/IGHM/TESPA1/CR1/FLT3/CD69/PTPRC/THEMIS/LILRB2/TF/CD79A/ID2/LEPR/CCL19/EOMES/SOCS3/IKZF3/ARID3C/IL1RAP/CD81/EPHA2/FCGR2B/RHOH/LTF/PDE2A/JUNB/TMEM178A/SPIB/LY9/CD8A/CD1D/BLNK/APCS/GLI2/IRF8/MS4A1/SHH/IL18RAP",92
"Down in tumour","GO:0055088","lipid homeostasis","41/1700","154/13463",0.266233766233766,2.10841482047364,2.54791509972422,5.25908484335585,1.93553743842514e-06,5.86518779038566e-05,5.86518779038566e-05,"ACSM2A/APOA1/TLCD4/TSKU/ACACB/ABCB11/LCAT/PNPLA3/APOM/EPHX2/APOC4/MLXIPL/ACSM3/LDLR/ABCG8/TM6SF2/DGAT2/ACOX1/ABCG5/LIPC/SLC25A27/ABCB4/ANGPTL4/INSIG1/RORA/LIPG/CLN8/RBP1/MTTP/NR1H4/NEGR1/APOC3/GCKR/ANGPTL3/CYP39A1/RCN3/APOA4/G6PC1/APOA5/NPC1L1/CETP",41
"Down in tumour","GO:0010273","detoxification of copper ion","8/1700","10/13463",0.8,6.33552941176471,27.8037825059102,6.41635157462828,2.2622070512452e-06,6.67931133207398e-05,6.67931133207398e-05,"MT1E/MT1G/MT1F/MT1A/MT1M/MT2A/MT1H/MT1X",8
"Down in tumour","GO:0042219","modified amino acid catabolic process","13/1700","25/13463",0.52,4.11809411764706,7.54608772969769,5.93214982456343,2.35862048121157e-06,6.79895270815269e-05,6.79895270815269e-05,"DIO1/DMGDH/BHMT/GOT2/HOGA1/ALDH1L1/AGXT2/GGT1/GGT5/SARDH/ALDH4A1/ACADL/PRODH",13
"Down in tumour","GO:0170034","L-amino acid biosynthetic process","18/1700","44/13463",0.409090909090909,3.23975935828877,4.83092472331473,5.65702146912243,2.42081685657195e-06,6.79895270815269e-05,6.79895270815269e-05,"OTC/CTH/BHMT/GOT1/ASS1/PAH/PHGDH/FOLH1/MTHFD1/GLS2/BHMT2/PSAT1/ASL/GGT1/OAT/LOC102724560/CBS/NAGS",18
"Down in tumour","GO:0042180","ketone metabolic process","46/1700","183/13463",0.251366120218579,1.99067180970749,2.36010909187195,5.12951752166241,2.66466194089919e-06,7.39363427697691e-05,7.39363427697691e-05,"CYP4F3/MFSD2A/CYP4F12/KIF12/AADAT/HSD17B3/ACACB/CYP11A1/ABCB11/EDNRB/BMP6/MLXIPL/KMO/ACADVL/AKR1C4/DGAT2/CYP2B6/PLIN5/HSD17B6/PPARGC1A/ANGPTL4/KYNU/UGT1A9/AVPR1A/HAGH/PTGS2/BMP5/UGT1A1/PRKAG2/NR1H4/SCP2/PDK4/APOC3/ADH4/ALDH8A1/CYP4F2/SLC45A3/ACADL/SRD5A2/APOA4/CACNA1H/SRD5A1/EGR1/MLYCD/APOA5/UGT1A4",46
"Down in tumour","GO:0042391","regulation of membrane potential","61/1700","269/13463",0.226765799256506,1.7958517384649,2.0675570235134,5.01233713854191,2.89756040990521e-06,7.9917145197745e-05,7.9917145197745e-05,"ALB/P2RX5/FHL1/CNR2/CACNB2/ATP1B2/GOT1/KCNJ8/EHD3/GNA14/NTSR1/KCNH7/SCN7A/KCNN2/P2RX1/TRPC5/ADRA1A/GRIN2B/BOK/KCNJ3/SLC25A27/CTNNA3/TNF/KCNK5/BEGAIN/DMD/KCNMA1/KCNA3/KCNE1/KCND3/ANK3/GRIA3/SCN9A/BCO2/LRRK2/GABRB3/STX1B/RGS7BP/CHRNA4/CUX2/ADRB2/DCN/KCNA2/SLC34A1/RELN/CHRNE/SLC24A4/ABAT/SCN2A/NALCN/SCN3A/TRPV1/SCN11A/FXYD1/SLC4A4/CACNA1H/TMEM25/ANK2/CFTR/ADCY10/SLC8A1",61
"Down in tumour","GO:0072378","blood coagulation, fibrin clot formation","12/1700","22/13463",0.545454545454545,4.31967914438503,8.35521327014218,5.92395655985771,3.01165489720459e-06,8.25695384316926e-05,8.25695384316926e-05,"FGG/F7/F10/F2/KLKB1/APOH/FGA/F11/F13B/F12/FGB/F9",12
"Down in tumour","GO:0097006","regulation of plasma lipoprotein particle levels","24/1700","71/13463",0.338028169014085,2.67698425849213,3.56959325648708,5.38586725657657,3.1816407362942e-06,8.67138297714265e-05,8.67138297714265e-05,"MFSD2A/APOA1/PCSK6/CIDEB/LCAT/APOM/PLA2G2A/AGTR1/CES3/APOH/LDLR/DGAT2/LIPC/ANGPTL4/PLA2G5/LIPG/MTTP/NR1H4/APOC3/ANGPTL3/GPLD1/APOA4/APOA5/CETP",24
"Down in tumour","GO:0035296","regulation of tube diameter","29/1700","95/13463",0.305263157894737,2.41750464396285,3.07575757575758,5.27076046693256,3.31901146263461e-06,8.78584298672128e-05,8.78584298672128e-05,"HTR2A/FGG/KLF2/UTS2B/HBB/ADRA2B/EDNRB/AGTR1/FAAH/ADRA2A/ADRA1B/FGA/CPS1/ADRA1A/TNF/CRP/KCNMA1/KNG1/SERPINF2/AVPR1A/CD38/SVEP1/ADRB2/ITGA9/FGB/DRD1/TBXA2R/ACE2/SLC8A1",29
"Down in tumour","GO:0097746","blood vessel diameter maintenance","29/1700","95/13463",0.305263157894737,2.41750464396285,3.07575757575758,5.27076046693256,3.31901146263461e-06,8.78584298672128e-05,8.78584298672128e-05,"HTR2A/FGG/KLF2/UTS2B/HBB/ADRA2B/EDNRB/AGTR1/FAAH/ADRA2A/ADRA1B/FGA/CPS1/ADRA1A/TNF/CRP/KCNMA1/KNG1/SERPINF2/AVPR1A/CD38/SVEP1/ADRB2/ITGA9/FGB/DRD1/TBXA2R/ACE2/SLC8A1",29
"Down in tumour","GO:0071941","nitrogen cycle metabolic process","9/1700","13/13463",0.692307692307692,5.48266968325792,15.6462152572442,6.14706035462712,3.54725441134484e-06,9.17901899924402e-05,9.17901899924402e-05,"OTC/ASS1/ARG1/SLC25A15/CPS1/ASL/NR1H4/CYP2C9/NAGS",9
"Down in tumour","GO:0032102","negative regulation of response to external stimulus","68/1700","313/13463",0.217252396166134,1.72051118210863,1.95884353741497,4.90309403990736,3.93400241676258e-06,0.000100368383469938,0.000100368383469938,"IL18R1/FGG/GATA3/APOA1/SAA1/AOAH/VSIG4/KLRK1/PDGFRA/CLEC12A/F2/IL10RA/SIGLEC10/A2M/NR4A3/PLG/SIGIRR/DDT/ARG1/KLRD1/HRG/CCL2/KLKB1/VTN/ROBO2/TRIB1/APOH/IGF1/LDLR/FGA/LILRB1/TNF/PTPRS/TEK/IL1RN/FNDC4/NLRP3/PROC/KNG1/SERPINF2/PTGIS/RORA/F11/IL33/DUSP1/CPB2/CR1/CD69/PRKAR2B/PTPRC/MMRN1/NR1H4/MEFV/F12/IL1RAP/C5/FCGR2B/LTF/FGB/KLRC4-KLRK1/SERPING1/TIGIT/APCS/TNFSF14/C1QTNF1/LILRA2/CST7/NLRC3",68
"Down in tumour","GO:0045807","positive regulation of endocytosis","37/1700","137/13463",0.27007299270073,2.13881923572349,2.59489476849068,5.09313723669935,4.20091159693359e-06,0.000105159776171066,0.000105159776171066,"CCR7/CFB/AXL/APOA1/NTF3/C3/CCL2/TFR2/VTN/HAMP/FCN3/CFP/CD14/COLEC11/COLEC10/MAGI2/MASP1/AHSG/IL2RB/MBL2/C4A/PLA2G5/CCL21/LRRK2/DLL1/CLU/PTPRC/TF/CCL19/SIRPG/ABCA13/FCGR2B/MASP2/TUB/FCN2/APOA5/FCN1",37
"Down in tumour","GO:0050819","negative regulation of coagulation","18/1700","46/13463",0.391304347826087,3.09890025575448,4.48509427552234,5.42079784556921,5.16398958506921e-06,0.000126517744834196,0.000126517744834196,"FGG/PDGFRA/F2/PLG/HRG/KLKB1/VTN/APOH/FGA/PROC/KNG1/SERPINF2/F11/CPB2/F12/FGB/SERPING1/C1QTNF1",18
"Down in tumour","GO:0070989","oxidative demethylation","8/1700","11/13463",0.727272727272727,5.75957219251337,18.5342789598109,6.00331369020962,7.3703951321854e-06,0.000173204285606357,0.000173204285606357,"CYP3A7/CYP2D6/CYP1A2/CYP3A43/CYP3A5/CYP2C9/CYP2C8/CYP3A4",8
"Down in tumour","GO:1901568","fatty acid derivative metabolic process","22/1700","65/13463",0.338461538461538,2.68041628959276,3.57346786040968,5.16266303483039,7.92060588601514e-06,0.000185189394472009,0.000185189394472009,"CYP4F3/CYP4F12/ACSM2A/CYP4A11/DPEP2/GCDH/ACSL5/ACAT1/ADHFE1/BCKDHB/DGAT2/HMGCL/NUDT7/PTGR1/GGT1/GGT5/ACSL1/PECR/CYP4F2/HPGD/SLC27A2/HMGCS2",22
"Down in tumour","GO:0007159","leukocyte cell-cell adhesion","71/1700","339/13463",0.209439528023599,1.65863786222454,1.86943963424132,4.66910495445883,9.3619944679433e-06,0.000215957996116838,0.000215957996116838,"IL7R/CCR7/FGL1/GATA3/FCHO1/CD6/PRKCQ/SELP/CD300A/VSIG4/KLRK1/ASS1/CD3E/PLA2G2A/NR4A3/PIK3CD/ARG1/RIPOR2/CCL2/CD4/VNN1/IGF1/PCK1/LILRB1/LAX1/TNF/TNFSF11/TBX21/LCK/PLA2G2D/NLRP3/LAG3/CRTAM/RASAL3/ZAP70/CARD11/IL12RB1/RUNX3/RAG1/PLA2G5/CXCL12/CCL21/ZBTB16/BTLA/SKAP1/TESPA1/CR1/CD69/PTPRC/LILRB2/LRG1/IGFBP2/CCL19/SIRPG/CD81/RHOH/IGF2/KLRC4-KLRK1/CD1D/HAS2/TIGIT/APOA4/TNFRSF13C/VAV1/EBI3/CCL5/CLEC4M/GLI2/TNFSF14/CHST4/SHH",71
"Down in tumour","GO:0061045","negative regulation of wound healing","21/1700","61/13463",0.344262295081967,2.72635486981678,3.66561941631924,5.13724632574025,9.3772469004272e-06,0.000215957996116838,0.000215957996116838,"FGG/PDGFRA/F2/PLG/HRG/KLKB1/VTN/APOH/FGA/TNF/PROC/KNG1/SERPINF2/F11/CPB2/MMRN1/F12/FGB/SERPING1/APCS/C1QTNF1",21
"Down in tumour","GO:0001909","leukocyte mediated cytotoxicity","28/1700","95/13463",0.294736842105263,2.33414241486068,2.92337356280797,4.96079157656003,1.02742420746001e-05,0.000234273064334694,0.000234273064334694,"NKG7/SLAMF7/DAO/KLRK1/KLRB1/F2/FCGR3B/ARG1/KLRD1/AZGP1/DNASE1L3/LILRB1/IGHG1/SLAMF6/CRTAM/IL12RB1/KLRC4/CD226/PTPRC/NCR1/GSDMB/FCGR2B/KLRC4-KLRK1/CD1D/PRF1/TIGIT/VAV1/CD1C",28
"Down in tumour","GO:0007586","digestion","23/1700","71/13463",0.323943661971831,2.56544324772162,3.347309183065,5.02763784885721,1.13674697007956e-05,0.000255407636301778,0.000255407636301778,"CRACD/PRAP1/AKR1D1/DAO/CYP8B1/IL10RA/CLDN2/HAMP/ADRA2A/FOLH1/LDLR/SLC5A1/ABCG8/ABCG5/PPARGC1A/LRCOL1/MUC6/RBP4/NR1I2/PBLD/CYP39A1/SERPINA3/NPC1L1",23
"Down in tumour","GO:0005975","carbohydrate metabolic process","85/1700","429/13463",0.198135198135198,1.56911421911422,1.74709302325581,4.55417200684106,1.24233952191001e-05,0.000276435547725484,0.000276435547725484,"HK3/GYS2/FUT3/SLC39A14/UGP2/CBFA2T3/SHPK/GNE/CHST9/MOGAT1/TREH/ACACB/GK/GOT1/SLC2A2/MLXIPL/GLB1L2/DHTKD1/SIK1/FOXO1/FUOM/NTSR1/PC/ALDH2/SORD/IGF1/NEU4/MST1/PCK1/OGDHL/FUT6/DGAT2/GBA3/PPARGC1A/HYAL1/PPP1R1A/FBP1/GNMT/PCK2/CD244/TKFC/MAN1C1/RORA/B3GAT1/GLYCTK/PPP1R3G/MOGAT2/KHK/PFKFB1/PRKAG2/PGM1/RBP4/GPD1/PDK4/ENO3/ALDH1B1/PGM5/SDS/ALDOB/GCKR/ST6GAL2/PTH1R/ANGPTL3/IGF2/SLC45A3/GPLD1/PPP1R3B/HAS2/SLC4A4/NNMT/AKR1E2/CHST7/B3GALT5/G6PC1/SLC23A2/GABARAPL1/MLYCD/SLC3A1/IDNK/CHST4/ADCY10/DCXR/FBN2/ST3GAL6/ATG2A",85
"Down in tumour","GO:0006935","chemotaxis","72/1700","348/13463",0.206896551724138,1.63849898580122,1.84066873197308,4.58760367070789,1.26178719148385e-05,0.000278076162869599,0.000278076162869599,"CCR7/PLXNA4/CCL3/APOA1/F7/HGF/FPR1/TRPV4/FES/SAA1/CH25H/PRKCQ/NTF3/KLRK1/PDGFRA/DEFB1/EDNRB/CCL14/C3/CCL4L1/PIK3CD/AGTR1/DDT/LECT2/L1CAM/RIPOR2/HRG/BIN2/UNC5C/CCL2/CXCL2/CXCL14/GNA14/CD4/NTRK3/ROBO2/CCN1/SEMA3E/COLEC10/TNFSF11/CCL16/EGR3/CCL3L1/PLCB2/CXCL12/CCL21/DUSP1/CXCL6/CCL19/SEMA6D/CCL22/LPAR1/EPHA2/C5/PIK3C2G/FLRT2/DSCAM/GDNF/KLRC4-KLRK1/ENG/NRG1/XCR1/PTN/NR4A1/LGR6/CCL4/CCL5/IL17RC/CCL3L3/NRG3/ACKR2/EPHB1",72
"Down in tumour","GO:0001819","positive regulation of cytokine production","80/1700","399/13463",0.200501253132832,1.58785198289842,1.77158558767754,4.53144334707436,1.42598308685334e-05,0.000306919537291891,0.000306919537291891,"CCR7/HTR2A/IL18R1/POU2F2/CCL3/GATA3/TRIM15/CD6/TRPV4/SAA1/PRKCQ/RSAD2/CLEC12A/CCBE1/ITK/SIGLEC16/C3/NR4A3/PIK3CD/DDT/CD4/LILRA5/ADRA2A/SCIMP/LILRB1/CD14/LBP/POU2AF1/TNF/TBX21/SLAMF6/GBP5/NFAM1/IL27/TRAF3IP3/NLRP3/CRTAM/CD244/IL1RL1/SERPINF2/ORM1/CARD11/IL12RB1/SULF2/PLA2R1/IRF4/RORA/LRRK2/TSLP/IL33/CD226/PTGS2/SORL1/CLU/PTPRC/LUM/LILRB2/ORM2/NR1H4/MEFV/GDF2/CCL19/PBLD/IL1RAP/AIM2/AGPAT2/CD81/C5/FCGR2B/LY9/TIGIT/IGHD/EBI3/EGR1/IL17RC/LILRA2/TXK/FCN1/CLNK/IL18RAP",80
"Down in tumour","GO:0044057","regulation of system process","73/1700","358/13463",0.20391061452514,1.6148521196188,1.80699382136965,4.48243376105183,1.85418295176074e-05,0.00038819848526409,0.00038819848526409,"HTR2A/FGG/CCL3/PRAP1/TRPV4/CYP8B1/CACNB2/ATP1B2/ADRA2B/GCH1/EDNRB/NR4A3/BMP6/AGTR1/FOXO1/FAAH/EHD3/CLDN2/NTSR1/HAMP/ADRA2A/IGF1/KCNN2/ADRA1B/FGA/ABCC9/ABCG8/ADRA1A/GRIN2B/ABCG5/CAMK2B/KCNJ3/CTNNA3/TNF/SLC1A1/DMD/KCNE1/KCND3/GSTM2/PIRT/TMEM100/AVPR1A/HAND2/MGLL/CRHBP/LRRK2/STX1B/CD38/SVEP1/MLIP/EGR2/CUX2/BMP10/ADRB2/RELN/ERRFI1/ABAT/NALCN/ITGA9/CYP2J2/FGB/FXYD1/TMIGD3/CACNA1H/TMEM25/ATP2A3/C1QTNF1/ANK2/TBXA2R/ACE2/ADCY10/CST7/SLC8A1",73
"Down in tumour","GO:0042167","heme catabolic process","9/1700","15/13463",0.6,4.75164705882353,10.4290360733294,5.5266117928687,1.95592500179424e-05,0.00040218707849394,0.00040218707849394,"ALB/AMBP/SLCO1B1/GSTA1/UGT1A1/SLCO1B3/FABP1/SLCO2B1/UGT1A4",9
"Down in tumour","GO:0046149","pigment catabolic process","9/1700","15/13463",0.6,4.75164705882353,10.4290360733294,5.5266117928687,1.95592500179424e-05,0.00040218707849394,0.00040218707849394,"ALB/AMBP/SLCO1B1/GSTA1/UGT1A1/SLCO1B3/FABP1/SLCO2B1/UGT1A4",9
"Down in tumour","GO:0032943","mononuclear cell proliferation","44/1700","186/13463",0.236559139784946,1.87340923466161,2.17444036197864,4.55978619325165,2.27441477191049e-05,0.000457465259363306,0.000457465259363306,"FCRL3/CD6/CD300A/VSIG4/CD3E/PLA2G2A/ARG1/RIPOR2/CD19/CD4/LST1/IGF1/LILRB1/CRP/TNFRSF13B/CD22/PLA2G2D/IL27/CRTAM/RASAL3/IL12RB1/MZB1/PLA2G5/CD38/BTLA/CR1/FLT3/PTPRC/LILRB2/IGFBP2/CD79A/CCL19/IKZF3/CD81/FCGR2B/IGF2/CD1D/TNFRSF13C/VAV1/EBI3/CCL5/TNFSF14/MS4A1/SHH",44
"Down in tumour","GO:0031341","regulation of cell killing","22/1700","69/13463",0.318840579710145,2.52502983802217,3.26822711941775,4.82800759174507,2.32288582309144e-05,0.000465183134833008,0.000465183134833008,"KLRK1/KLRB1/ARG1/KLRD1/AZGP1/DNASE1L3/LILRB1/SLAMF6/CRTAM/IL12RB1/KLRC4/CD226/CR1/CLU/PTPRC/NCR1/FCGR2B/KLRC4-KLRK1/CD1D/PRF1/TIGIT/CD1C",22
"Down in tumour","GO:0140962","multicellular organismal-level chemical homeostasis","19/1700","55/13463",0.345454545454545,2.73579679144385,3.68188578227246,4.90363832477779,2.34040277404181e-05,0.0004666621288847,0.0004666621288847,"CYP4F12/CYP4A11/TRPV4/BMP6/TFR2/ADCY1/AQP3/HAMP/MBL2/PRKAR2B/TF/CYP4F2/ADCY5/RCN3/SCNN1A/HAS2/TMPRSS6/CFTR/AQP4",19
"Down in tumour","GO:0046651","lymphocyte proliferation","43/1700","183/13463",0.234972677595628,1.86084538733526,2.15444865936719,4.45730004074942,3.33161290146304e-05,0.000631498313750567,0.000631498313750567,"FCRL3/CD6/CD300A/VSIG4/CD3E/PLA2G2A/ARG1/RIPOR2/CD19/CD4/LST1/IGF1/LILRB1/TNFRSF13B/CD22/PLA2G2D/IL27/CRTAM/RASAL3/IL12RB1/MZB1/PLA2G5/CD38/BTLA/CR1/FLT3/PTPRC/LILRB2/IGFBP2/CD79A/CCL19/IKZF3/CD81/FCGR2B/IGF2/CD1D/TNFRSF13C/VAV1/EBI3/CCL5/TNFSF14/MS4A1/SHH",43
"Down in tumour","GO:0071396","cellular response to lipid","89/1700","466/13463",0.190987124463519,1.51250568038374,1.66849264094496,4.28045846669613,3.3845041903565e-05,0.000638894520523853,0.000638894520523853,"CCR7/IL18R1/ESRRG/NR3C2/MT-ND3/AXL/TNIP3/CD6/FES/SHPK/AR/LTK/PER1/ASS1/EDNRB/NR4A3/PGR/BMP6/SIGIRR/KMO/CCL2/ADCY1/CD4/RAMP3/NTRK3/TRIB1/ESR1/AKR1C4/LDLR/SCIMP/CPS1/PCK1/LILRB1/IL24/LDOC1/CD14/DGAT2/SSTR1/LBP/ZFP36/TCF21/TNF/ABCB4/GBP5/FBP1/ADAMTS13/NLRP3/PCK2/SFRP1/UGT1A9/FOS/INSIG1/GPBAR1/HAND2/CRHBP/RORA/CCL21/EPHA3/TAT/WNT11/FLT3/UGT1A1/LILRB2/CXCL6/NR1H4/PLSCR4/CCL19/PDK4/ERRFI1/LPAR1/MAP4K1/LTF/FGFR2/ADCY5/NUGGC/PTGER2/GPLD1/SCNN1A/ABHD2/SRD5A1/TBXA2R/HMGCS2/NCF1/PTGDR/CFTR/RET/LILRA2/UGT1A4/IL18RAP",89
"Down in tumour","GO:0007188","adenylate cyclase-modulating G protein-coupled receptor signaling pathway","38/1700","155/13463",0.245161290322581,1.94153320683112,2.27584930112006,4.48193238042377,3.49246954524312e-05,0.000656584274505707,0.000656584274505707,"OXER1/ADGRG6/FPR1/RXFP1/S1PR5/CNR2/MARCO/ADRA2B/ADCY1/GNA14/RAMP3/ADRA2A/GABBR1/S1PR4/ADRA1B/GNAO1/ADRA1A/HCAR3/PSAPL1/GPBAR1/GRM8/NPY1R/VIPR1/PRKAR2B/ADRB2/DRD5/GCGR/LPAR1/PDE2A/PTH1R/ADCY5/PTGER2/TSHR/GLP2R/DRD1/TBXA2R/PTGIR/ADCY10",38
"Down in tumour","GO:0019319","hexose biosynthetic process","22/1700","71/13463",0.309859154929577,2.45390223695112,3.13429495755394,4.66940844113786,3.81927802665818e-05,0.000710680551220331,0.000710680551220331,"SLC39A14/GOT1/SIK1/FOXO1/PC/SORD/MST1/PCK1/DGAT2/PPARGC1A/FBP1/GNMT/PCK2/PFKFB1/PRKAG2/PGM1/RBP4/ENO3/SDS/ALDOB/NNMT/G6PC1",22
"Down in tumour","GO:0008217","regulation of blood pressure","28/1700","102/13463",0.274509803921569,2.17395617070358,2.64525410578042,4.52431351649965,4.3491354946247e-05,0.000788666066466195,0.000788666066466195,"UTS2B/HBB/ADRA2B/GCH1/EDNRB/MME/AGTR1/EMILIN1/NTSR1/ACSM3/P2RX1/ADRA1A/TNF/ENPEP/SERPINF2/AVPR1A/DLL1/PTGS2/ADRB2/ID2/DRD5/ABAT/GCGR/CYP4F2/ENG/SCNN1A/TBXA2R/ACE2",28
"Down in tumour","GO:0006833","water transport","8/1700","13/13463",0.615384615384615,4.87348416289593,11.1186761229314,5.31168759120091,4.54170134016301e-05,0.000807686346439799,0.000807686346439799,"AQP3/SLC5A1/AQP9/SLC14A1/HAS2/AQP7/CFTR/AQP4",8
"Down in tumour","GO:0032944","regulation of mononuclear cell proliferation","38/1700","160/13463",0.2375,1.88086029411765,2.18163973880965,4.26100883936831,7.31297783338347e-05,0.00125217754277191,0.00125217754277191,"FCRL3/CD6/CD300A/VSIG4/CD3E/PLA2G2A/ARG1/RIPOR2/CD4/LST1/IGF1/LILRB1/CRP/TNFRSF13B/CD22/PLA2G2D/IL27/CRTAM/RASAL3/IL12RB1/MZB1/PLA2G5/CD38/BTLA/CR1/PTPRC/LILRB2/IGFBP2/CCL19/IKZF3/CD81/FCGR2B/IGF2/CD1D/TNFRSF13C/EBI3/CCL5/SHH",38
"Down in tumour","GO:0006071","glycerol metabolic process","9/1700","17/13463",0.529411764705882,4.19262975778547,7.82044648137197,5.00721996064062,7.48847856058755e-05,0.00127276502767772,0.00127276502767772,"MOGAT1/GK/GOT1/PCK1/DGAT2/PCK2/TKFC/MOGAT2/ANGPTL3",9
"Down in tumour","GO:0043434","response to peptide hormone","68/1700","342/13463",0.198830409356725,1.57461988304094,1.74711070559611,4.0919511457161,8.04013483302031e-05,0.00135156427156539,0.00135156427156539,"OTC/F7/TRPV4/KLF2/SLC39A14/LPIN2/GRB14/PRKCQ/GHR/CYP11A1/GOT1/PNPLA3/ASS1/EDNRB/PLA2G2A/NR4A3/AGTR1/FOXO1/ALAS1/ADCY1/ALPL/SOCS2/IGF1/CPS1/PCK1/CA2/CDO1/NDEL1/PRKCB/AHSG/A1BG/FBP1/PCK2/FOS/INSIG1/IGFBP1/MZB1/CAT/CRHBP/CXCL12/STAT4/TAT/SORL1/NR4A2/KHK/PRKAR2B/NR1H4/SLC34A1/PDK4/SLC24A4/ERRFI1/ECHDC3/GCGR/IGF2/ADCY5/POR/GPLD1/TSHR/GLP2R/SRD5A2/SCNN1A/NR4A1/SRD5A1/G6PC1/EGR1/MT-CYB/HMGCS2/CA3",68
"Down in tumour","GO:0043410","positive regulation of MAPK cascade","65/1700","325/13463",0.2,1.58388235294118,1.75886850152905,4.05063029487965,9.57108061410203e-05,0.00157444276101978,0.00157444276101978,"CCR7/HTR2A/FGG/CCL3/GADD45A/FCRL3/HGF/TRPV4/GHR/PELI2/NTF3/PDGFRA/MARCO/ADRA2B/PLA2G2A/DDT/BMPER/RAMP3/LILRA5/ADRA2A/NTRK3/AVPI1/IGF1/NTRK2/ADRA1B/SCIMP/FGA/ADRA1A/NRK/NECAB2/TNF/TENM1/TNFSF11/IL2RB/PIK3R5/TEK/IL27/GADD45G/SERPINF2/GPBAR1/HAND2/PLA2G5/CCL21/LRRK2/FLT3/PTPRC/ADRB2/DRD5/CCL19/IL1RAP/CD81/LPAR1/FCGR2B/IGFBP6/MAP4K1/FGFR2/IGF2/FGB/NRG1/ERBB4/GADD45B/ALKAL2/EBI3/DRD1/RET",65
"Down in tumour","GO:0050891","multicellular organismal-level water homeostasis","12/1700","29/13463",0.413793103448276,3.27699797160243,4.91190409813214,4.6663700497915,0.00010306412237696,0.00168937134401522,0.00168937134401522,"CYP4F12/CYP4A11/TRPV4/ADCY1/AQP3/PRKAR2B/CYP4F2/ADCY5/SCNN1A/HAS2/CFTR/AQP4",12
"Down in tumour","GO:0062012","regulation of small molecule metabolic process","56/1700","271/13463",0.206642066420664,1.63648361189494,1.82959316471454,4.02380341958361,0.000116445812824712,0.00187686654911927,0.00187686654911927,"MFSD2A/APOA1/KIF12/ACMSD/CH25H/CBFA2T3/ACACB/ABCB11/SEC14L2/EPHX2/BMP6/MLXIPL/AGTR1/SIK1/FOXO1/NTSR1/ACADVL/IGF1/MST1/LDLR/DGAT2/PLIN5/TNF/PPARGC1A/ANGPTL4/FBP1/GNMT/UGT1A9/CD244/INSIG1/AVPR1A/RORA/PTGS2/BMP5/UGT1A1/PFKFB1/PRKAG2/NR1H4/PDK4/APOC3/ALDOB/GCKR/PTH1R/IGF2/SLC45A3/GPLD1/ACADL/PPP1R3B/SLC4A4/NNMT/APOA4/EGR1/MLYCD/APOA5/ADCY10/UGT1A4",56
"Down in tumour","GO:0007204","positive regulation of cytosolic calcium ion concentration","27/1700","102/13463",0.264705882352941,2.09631487889273,2.51505080693365,4.22509148867236,0.00011654012875556,0.00187686654911927,0.00187686654911927,"CCR7/HTR2A/FPR1/P2RX5/TRPV4/SAA1/EDNRB/AGTR1/CCL2/CD4/ESR1/ADRA1B/TRPC5/ADRA1A/KNG1/AVPR1A/CD38/LPAR1/ADCY5/PTGER2/XCR1/C1QTNF1/TBXA2R/PTGDR/PTGIR/SLC8A1/ACKR2",27
"Down in tumour","GO:1905954","positive regulation of lipid localization","22/1700","76/13463",0.289473684210526,2.2924613003096,2.84286849423917,4.29539312585446,0.000119263790054263,0.00191403838672451,0.00191403838672451,"PRAP1/APOA1/CYP4A11/ACSL5/ACACB/C3/BMP6/NTSR1/ABCA8/PLIN5/TNFSF11/ABCB4/PLA2R1/LIPG/PON1/SCP2/ACSL1/ABCA13/CYP4F2/PLIN2/C1QTNF1/CETP",22
"Down in tumour","GO:0097237","cellular response to toxic substance","29/1700","113/13463",0.256637168141593,2.03241540864133,2.41294776438403,4.18960685882547,0.000120557079774095,0.00192807607444264,0.00192807607444264,"ALB/ABCG2/HBB/APOM/GCH1/ADK/HBA1/CYGB/ALDH2/CLYBL/GSTM1/TNF/AMBP/HP/GSTM2/CAT/CP/HAGH/PTPN13/PTGS2/GSTA1/FBLN5/FABP1/ADH4/IPCEF1/APOA4/MTARC2/HBA2/GSTZ1",29
"Down in tumour","GO:0019748","secondary metabolic process","16/1700","47/13463",0.340425531914894,2.69596996245307,3.5957397900544,4.42767530878803,0.000124485094261789,0.00195692267634745,0.00195692267634745,"ACMSD/CYP1A1/CYP2A6/BDH2/CYP2A7/DDT/AKR1C4/CYP2D6/DCT/CYP1A2/CYP3A5/AKR7A3/CYP3A4/CYP2A13/AKR7L/FMO2",16
"Down in tumour","GO:0071280","cellular response to copper ion","9/1700","18/13463",0.5,3.95970588235294,6.95091661738616,4.77666308694312,0.000133005497673085,0.00206967338608862,0.00206967338608862,"CYP1A1/MT1E/MT1G/MT1F/MT1A/MT1M/MT2A/MT1H/MT1X",9
"Down in tumour","GO:1901569","fatty acid derivative catabolic process","9/1700","18/13463",0.5,3.95970588235294,6.95091661738616,4.77666308694312,0.000133005497673085,0.00206967338608862,0.00206967338608862,"CYP4F3/CYP4F12/CYP4A11/DPEP2/ACAT1/ADHFE1/NUDT7/CYP4F2/HPGD",9
"Down in tumour","GO:0050906","detection of stimulus involved in sensory perception","18/1700","57/13463",0.315789473684211,2.50086687306502,3.21704930028355,4.31668340398795,0.000144672177715804,0.00222120016852997,0.00222120016852997,"HTR2A/RTP3/PIGR/AZGP1/NTSR1/REEP6/TNF/SCN9A/HPN/PLCB2/CXCL12/ANO1/SLC24A4/OR10J6P/TRPV1/SCN11A/PKD1L3/EPHB1",18
"Down in tumour","GO:0099537","trans-synaptic signaling","87/1700","472/13463",0.184322033898305,1.45972208374875,1.59400648948076,3.86514044984377,0.000151750949966531,0.00230681477077836,0.00230681477077836,"HTR2A/P2RX5/SYT7/CNR2/NTF3/HAPLN4/CACNB2/DLGAP2/CLSTN2/SLC18A2/PLG/MME/KMO/FAAH/CCL2/ADCY1/RIC3/NTSR1/ADRA2A/GABBR1/IGF1/NTRK2/P2RX1/GNAO1/MCTP2/ADRA1A/SYT9/GRIN2B/AMPH/DLG2/SLC1A2/CAMK2B/PRKCB/TNF/GABRP/PCLO/SLC1A1/PTPRS/BEGAIN/EFNB3/TNR/ADGRB1/KCND3/TENM2/SYT13/GRIA3/GRM8/CRHBP/LRRK2/GABRB3/STX1B/APBA2/CD38/SLC38A2/CHRNA4/CDH1/CUX2/PRKAR2B/LRRC4C/ADRB2/BCHE/LILRB2/PDE7B/PMCHL2/RELN/DRD5/CHRNE/RPH3AL/ABAT/SORCS2/IL1RAP/NALCN/PTPRD/GDNF/TRPV1/DBH/PTN/CPEB3/CNTN4/TMEM25/DRD1/STX11/APBA1/ELFN1/NRG3/NGFR/EPHB1",87
"Down in tumour","GO:0006882","intracellular zinc ion homeostasis","11/1700","26/13463",0.423076923076923,3.35052036199095,5.10076968620486,4.56057643024507,0.000158089773861139,0.00237186155832055,0.00237186155832055,"SLC39A14/MT1E/SLC1A1/MT1G/MT1F/MT1A/TMC8/MT1M/MT2A/MT1H/MT1X",11
"Down in tumour","GO:0014046","dopamine secretion","8/1700","15/13463",0.533333333333333,4.2236862745098,7.94056062141169,4.74886424598846,0.000179547527095101,0.00260061606855357,0.00260061606855357,"HTR2A/SLC18A2/GABBR1/CXCL12/CHRNA4/KCNA2/ABAT/GDNF",8
"Down in tumour","GO:0043567","regulation of insulin-like growth factor receptor signaling pathway","8/1700","15/13463",0.533333333333333,4.2236862745098,7.94056062141169,4.74886424598846,0.000179547527095101,0.00260061606855357,0.00260061606855357,"IGF1/IGFBP1/IGFBP3/BMP5/IGFBP2/CILP/IGFBP6/IGFBP4",8
"Down in tumour","GO:0150104","transport across blood-brain barrier","22/1700","78/13463",0.282051282051282,2.2336802413273,2.74086923207901,4.15394677897705,0.000181091825545776,0.00260659046394951,0.00260659046394951,"MFSD2A/ABCG2/SLC16A2/ATP1B2/KCNJ8/SLC5A1/SLC38A3/ABCC9/SLC1A2/SLC1A1/SLC13A3/AVPR1A/SLC7A2/SLC7A8/SLC38A2/LEPR/SLC24A3/SLC6A13/SLC22A1/SLCO2B1/SLC4A4/ATP2A3",22
"Down in tumour","GO:0002686","negative regulation of leukocyte migration","14/1700","40/13463",0.35,2.77179411764706,3.74847157587371,4.26617495051766,0.000234249135691854,0.00325967226282984,0.00325967226282984,"CD300A/KLRK1/DDT/RIPOR2/CCL2/EMILIN1/CXCL12/CCL21/IL33/DUSP1/BMP5/CD69/C5/KLRC4-KLRK1",14
"Down in tumour","GO:0089718","amino acid import across plasma membrane","14/1700","40/13463",0.35,2.77179411764706,3.74847157587371,4.26617495051766,0.000234249135691854,0.00325967226282984,0.00325967226282984,"CLTRN/SLC16A2/NTSR1/SLC38A3/SLC1A2/TNF/SLC38A4/SLC6A19/SLC1A1/SLC7A2/SLC7A8/SLC38A2/SLC6A13/ACE2",14
"Down in tumour","GO:0015721","bile acid and bile salt transport","11/1700","27/13463",0.407407407407407,3.22642701525054,4.78156453522795,4.40225862318523,0.000236514364792913,0.0032714269196281,0.0032714269196281,"ABCB11/SLCO1A2/AKR1C4/SLC10A1/SLCO1B3-SLCO1B7/SLCO1B1/STARD5/SLC27A5/NR1H4/SLCO1B3/SLC51A",11
"Down in tumour","GO:0055078","sodium ion homeostasis","11/1700","27/13463",0.407407407407407,3.22642701525054,4.78156453522795,4.40225862318523,0.000236514364792913,0.0032714269196281,0.0032714269196281,"CYP4F12/CYP4A11/ATP1B2/EDNRB/AGTR1/SCN7A/FXYD6/CYP4F2/FXYD1/SCNN1A/SLC8A1",11
"Down in tumour","GO:0002274","myeloid leukocyte activation","39/1700","175/13463",0.222857142857143,1.7648974789916,2.00735294117647,3.87179762824577,0.000249114864753233,0.00339474280193312,0.00339474280193312,"CCL3/FES/PTGDS/SHPK/CD300A/VSIG4/CNR2/CLEC12A/LCP2/PLA2G2A/NR4A3/SLC18A2/PIK3CD/CAMK4/LDLR/DNASE1L3/LBP/TNF/IL1RL1/MT1G/LRRK2/TSLP/IL33/CD226/CLU/TTBK1/C1QA/PTPRC/CXCL6/ANXA3/IL1RAP/FCGR2B/RHOH/SCN11A/CCL5/PTGDR/LILRA2/CST7/CLNK",39
"Down in tumour","GO:0019221","cytokine-mediated signaling pathway","76/1700","408/13463",0.186274509803922,1.475184544406,1.61128998753635,3.70530664535777,0.000279184782641366,0.00378213267307686,0.00378213267307686,"IL7R/OASL/CCR7/IL18R1/LIFR/CCL3/AXL/APOA1/IFITM1/GHR/CCDC3/IL10RA/CCL14/ZBP1/LILRB5/SIGIRR/CCL4L1/HCLS1/ARG1/LILRA1/CCL2/CD4/LILRA5/SOCS2/LILRB1/IL21R/IFNLR1/TNF/GPR17/ACKR5/SLC1A1/TNFSF11/CCL16/IL2RB/IL1RN/IL27/EPOR/CCL3L1/IL1RL1/IL12RB1/CNTFR/IL1RAPL2/GREM2/CXCL12/CCL21/STAT4/TSLP/IL33/SORL1/FLT3/PTPRC/TMC8/LILRB2/CXCL6/NR1H4/LEPR/CCL19/SOCS3/IL1RAP/AIM2/CCL22/AGPAT2/PALM3/XCR1/CSF3R/TNFRSF13C/CCL4/EBI3/EGR1/CCL5/IL17RC/CCL3L3/LILRA2/TXK/ACKR2/IL18RAP",76
"Down in tumour","GO:0002701","negative regulation of production of molecular mediator of immune response","11/1700","28/13463",0.392857142857143,3.1111974789916,4.49991293142479,4.25117755568443,0.000345413411608491,0.00456666499763457,0.00456666499763457,"FCRL3/APOA1/ARG1/LILRB1/TNF/TBX21/CD22/IL33/BTLA/CR1/FCGR2B",11
"Down in tumour","GO:0002263","cell activation involved in immune response","48/1700","233/13463",0.206008583690987,1.6314668013128,1.81841502519469,3.69631322910374,0.000373017451963397,0.00486719088879153,0.00486719088879153,"IL18R1/CCL3/NKG7/GATA3/FES/PTGDS/CD300A/NR4A3/SLC18A2/PIK3CD/CD19/DNASE1L3/PCK1/LILRB1/LBP/POU2AF1/TNF/TBX21/SLAMF6/IL27/NLRP3/CD244/IL12RB1/IRF4/RORA/STAT4/IL33/DLL1/CR1/CD69/ANXA3/TCIM/CCL19/SEMA6D/EOMES/SOCS3/IL1RAP/CD81/FCGR2B/JUNB/SCN11A/LY9/CD1C/IRF8/PTGDR/LILRA2/CLNK/IL18RAP",48
"Down in tumour","GO:1901655","cellular response to ketone","22/1700","82/13463",0.268292682926829,2.12472022955524,2.5572705601907,3.8835361548493,0.000394109712670688,0.00512787948181126,0.00512787948181126,"CCR7/AR/ASS1/ADCY1/PCK1/FBP1/PCK2/SFRP1/FOS/CCL21/LRRK2/HAGH/CCL19/ERRFI1/MAP4K1/ADCY5/PTGER2/SCNN1A/SRD5A1/NCF1/PTGDR/CFTR",22
"Down in tumour","GO:0042060","wound healing","64/1700","335/13463",0.191044776119403,1.5129622475856,1.65891067223631,3.61433770509795,0.000409639331472254,0.00531492608665127,0.00531492608665127,"HTR2A/FGG/FGL1/AXL/ANXA8/F7/CARMIL2/SYT7/SAA1/PRKCQ/C4BPB/SELP/TSKU/F10/HBB/PDGFRA/ADRA2B/F2/PLG/GP6/HRG/EMILIN1/KLKB1/ANGPTL6/VTN/ADRA2A/APOH/EPB41L4B/IGF1/FGA/SERPINA10/PRRG2/TNF/TFPI2/LCK/ANGPTL4/ADAMTS13/PROC/KNG1/PRRG4/SERPINF2/SERPINC1/F11/F13B/SVEP1/CPB2/LRG1/MMRN1/F12/CYP4F2/ANGPTL1/SERPINA1/FGB/SERPING1/ENG/NRG1/F9/APCS/HGFAC/VAV1/PEAR1/C1QTNF1/TBXA2R/PROZ",64
"Down in tumour","GO:1990868","response to chemokine","21/1700","77/13463",0.272727272727273,2.15983957219251,2.61472602739726,3.88005676872849,0.000416473156551268,0.00537332033354381,0.00537332033354381,"CCR7/CCL3/CCL14/CCL4L1/RIPOR2/CCL2/GPR17/ACKR5/CCL16/CCL3L1/CXCL12/CCL21/DUSP1/CXCL6/CCL19/CCL22/XCR1/CCL4/CCL5/CCL3L3/ACKR2",21
"Down in tumour","GO:0006816","calcium ion transport","57/1700","291/13463",0.195876288659794,1.5512249848393,1.70927946064891,3.61384675977466,0.00043650602138223,0.00550834721777138,0.00550834721777138,"CCR7/HTR2A/TRPM8/CCL3/FCRL3/P2RX5/TRPV4/CACNB2/F2/EDNRB/CCL2/CD19/NTSR1/CD4/RAMP3/CNGA1/LILRA5/ADRA2A/PLCH2/P2RX1/TRPC5/LILRB1/TRPV6/GRIN2B/CAMK2B/DMD/LCK/GSTM2/MCOLN2/TRPV3/PLCB2/CXCL12/CCL21/CHRNA4/PTPRC/LILRB2/CDH23/CHRNE/CCL19/SLC24A3/SLC24A4/NALCN/TRPV1/SCN11A/CAPN3/CACNA1H/GPM6A/CCL4/CCL5/DRD1/ATP2A3/ANK2/MS4A1/ANO9/LILRA2/PKD1L3/SLC8A1",57
"Down in tumour","GO:0001771","immunological synapse formation","6/1700","10/13463",0.6,4.75164705882353,10.4123376623377,4.51162099495769,0.000535982693040444,0.00640495271061333,0.00640495271061333,"CCR7/CD6/CCL21/CCL19/CD81/PRF1",6
"Down in tumour","GO:0097048","dendritic cell apoptotic process","6/1700","10/13463",0.6,4.75164705882353,10.4123376623377,4.51162099495769,0.000535982693040444,0.00640495271061333,0.00640495271061333,"CCR7/AXL/LILRB1/CXCL12/CCL21/CCL19",6
"Down in tumour","GO:1904478","regulation of intestinal absorption","6/1700","10/13463",0.6,4.75164705882353,10.4123376623377,4.51162099495769,0.000535982693040444,0.00640495271061333,0.00640495271061333,"PRAP1/CYP8B1/CLDN2/HAMP/ABCG8/ABCG5",6
"Down in tumour","GO:2000668","regulation of dendritic cell apoptotic process","6/1700","10/13463",0.6,4.75164705882353,10.4123376623377,4.51162099495769,0.000535982693040444,0.00640495271061333,0.00640495271061333,"CCR7/AXL/LILRB1/CXCL12/CCL21/CCL19",6
"Down in tumour","GO:0009404","toxin metabolic process","8/1700","17/13463",0.470588235294118,3.72678200692041,6.17494089834515,4.27659901999982,0.000536758954905937,0.00640495271061333,0.00640495271061333,"CYP1A1/CYP1A2/CYP3A5/AKR7A3/CYP3A4/CYP2A13/AKR7L/FMO2",8
"Down in tumour","GO:0046717","acid secretion","8/1700","17/13463",0.470588235294118,3.72678200692041,6.17494089834515,4.27659901999982,0.000536758954905937,0.00640495271061333,0.00640495271061333,"ABCB11/CLDN2/NTSR1/GABBR1/TNF/ABCB4/ABAT/SLC51A",8
"Down in tumour","GO:0048546","digestive tract morphogenesis","8/1700","17/13463",0.470588235294118,3.72678200692041,6.17494089834515,4.27659901999982,0.000536758954905937,0.00640495271061333,0.00640495271061333,"PDGFRA/FOXF1/SFRP5/TCF21/WNT11/ID2/FGFR2/GLI2",8
"Down in tumour","GO:0055082","intracellular chemical homeostasis","83/1700","464/13463",0.178879310344828,1.4166189148073,1.53342195861881,3.47186801635322,0.00056981993598262,0.00669538424779578,0.00669538424779578,"HTR2A/HK3/CCL3/SLC9A9/CLTRN/ATP13A4/TRPV4/SLC39A14/CACNB2/ATP1B2/SLC34A2/F2/MT1E/FOXA3/CCL14/BMP6/RGN/SLC2A2/MLXIPL/PKHD1/FOXO1/TFR2/SLC39A5/HAMP/ADRA2A/ABCC6/P2RX1/TRPC5/SLC38A3/PCK1/DGAT2/CA2/BOK/SLC25A27/SLC1A1/KCNMA1/PPARGC1A/SCARA5/SMAD9/PCK2/FXYD6/AVPR1A/SLC22A17/MT1G/CXCL12/LRRK2/CP/MT1F/MT1A/HIF3A/TMC8/TF/NR1H4/CDH23/SLC34A1/GDF2/DRD5/CCL19/MT1M/SLC24A3/SLC24A4/GCKR/HPX/PTH1R/MT2A/ADCY5/TMEM178A/GPLD1/MT1H/FXYD1/MT1X/SCNN1A/SLC4A4/TMPRSS6/CCL5/ATP2A3/ANK2/NCF1/CFTR/ADCY10/NGFR/SLC8A1/AQP4",83
"Down in tumour","GO:0022600","digestive system process","18/1700","63/13463",0.285714285714286,2.26268907563025,2.78668252080856,3.81886674076277,0.000574187725741919,0.00671245854001847,0.00671245854001847,"CRACD/PRAP1/CYP8B1/IL10RA/CLDN2/HAMP/ADRA2A/FOLH1/LDLR/SLC5A1/ABCG8/ABCG5/MUC6/RBP4/NR1I2/PBLD/SERPINA3/NPC1L1",18
"Down in tumour","GO:0006694","steroid biosynthetic process","30/1700","129/13463",0.232558139534884,1.84172366621067,2.11649428415895,3.65177804433158,0.000587138371732564,0.00682919025303079,0.00682919025303079,"FAXDC2/CYP3A7/CH25H/CYP1A1/CYP8B1/HSD17B3/CYP27A1/CYP11A1/PBX1/SEC14L2/BMP6/TNF/HSD17B6/INSIG1/SERPINA6/BMP5/PRKAG2/NR1H4/SCP2/SDR42E1/ACAA2/HSD17B2/POR/SRD5A2/CYP3A4/CACNA1H/SRD5A1/EGR1/HMGCS2/NPC1L1",30
"Down in tumour","GO:0007584","response to nutrient","30/1700","129/13463",0.232558139534884,1.84172366621067,2.11649428415895,3.65177804433158,0.000587138371732564,0.00682919025303079,0.00682919025303079,"OTC/F7/FES/CYP1A1/ASS1/MLXIPL/CYP26A1/CD4/AQP3/ALPL/BCKDHB/ABCG8/DGAT2/ABCG5/SLC6A19/KYNU/SFRP1/CAT/LIPG/BCHE/IGFBP2/SLC34A1/ACSL1/GCGR/POR/LRAT/MLYCD/MT-CYB/TBXA2R/HMGCS2",30
"Down in tumour","GO:0071375","cellular response to peptide hormone stimulus","53/1700","269/13463",0.197026022304833,1.5603301989941,1.72027423598462,3.52900387160308,0.000590465476369351,0.0068468614751932,0.0068468614751932,"KLF2/SLC39A14/LPIN2/GRB14/PRKCQ/GHR/CYP11A1/GOT1/PNPLA3/ASS1/PLA2G2A/NR4A3/AGTR1/FOXO1/ALAS1/ADCY1/SOCS2/IGF1/CPS1/PCK1/CA2/NDEL1/PRKCB/AHSG/A1BG/FBP1/PCK2/FOS/INSIG1/IGFBP1/MZB1/CRHBP/TAT/SORL1/NR4A2/PRKAR2B/NR1H4/PDK4/ERRFI1/ECHDC3/GCGR/IGF2/ADCY5/POR/GPLD1/TSHR/GLP2R/SCNN1A/NR4A1/SRD5A1/G6PC1/HMGCS2/CA3",53
"Down in tumour","GO:0030902","hindbrain development","18/1700","64/13463",0.28125,2.22733455882353,2.72586982370884,3.74142429325345,0.000706039421531849,0.00793175018433097,0.00793175018433097,"ATP1B2/CD3E/SSTR1/MYO16/KCNE1/RORA/KNDC1/DLL1/EGR2/BMP5/ABAT/LPAR1/MT-ND4/FOXP2/GLI2/SHH/EPHB1/ATF5",18
"Down in tumour","GO:0042423","catecholamine biosynthetic process","7/1700","14/13463",0.5,3.95970588235294,6.94388659184879,4.2119943697411,0.000772049101521274,0.00856881484724575,0.00856881484724575,"GATA3/DAO/GCH1/PAH/ALDH2/HDC/DBH",7
"Down in tumour","GO:0010906","regulation of glucose metabolic process","19/1700","70/13463",0.271428571428571,2.14955462184874,2.59565384749974,3.665725180373,0.000820922738291037,0.00893893648361351,0.00893893648361351,"ACACB/SIK1/FOXO1/IGF1/MST1/DGAT2/PPARGC1A/FBP1/GNMT/RORA/PRKAG2/PDK4/IGF2/SLC45A3/GPLD1/PPP1R3B/NNMT/MLYCD/ADCY10",19
"Down in tumour","GO:0042403","thyroid hormone metabolic process","8/1700","18/13463",0.444444444444444,3.5197385620915,5.55697399527187,4.06660075585657,0.000859761720692218,0.00923091488463486,0.00923091488463486,"SULT1B1/DIO1/GATA3/SLC16A2/HPN/IYD/SULT1A1/SULT2A1",8
"Down in tumour","GO:0006968","cellular defense response","13/1700","40/13463",0.325,2.57380882352941,3.34953566488836,3.78946047566814,0.000875126056667123,0.00933062642826104,0.00933062642826104,"SH2D1A/ITK/CD5L/LBP/KLRG1/IL33/FCMR/LILRB2/NCR1/GNLY/PRF1/NCF1/TRAT1",13
"Down in tumour","GO:0030198","extracellular matrix organization","42/1700","206/13463",0.203883495145631,1.61463735008567,1.79160169466592,3.37948198057028,0.00104279144119692,0.0108526879393065,0.0108526879393065,"NTN4/AEBP1/CARMIL2/LTBP4/SMOC1/COL11A2/LAMA1/MARCO/COL28A1/PRICKLE1/GFOD2/PLG/EMILIN1/MMP7/COL18A1/MFAP4/COL14A1/COL6A6/ADAMTS13/ADAMTSL1/SERPINF2/HPN/ECM2/SULF2/QSOX1/ADAMTSL3/LUM/COL4A3/FBLN5/ADAMTSL2/LAMA2/COL23A1/ELN/FLRT2/TNXB/COL4A4/ENG/HAS2/TMPRSS6/ADAMTS2/MMP23B/DPT",42
"Down in tumour","GO:0009308","amine metabolic process","18/1700","66/13463",0.272727272727273,2.15983957219251,2.61184601664685,3.5907594871048,0.00104896267562784,0.0108526879393065,0.0108526879393065,"SULT1B1/GATA3/DMGDH/DAO/GCH1/PAH/INMT/COMT/ALDH2/SAT2/SLC1A1/SULT1A2/RNF180/ABAT/HDC/SULT1A1/DBH/DRD1",18
"Down in tumour","GO:0009812","flavonoid metabolic process","6/1700","11/13463",0.545454545454545,4.31967914438503,8.32916174734357,4.18715683857841,0.00105322438316761,0.0108526879393065,0.0108526879393065,"SULT1B1/CYP1A1/UGT1A9/UGT1A1/SULT1A1/UGT1A4",6
"Down in tumour","GO:0034384","high-density lipoprotein particle clearance","6/1700","11/13463",0.545454545454545,4.31967914438503,8.32916174734357,4.18715683857841,0.00105322438316761,0.0108526879393065,0.0108526879393065,"APOA1/APOM/LDLR/LIPG/APOC3/GPLD1",6
"Down in tumour","GO:0002715","regulation of natural killer cell mediated immunity","13/1700","41/13463",0.317073170731707,2.51103299856528,3.22963417732238,3.68364241652629,0.00113528003033534,0.0115432667102088,0.0115432667102088,"KLRK1/KLRB1/KLRD1/CALHM6/LILRB1/SLAMF6/CRTAM/KLRC4/CD226/NCR1/KLRC4-KLRK1/TIGIT/CLNK",13
"Down in tumour","GO:0002228","natural killer cell mediated immunity","17/1700","62/13463",0.274193548387097,2.17145161290323,2.63030303030303,3.5145667911727,0.00134070806720427,0.0130556054070673,0.0130556054070673,"NKG7/SLAMF7/KLRK1/KLRB1/KLRD1/CALHM6/LILRB1/SLAMF6/CRTAM/KLRC4/CD226/NCR1/GSDMB/KLRC4-KLRK1/TIGIT/VAV1/CLNK",17
"Down in tumour","GO:0003014","renal system process","23/1700","95/13463",0.242105263157895,1.91733126934985,2.22696779964222,3.41094712469736,0.00138595111989861,0.0134393491752695,0.0134393491752695,"IGHA1/IGHA2/CYP4F12/CYP4A11/AMN/ABCG2/HBB/EDNRB/AGTR1/ADCY1/AQP3/SLC5A1/KCNMA1/SULF2/JCHAIN/KLHL3/PRKAR2B/CYP4F2/ADCY5/SCN11A/HAS2/IGKV3-20/AQP4",23
"Down in tumour","GO:0097553","calcium ion transmembrane import into cytosol","29/1700","130/13463",0.223076923076923,1.76663800904977,2.00388692370135,3.3390143781118,0.00144347506727934,0.0138802633818135,0.0138802633818135,"CCR7/HTR2A/CCL3/P2RX5/TRPV4/F2/CD19/NTSR1/CD4/PLCH2/P2RX1/TRPV6/GRIN2B/DMD/LCK/GSTM2/TRPV3/PLCB2/CCL21/PTPRC/CCL19/SLC24A4/TRPV1/CAPN3/CACNA1H/DRD1/ANK2/MS4A1/SLC8A1",29
"Down in tumour","GO:0060042","retina morphogenesis in camera-type eye","10/1700","28/13463",0.357142857142857,2.82836134453782,3.86094674556213,3.68164929568443,0.00152278322453032,0.0144916280416106,0.0144916280416106,"MFSD2A/RPGRIP1/SDK1/PROM1/USH1C/DLL1/RBP4/DSCAM/SAMD11/SDK2",10
"Down in tumour","GO:0001763","morphogenesis of a branching structure","18/1700","68/13463",0.264705882352941,2.09631487889273,2.50694411414982,3.44539176178008,0.00152453411381631,0.0144916280416106,0.0144916280416106,"HS3ST3A1/HGF/FOXF1/PKHD1/HS3ST3B1/SEMA3E/TCF21/TNF/ERMN/LRRK2/GDF2/EPHA2/FGFR2/GDNF/ENG/GLI2/TACSTD2/SHH",18
"Down in tumour","GO:0006637","acyl-CoA metabolic process","23/1700","96/13463",0.239583333333333,1.89735906862745,2.19627351516488,3.35432472861981,0.00160922781120928,0.0152512413547941,0.0152512413547941,"ACSM2A/ACOT12/AADAT/GCDH/ACSL5/ACACB/BAAT/AASS/ACAT1/PIPOX/ACSM3/BCKDHB/MMUT/DGAT2/NUDT7/ACSM5/GLYAT/PDK4/ACSL1/ACSM2B/SLC27A2/MLYCD/HMGCS2",23
"Down in tumour","GO:0051591","response to cAMP","17/1700","63/13463",0.26984126984127,2.13698412698413,2.57290294246816,3.43868569952396,0.00162398732383165,0.0153280442900996,0.0153280442900996,"PER1/ASS1/ALAS1/CPS1/CDO1/KCNE1/FBP1/AQP9/FOS/CRHBP/DUSP1/TAT/FOSB/PDE2A/SRD5A1/HMGCS2/CFTR",17
"Down in tumour","GO:0046683","response to organophosphorus","22/1700","91/13463",0.241758241758242,1.91458306399483,2.22200342022076,3.32786632037536,0.0017773223200904,0.0166728036788929,0.0166728036788929,"P2RX5/PER1/ASS1/ALAS1/P2RX1/CPS1/ABCC9/CDO1/KCNE1/FBP1/AQP9/FOS/CRHBP/DUSP1/TAT/FOSB/LPAR1/PDE2A/TRPV1/SRD5A1/HMGCS2/CFTR",22
"Down in tumour","GO:0050804","modulation of chemical synaptic transmission","60/1700","328/13463",0.182926829268293,1.44867288378766,1.56921186749181,3.12731704328919,0.00183179795167384,0.0170794764481978,0.0170794764481978,"HTR2A/SYT7/CNR2/NTF3/DLGAP2/CLSTN2/PLG/MME/KMO/FAAH/CCL2/ADCY1/ADRA2A/GABBR1/IGF1/NTRK2/P2RX1/GNAO1/MCTP2/ADRA1A/GRIN2B/CAMK2B/PRKCB/TNF/SLC1A1/PTPRS/EFNB3/TNR/ADGRB1/SYT13/GRIA3/GRM8/LRRK2/GABRB3/STX1B/APBA2/CD38/SLC38A2/CHRNA4/CDH1/CUX2/PRKAR2B/LRRC4C/ADRB2/BCHE/LILRB2/PMCHL2/RELN/SORCS2/NALCN/PTPRD/PTN/CPEB3/CNTN4/TMEM25/DRD1/APBA1/NRG3/NGFR/EPHB1",60
"Down in tumour","GO:0014850","response to muscle activity","8/1700","20/13463",0.4,3.16776470588235,4.63002364066194,3.68807076002337,0.00196127969355134,0.0179595512296173,0.0179595512296173,"FNDC5/ABCG8/ABCG5/PPARGC1A/SLC38A2/RBP4/CAPN3/SRD5A1",8
"Down in tumour","GO:0030282","bone mineralization","19/1700","75/13463",0.253333333333333,2.00625098039216,2.36288986147701,3.32199750282574,0.00199991789963758,0.0182770274716879,0.0182770274716879,"CCL3/ADGRG6/PHOSPHO1/PRICKLE1/BMP6/ECM1/NOTUM/ALPL/CCN1/IGF1/AHSG/BMPR1B/CLEC3B/SLC24A3/LTF/FGFR2/PTN/FBN2/SLC8A1",19
"Down in tumour","GO:0072676","lymphocyte migration","20/1700","81/13463",0.246913580246914,1.95541031227306,2.28376268540203,3.27862787172044,0.00215212953794479,0.019210675681732,0.019210675681732,"CCR7/CCL3/GATA3/SAA1/CH25H/KLRK1/PIK3CD/RIPOR2/CCL2/TBX21/CRTAM/ZAP70/CXCL12/CCL21/CD69/KLRC4-KLRK1/CCL4/CCL5/RET/SPNS2",20
"Down in tumour","GO:0070542","response to fatty acid","13/1700","44/13463",0.295454545454545,2.33982620320856,2.91634319368224,3.38403568597407,0.00232781736259406,0.0205400896017399,0.0205400896017399,"ASS1/GLDC/FOXO1/CD4/AKR1C4/LDLR/CPS1/DGAT2/CAT/NR1H4/PDK4/ACSL1/HMGCS2",13
"Down in tumour","GO:0007610","behavior","50/1700","266/13463",0.18796992481203,1.48861123396727,1.6199494949495,3.05975647952398,0.00237560713376162,0.0208817680498207,0.0208817680498207,"HTR2A/MFSD2A/CCL3/PTGDS/ATP1B2/EDNRB/CLSTN2/NR4A3/MME/NTSR1/NPW/CAMK4/LDLR/NTRK2/GRIN2B/SLC1A1/FOS/SERPINA5/AVPR1A/CRHBP/RAG1/NPY1R/CXCL12/LRRK2/CHRNA4/CUX2/TTBK1/BCHE/PTCHD1/KCNA2/LILRB2/ID2/RELN/LEPR/SLC24A4/ABAT/SCN2A/AIM2/FOSB/SCN3A/GDNF/TRPV1/SCN11A/DBH/PTN/CPEB3/EGR1/FOXP2/DRD1/ACE2",50
"Down in tumour","GO:0010669","epithelial structure maintenance","9/1700","25/13463",0.36,2.85098823529412,3.90756209343584,3.52149073150968,0.00244764596857468,0.0214331888426901,0.0214331888426901,"CRACD/FREM2/IL10RA/MUC6/RBP4/NR1I2/PBLD/FREM1/SERPINA3",9
"Down in tumour","GO:1902105","regulation of leukocyte differentiation","47/1700","247/13463",0.190283400809717,1.50693260300071,1.64386267392619,3.05681313187457,0.00245444298378151,0.0214519248259917,0.0214519248259917,"IL7R/CCL3/FCRL3/GATA3/AXL/EEIG1/FES/C1QC/CLEC12A/HCLS1/CD4/CAMK4/TRIB1/VNN1/PCK1/LILRB1/TNF/TNFSF11/TBX21/IL2RB/NFAM1/IL27/NLRP3/SFRP1/LAG3/CRTAM/ZAP70/IL12RB1/RUNX3/RAG1/IRF4/ZBTB16/TESPA1/CR1/CD69/LILRB2/ID2/CCL19/IKZF3/FCGR2B/RHOH/LTF/JUNB/TMEM178A/APCS/GLI2/SHH",47
"Down in tumour","GO:0043627","response to estrogen","14/1700","50/13463",0.28,2.21743529411765,2.70492289442467,3.27859772506901,0.00280332962426514,0.0241800304295229,0.0241800304295229,"GATA3/F7/RCAN1/SLC34A2/AR/MME/KRT19/ESR1/SLC10A1/SFRP1/CRHBP/IGFBP2/SMAD6/SRD5A1",14
"Down in tumour","GO:0032703","negative regulation of interleukin-2 production","8/1700","21/13463",0.380952380952381,3.016918767507,4.27350427350427,3.51630318665456,0.00282127265244305,0.0242439959648371,0.0242439959648371,"VSIG4/GPR174/ZFP36/TBX21/CR1/PTPRC/NR1H4/GBP1",8
"Down in tumour","GO:0098810","neurotransmitter reuptake","8/1700","21/13463",0.380952380952381,3.016918767507,4.27350427350427,3.51630318665456,0.00282127265244305,0.0242439959648371,0.0242439959648371,"SLC18A2/SLC1A2/SLC6A12/SLC6A13/SLC22A1/GDNF/SLC6A11/DRD1",8
"Down in tumour","GO:0035743","CD4-positive, alpha-beta T cell cytokine production","6/1700","13/13463",0.461538461538462,3.65511312217195,5.9483892730646,3.64094206434847,0.00312404251192788,0.0261624360180724,0.0261624360180724,"IL18R1/RSAD2/ARG1/TBX21/NLRP3/CD81",6
"Down in tumour","GO:1903978","regulation of microglial cell activation","6/1700","13/13463",0.461538461538462,3.65511312217195,5.9483892730646,3.64094206434847,0.00312404251192788,0.0261624360180724,0.0261624360180724,"CCL3/LDLR/LRRK2/TTBK1/PTPRC/CST7",6
"Down in tumour","GO:0086002","cardiac muscle cell action potential involved in contraction","13/1700","46/13463",0.282608695652174,2.23809462915601,2.73912809182519,3.19760821408219,0.00358577994157553,0.0292637915184029,0.0292637915184029,"CACNB2/KCNJ8/SCN7A/KCNN2/KCNJ3/CTNNA3/KCNE1/KCND3/SCN9A/SCN2A/SCN3A/SCN11A/ANK2",13
"Down in tumour","GO:2000107","negative regulation of leukocyte apoptotic process","10/1700","31/13463",0.32258064516129,2.55464895635674,3.30853761622992,3.29429927198585,0.00360873503744092,0.0292637915184029,0.0292637915184029,"CCR7/AXL/PRKCQ/TSC22D3/HCLS1/LILRB1/CXCL12/CCL21/CCL19/CCL5",10
"Down in tumour","GO:0001503","ossification","49/1700","265/13463",0.184905660377358,1.46434406215316,1.58658893599838,2.90221095145481,0.00366745938771118,0.0296877292439327,0.0296877292439327,"CCL3/ADGRG6/PHOSPHO1/HGF/SMOC1/IFITM1/PRICKLE1/BMP6/ECM1/NOTUM/ALPL/GABBR1/CCN1/IGF1/TNF/AHSG/TMT1A/SMAD9/SFRP1/BMPR1B/RUNX3/CAT/CHRD/ZBTB16/IGFBP3/BMP5/NOCT/IGFBP2/CLEC11A/CLEC3B/SLC34A1/GDF2/PTPRB/SLC24A3/TNN/SMAD6/RANBP3L/EPHA2/LTF/FGFR2/IGF2/GPLD1/PTN/GLI2/NR1I3/ADCY10/FBN2/SLC8A1/MRC2",49
"Down in tumour","GO:0002269","leukocyte activation involved in inflammatory response","11/1700","36/13463",0.305555555555556,2.41982026143791,3.05785671995263,3.24276390795705,0.00371309095978181,0.0298472896348255,0.0298472896348255,"CCL3/LDLR/TNF/LRRK2/IL33/CLU/TTBK1/C1QA/PTPRC/IL1RAP/CST7",11
"Down in tumour","GO:0010721","negative regulation of cell development","33/1700","163/13463",0.202453987730061,1.60331649224107,1.77144109639611,2.94600435387519,0.00381724342561434,0.0306310509031004,0.0306310509031004,"CCL3/C1QC/CLEC12A/F2/EDNRB/NTRK3/TRIB1/IGF1/LDLR/TRPC5/LILRB1/TNF/PTPRS/TBX21/EFNB3/SFRP1/LAG3/RUNX3/CNTFR/CDH1/SORL1/CR1/CD69/ID2/TTPA/NEGR1/SEMA6D/LHX2/FCGR2B/LTF/TMEM178A/PTN/APCS",33
"Down in tumour","GO:0034377","plasma lipoprotein particle assembly","8/1700","22/13463",0.363636363636364,2.87978609625668,3.96791624451199,3.35447213170718,0.003948885797843,0.0314681107004582,0.0314681107004582,"MFSD2A/APOA1/CIDEB/LCAT/APOM/MTTP/APOC3/APOA4",8
"Down in tumour","GO:0040013","negative regulation of locomotion","49/1700","266/13463",0.184210526315789,1.45883900928793,1.57914069674293,2.87331836463902,0.00395916796118366,0.0314955572179826,0.0314955572179826,"GADD45A/SPINT2/GATA3/IFITM1/CD300A/KLRK1/ATP1B2/ACVR1C/DDT/RIPOR2/HRG/CCL2/EMILIN1/CYGB/ROBO2/TRIB1/APOH/MCC/PODN/IL24/MAGI2/TNF/ADGRB1/SFRP1/RHOB/DACH1/CHRD/CXCL12/CCL21/IL33/IGFBP3/DUSP1/CDH1/PTPRT/BMP5/CD69/BMP10/DCN/MMRN1/GDF2/TNN/C5/KLRC4-KLRK1/ENG/TMIGD3/TBXA2R/TACSTD2/SHH/NGFR",49
"Down in tumour","GO:0051606","detection of stimulus","29/1700","139/13463",0.20863309352518,1.65225137537029,1.83851259452696,2.93849730643355,0.00412139608325307,0.0326732364190424,0.0326732364190424,"HTR2A/RTP3/CDHR2/PIGR/AZGP1/NTSR1/REEP6/SSC5D/LBP/TNF/CABP4/NLRP3/CRTAM/SCN9A/HPN/PLCB2/CXCL12/ANO1/SLC24A4/OR10J6P/TRPV1/SCN11A/ENG/CD1D/NR4A1/PGLYRP2/PKD1L3/EPHB1/ANO3",29
"Down in tumour","GO:0097009","energy homeostasis","13/1700","47/13463",0.276595744680851,2.19047559449312,2.65833885421388,3.10797921670018,0.00439498142377647,0.0344860041531762,0.0344860041531762,"MFSD2A/CCDC198/TRPV4/TSKU/ACACB/NR4A3/MLXIPL/FOXO1/PPARGC1A/GPBAR1/DLL1/SORL1/LEPR",13
"Down in tumour","GO:0019228","neuronal action potential","7/1700","18/13463",0.388888888888889,3.07977124183007,4.41733340492939,3.35653842477003,0.00452901625074381,0.0351781599509714,0.0351781599509714,"P2RX1/ANK3/SCN9A/KCNA2/SCN2A/NALCN/SCN11A",7
"Down in tumour","GO:0071385","cellular response to glucocorticoid stimulus","12/1700","42/13463",0.285714285714286,2.26268907563025,2.7803317535545,3.11565122411245,0.00458641911768875,0.0352766728193578,0.0352766728193578,"MT-ND3/ASS1/PCK1/ZFP36/PCK2/UGT1A9/FLT3/UGT1A1/ERRFI1/SRD5A1/HMGCS2/UGT1A4",12
"Down in tumour","GO:0014048","regulation of glutamate secretion","5/1700","10/13463",0.5,3.95970588235294,6.93687315634218,3.5592557051224,0.00464126437875181,0.0352766728193578,0.0352766728193578,"KMO/NTSR1/GABBR1/AVPR1A/SLC38A2",5
"Down in tumour","GO:0060322","head development","71/1700","417/13463",0.170263788968825,1.34838905346311,1.43817974075375,2.74735035682848,0.00494366210176415,0.0372067118312511,0.0372067118312511,"MFSD2A/PLXNA4/UGP2/NDRG2/SUN2/TSKU/ATP1B2/PBX1/PRICKLE1/BASP1/CD3E/SHROOM2/GRHL2/DAB1/UNC5C/PCDH9/AMIGO3/PHGDH/ROBO2/NTRK2/SEMA3E/DCT/SSTR1/GRIN2B/FEZ1/NDEL1/FAT4/SLC1A1/PBX4/MYO16/KCNE1/SFRP1/FOS/AVPR1A/RORA/CXCL12/SOX6/LRRK2/KNDC1/SLC38A2/DLL1/EGR2/CDH1/NR4A2/BMP5/TTBK1/PTCHD1/KCNA2/CRISPLD2/ID2/RELN/EOMES/ABAT/AIM2/LPAR1/FGFR2/NRG1/ERBB4/KDM6B/SRD5A2/CNTN4/SRD5A1/KIF26A/MT-ND4/FOXP2/DRD1/GLI2/DSCAML1/SHH/EPHB1/ATF5",71
"Down in tumour","GO:0099565","chemical synaptic transmission, postsynaptic","16/1700","64/13463",0.25,1.97985294117647,2.31888361045131,2.98699777626046,0.00503597126964013,0.0377779864299063,0.0377779864299063,"P2RX5/NTSR1/P2RX1/GRIN2B/BEGAIN/LRRK2/GABRB3/STX1B/CHRNA4/CUX2/ADRB2/RELN/CHRNE/ABAT/TRPV1/TMEM25",16
"Down in tumour","GO:1901699","cellular response to nitrogen compound","82/1700","495/13463",0.165656565656566,1.31190255496138,1.3927755846006,2.68785128499101,0.00558350164897235,0.0414132183497048,0.0414132183497048,"HTR2A/KLF2/SLC39A14/LPIN2/GRB14/PRKCQ/GHR/CYP11A1/GOT1/PNPLA3/ASS1/PLA2G2A/NR4A3/AGTR1/FOXO1/ALAS1/ADCY1/GNA14/SOCS2/IGF1/CPS1/GNAO1/PCK1/LDOC1/SHMT1/CA2/SLC1A2/NDEL1/PRKCB/TNF/SLC1A1/AHSG/A1BG/KCNE1/FBP1/IFIT1/AQP9/PCK2/FOS/GSTM2/INSIG1/IGFBP1/MZB1/CRHBP/LRRK2/GABRB3/CHRNA4/LY6E/CDH1/TAT/SORL1/NR4A2/PRKAR2B/ADRB2/NR1H4/SLC34A1/DRD5/CHRNE/PDK4/ERRFI1/ECHDC3/GCGR/FCGR2B/PDE2A/IGF2/ADCY5/POR/TRPV1/GPLD1/TSHR/GLP2R/SCNN1A/NR4A1/SRD5A1/G6PC1/EGR1/DRD1/HMGCS2/CFTR/NGFR/SLC8A1/CA3",82
"Down in tumour","GO:0006898","receptor-mediated endocytosis","43/1700","232/13463",0.185344827586207,1.46782200811359,1.58915998505618,2.73242664598604,0.00594810991231546,0.0435648423260757,0.0435648423260757,"CCR7/FCHO1/MRC1/LYVE1/GHR/AMN/STAB1/NTF3/MARCO/TAMALIN/C3/TFR2/VTN/RAMP3/HAMP/LDLR/LILRB1/CD14/NECAB2/MAGI2/ASGR1/PLA2R1/CCL21/DLL1/SORL1/FCMR/CLU/ADRB2/STAB2/TF/SIGLEC1/CCL19/APOC3/CD81/LPAR1/FCGR2B/NRG1/CCDC158/LRP1B/CLEC4M/ACE2/APOA5/MRC2",43
"Down in tumour","GO:0007411","axon guidance","31/1700","155/13463",0.2,1.58388235294118,1.74340922708209,2.77942530865454,0.00594925875447278,0.0435648423260757,0.0435648423260757,"NTN4/PLXNA4/PRKCQ/HMCN2/L1CAM/UNC5C/ROBO2/SEMA3E/FEZ1/TENM1/IGSF9/ARK2C/EFNB3/TNR/TENM2/CXCL12/EPHA3/RELN/NCAM1/SEMA6D/EPHB6/DSCAM/CYFIP2/GDNF/LGR6/CNTN4/GLI2/DSCAML1/RET/SHH/EPHB1",31
"Down in tumour","GO:0032612","interleukin-1 production","21/1700","94/13463",0.223404255319149,1.76923028785982,2.00290453384679,2.84505748847872,0.00603272386708078,0.0438276437409686,0.0438276437409686,"CCR7/CCL3/APOA1/SAA1/LILRA5/IGF1/TNF/GBP5/NLRP3/GLTPD2/ORM1/ORM2/NR1H4/MEFV/CCL19/ERRFI1/IL1RAP/AIM2/IGHD/EGR1/LILRA2",21
"Down in tumour","GO:0032652","regulation of interleukin-1 production","21/1700","94/13463",0.223404255319149,1.76923028785982,2.00290453384679,2.84505748847872,0.00603272386708078,0.0438276437409686,0.0438276437409686,"CCR7/CCL3/APOA1/SAA1/LILRA5/IGF1/TNF/GBP5/NLRP3/GLTPD2/ORM1/ORM2/NR1H4/MEFV/CCL19/ERRFI1/IL1RAP/AIM2/IGHD/EGR1/LILRA2",21
"Down in tumour","GO:0015867","ATP transport","7/1700","19/13463",0.368421052631579,2.91767801857585,4.04887773183698,3.17986325352156,0.00639989485902548,0.046131323506528,0.046131323506528,"SLC25A25/CALHM6/ABCC6/SLC25A42/CR1/SLC17A9/ADCY10",7
